Customer ID,Recency,Frequency,Monetary,R Score,F Score,M Score,RFM Score,Customer Segment,Recommendation
12346.0,326,17,-64.67999999999302,2,5,1,251,At Risk,"Launch re-engagement campaigns, targeted discounts, and reminders to bring customers back."
12347.0,3,8,5633.32,5,4,5,545,VIP Customer,"Provide premium offers, loyalty rewards, and personalized recommendations."
12348.0,76,5,2019.4,3,3,4,334,Regular Customer,Use personalized promotions and cross-selling to increase purchase frequency.
12349.0,19,5,4404.54,5,3,5,535,Regular Customer,Use personalized promotions and cross-selling to increase purchase frequency.
12350.0,311,1,334.4,2,1,2,212,Regular Customer,Use personalized promotions and cross-selling to increase purchase frequency.
12351.0,376,1,300.93,2,1,2,212,Regular Customer,Use personalized promotions and cross-selling to increase purchase frequency.
12352.0,37,13,1889.21,4,5,4,454,VIP Customer,"Provide premium offers, loyalty rewards, and personalized recommendations."
12353.0,205,2,406.76,2,2,2,222,Regular Customer,Use personalized promotions and cross-selling to increase purchase frequency.
12354.0,233,1,1079.4,2,1,3,213,Regular Customer,Use personalized promotions and cross-selling to increase purchase frequency.
12355.0,215,2,947.61,2,2,3,223,Regular Customer,Use personalized promotions and cross-selling to increase purchase frequency.
12356.0,23,6,6373.68,4,4,5,445,VIP Customer,"Provide premium offers, loyalty rewards, and personalized recommendations."
12357.0,34,3,18287.66,4,2,5,425,Recent Customer,Send welcome offers and personalized product recommendations to encourage a second purchase.
12358.0,2,5,3887.07,5,3,5,535,Regular Customer,Use personalized promotions and cross-selling to increase purchase frequency.
12359.0,8,14,8714.89,5,5,5,555,VIP Customer,"Provide premium offers, loyalty rewards, and personalized recommendations."
12360.0,53,9,4212.89,4,4,5,445,VIP Customer,"Provide premium offers, loyalty rewards, and personalized recommendations."
12361.0,288,4,511.25,2,3,2,232,At Risk,"Launch re-engagement campaigns, targeted discounts, and reminders to bring customers back."
12362.0,4,14,5284.58,5,5,5,555,VIP Customer,"Provide premium offers, loyalty rewards, and personalized recommendations."
12363.0,110,2,552.0,3,2,2,322,Regular Customer,Use personalized promotions and cross-selling to increase purchase frequency.
12364.0,8,4,1313.1,5,3,4,534,Regular Customer,Use personalized promotions and cross-selling to increase purchase frequency.
12365.0,292,3,320.69,2,2,2,222,Regular Customer,Use personalized promotions and cross-selling to increase purchase frequency.
12366.0,634,1,500.24,1,1,2,112,Regular Customer,Use personalized promotions and cross-selling to increase purchase frequency.
12367.0,5,1,168.9,5,1,1,511,Recent Customer,Send welcome offers and personalized product recommendations to encourage a second purchase.
12368.0,629,1,917.6999999999999,1,1,3,113,Regular Customer,Use personalized promotions and cross-selling to increase purchase frequency.
12369.0,414,3,1791.15,2,2,4,224,Regular Customer,Use personalized promotions and cross-selling to increase purchase frequency.
12370.0,52,7,4320.31,4,4,5,445,VIP Customer,"Provide premium offers, loyalty rewards, and personalized recommendations."
12371.0,45,5,4067.38,4,3,5,435,Regular Customer,Use personalized promotions and cross-selling to increase purchase frequency.
12372.0,72,3,1298.04,3,2,4,324,Regular Customer,Use personalized promotions and cross-selling to increase purchase frequency.
12373.0,312,3,1127.65,2,2,3,223,Regular Customer,Use personalized promotions and cross-selling to increase purchase frequency.
12374.0,26,4,2989.2200000000003,4,3,5,435,Regular Customer,Use personalized promotions and cross-selling to increase purchase frequency.
12375.0,3,3,455.42,5,2,2,522,Recent Customer,Send welcome offers and personalized product recommendations to encourage a second purchase.
12376.0,390,2,503.15,2,2,2,222,Regular Customer,Use personalized promotions and cross-selling to increase purchase frequency.
12377.0,316,4,3426.32,2,3,5,235,At Risk,"Launch re-engagement campaigns, targeted discounts, and reminders to bring customers back."
12378.0,130,2,5416.32,3,2,5,325,Regular Customer,Use personalized promotions and cross-selling to increase purchase frequency.
12379.0,82,5,1618.27,3,3,4,334,Regular Customer,Use personalized promotions and cross-selling to increase purchase frequency.
12380.0,22,15,7888.0,4,5,5,455,VIP Customer,"Provide premium offers, loyalty rewards, and personalized recommendations."
12381.0,5,6,1803.96,5,4,4,544,VIP Customer,"Provide premium offers, loyalty rewards, and personalized recommendations."
12382.0,683,1,-18.38,1,1,1,111,Regular Customer,Use personalized promotions and cross-selling to increase purchase frequency.
12383.0,185,6,1839.31,3,4,4,344,Loyal Customer,"Use loyalty programs, cross-selling, and repeat-purchase offers."
12384.0,29,3,566.16,4,2,2,422,Recent Customer,Send welcome offers and personalized product recommendations to encourage a second purchase.
12385.0,380,2,1923.4,2,2,4,224,Regular Customer,Use personalized promotions and cross-selling to increase purchase frequency.
12386.0,338,2,660.8,2,2,3,223,Regular Customer,Use personalized promotions and cross-selling to increase purchase frequency.
12387.0,416,1,143.94,1,1,1,111,Regular Customer,Use personalized promotions and cross-selling to increase purchase frequency.
12388.0,16,8,3901.11,5,4,5,545,VIP Customer,"Provide premium offers, loyalty rewards, and personalized recommendations."
12389.0,403,3,1433.33,2,2,4,224,Regular Customer,Use personalized promotions and cross-selling to increase purchase frequency.
12390.0,80,1,549.84,3,1,2,312,Regular Customer,Use personalized promotions and cross-selling to increase purchase frequency.
12391.0,22,7,2747.82,4,4,4,444,VIP Customer,"Provide premium offers, loyalty rewards, and personalized recommendations."
12392.0,592,1,234.75000000000003,1,1,1,111,Regular Customer,Use personalized promotions and cross-selling to increase purchase frequency.
12393.0,73,7,2376.75,3,4,4,344,Loyal Customer,"Use loyalty programs, cross-selling, and repeat-purchase offers."
12394.0,64,2,1272.48,3,2,4,324,Regular Customer,Use personalized promotions and cross-selling to increase purchase frequency.
12395.0,16,18,5046.92,5,5,5,555,VIP Customer,"Provide premium offers, loyalty rewards, and personalized recommendations."
12396.0,675,1,931.43,1,1,3,113,Regular Customer,Use personalized promotions and cross-selling to increase purchase frequency.
12397.0,36,2,2409.9,4,2,4,424,Recent Customer,Send welcome offers and personalized product recommendations to encourage a second purchase.
12398.0,46,1,1635.6599999999999,4,1,4,414,Recent Customer,Send welcome offers and personalized product recommendations to encourage a second purchase.
12399.0,120,7,1962.3,3,4,4,344,Loyal Customer,"Use loyalty programs, cross-selling, and repeat-purchase offers."
12400.0,415,1,205.25,1,1,1,111,Regular Customer,Use personalized promotions and cross-selling to increase purchase frequency.
12401.0,304,1,84.3,2,1,1,211,Regular Customer,Use personalized promotions and cross-selling to increase purchase frequency.
12402.0,324,7,1244.15,2,4,4,244,At Risk,"Launch re-engagement campaigns, targeted discounts, and reminders to bring customers back."
12403.0,50,3,1001.36,4,2,3,423,Recent Customer,Send welcome offers and personalized product recommendations to encourage a second purchase.
12404.0,683,1,63.24,1,1,1,111,Regular Customer,Use personalized promotions and cross-selling to increase purchase frequency.
12405.0,149,1,1710.39,3,1,4,314,Regular Customer,Use personalized promotions and cross-selling to increase purchase frequency.
12406.0,23,7,6072.21,4,4,5,445,VIP Customer,"Provide premium offers, loyalty rewards, and personalized recommendations."
12407.0,50,5,1708.1200000000001,4,3,4,434,Regular Customer,Use personalized promotions and cross-selling to increase purchase frequency.
12408.0,33,14,4279.64,4,5,5,455,VIP Customer,"Provide premium offers, loyalty rewards, and personalized recommendations."
12409.0,79,13,23090.47,3,5,5,355,Loyal Customer,"Use loyalty programs, cross-selling, and repeat-purchase offers."
12410.0,302,4,1001.46,2,3,3,233,At Risk,"Launch re-engagement campaigns, targeted discounts, and reminders to bring customers back."
12411.0,410,1,346.9,2,1,2,212,Regular Customer,Use personalized promotions and cross-selling to increase purchase frequency.
12412.0,75,8,2581.03,3,4,4,344,Loyal Customer,"Use loyalty programs, cross-selling, and repeat-purchase offers."
12413.0,67,6,935.5,3,4,3,343,Loyal Customer,"Use loyalty programs, cross-selling, and repeat-purchase offers."
12414.0,218,8,692.41,2,4,3,243,At Risk,"Launch re-engagement campaigns, targeted discounts, and reminders to bring customers back."
12415.0,25,33,143269.29,4,5,5,455,VIP Customer,"Provide premium offers, loyalty rewards, and personalized recommendations."
12416.0,657,1,202.56,1,1,1,111,Regular Customer,Use personalized promotions and cross-selling to increase purchase frequency.
12417.0,4,27,6708.21,5,5,5,555,VIP Customer,"Provide premium offers, loyalty rewards, and personalized recommendations."
12418.0,113,5,2016.95,3,3,4,334,Regular Customer,Use personalized promotions and cross-selling to increase purchase frequency.
12419.0,386,2,503.01,2,2,2,222,Regular Customer,Use personalized promotions and cross-selling to increase purchase frequency.
12420.0,64,1,600.39,3,1,3,313,Regular Customer,Use personalized promotions and cross-selling to increase purchase frequency.
12421.0,16,8,1092.83,5,4,3,543,Loyal Customer,"Use loyalty programs, cross-selling, and repeat-purchase offers."
12422.0,96,21,4119.35,3,5,5,355,Loyal Customer,"Use loyalty programs, cross-selling, and repeat-purchase offers."
12423.0,1,11,2612.19,5,5,4,554,VIP Customer,"Provide premium offers, loyalty rewards, and personalized recommendations."
12424.0,163,7,3289.78,3,4,5,345,Loyal Customer,"Use loyalty programs, cross-selling, and repeat-purchase offers."
12425.0,79,3,1680.81,3,2,4,324,Regular Customer,Use personalized promotions and cross-selling to increase purchase frequency.
12426.0,195,3,1311.41,2,2,4,224,Regular Customer,Use personalized promotions and cross-selling to increase purchase frequency.
12427.0,12,5,1011.87,5,3,3,533,Regular Customer,Use personalized promotions and cross-selling to increase purchase frequency.
12428.0,26,12,7877.2,4,5,5,455,VIP Customer,"Provide premium offers, loyalty rewards, and personalized recommendations."
12429.0,10,9,7435.51,5,4,5,545,VIP Customer,"Provide premium offers, loyalty rewards, and personalized recommendations."
12430.0,44,1,256.4,4,1,1,411,Recent Customer,Send welcome offers and personalized product recommendations to encourage a second purchase.
12431.0,36,33,10719.41,4,5,5,455,VIP Customer,"Provide premium offers, loyalty rewards, and personalized recommendations."
12432.0,43,5,5059.32,4,3,5,435,Regular Customer,Use personalized promotions and cross-selling to increase purchase frequency.
12433.0,1,11,20428.86,5,5,5,555,VIP Customer,"Provide premium offers, loyalty rewards, and personalized recommendations."
12434.0,85,5,1062.48,3,3,3,333,Regular Customer,Use personalized promotions and cross-selling to increase purchase frequency.
12435.0,80,6,13925.93,3,4,5,345,Loyal Customer,"Use loyalty programs, cross-selling, and repeat-purchase offers."
12436.0,100,1,509.01,3,1,2,312,Regular Customer,Use personalized promotions and cross-selling to increase purchase frequency.
12437.0,2,47,12394.85,5,5,5,555,VIP Customer,"Provide premium offers, loyalty rewards, and personalized recommendations."
12438.0,15,2,2906.85,5,2,5,525,Recent Customer,Send welcome offers and personalized product recommendations to encourage a second purchase.
12439.0,683,3,1104.48,1,2,3,123,Regular Customer,Use personalized promotions and cross-selling to increase purchase frequency.
12440.0,458,3,768.15,1,2,3,123,Regular Customer,Use personalized promotions and cross-selling to increase purchase frequency.
12441.0,367,1,347.1,2,1,2,212,Regular Customer,Use personalized promotions and cross-selling to increase purchase frequency.
12442.0,4,1,172.06,5,1,1,511,Recent Customer,Send welcome offers and personalized product recommendations to encourage a second purchase.
12443.0,733,1,485.31,1,1,2,112,Regular Customer,Use personalized promotions and cross-selling to increase purchase frequency.
12444.0,22,5,5005.46,4,3,5,435,Regular Customer,Use personalized promotions and cross-selling to increase purchase frequency.
12445.0,23,3,426.48,4,2,2,422,Recent Customer,Send welcome offers and personalized product recommendations to encourage a second purchase.
12446.0,58,1,1002.3100000000001,4,1,3,413,Recent Customer,Send welcome offers and personalized product recommendations to encourage a second purchase.
12447.0,244,1,476.49,2,1,2,212,Regular Customer,Use personalized promotions and cross-selling to increase purchase frequency.
12448.0,45,1,449.45,4,1,2,412,Recent Customer,Send welcome offers and personalized product recommendations to encourage a second purchase.
12449.0,23,6,4835.89,4,4,5,445,VIP Customer,"Provide premium offers, loyalty rewards, and personalized recommendations."
12450.0,157,7,666.95,3,4,3,343,Loyal Customer,"Use loyalty programs, cross-selling, and repeat-purchase offers."
12451.0,11,10,12546.53,5,4,5,545,VIP Customer,"Provide premium offers, loyalty rewards, and personalized recommendations."
12452.0,17,3,428.57,5,2,2,522,Recent Customer,Send welcome offers and personalized product recommendations to encourage a second purchase.
12453.0,135,1,707.09,3,1,3,313,Regular Customer,Use personalized promotions and cross-selling to increase purchase frequency.
12454.0,54,9,4292.71,4,4,5,445,VIP Customer,"Provide premium offers, loyalty rewards, and personalized recommendations."
12455.0,74,10,5879.95,3,4,5,345,Loyal Customer,"Use loyalty programs, cross-selling, and repeat-purchase offers."
12456.0,45,4,3153.89,4,3,5,435,Regular Customer,Use personalized promotions and cross-selling to increase purchase frequency.
12457.0,59,14,2472.31,4,5,4,454,VIP Customer,"Provide premium offers, loyalty rewards, and personalized recommendations."
12458.0,72,4,1777.49,3,3,4,334,Regular Customer,Use personalized promotions and cross-selling to increase purchase frequency.
12459.0,606,1,454.36,1,1,2,112,Regular Customer,Use personalized promotions and cross-selling to increase purchase frequency.
12460.0,457,1,326.65,1,1,2,112,Regular Customer,Use personalized promotions and cross-selling to increase purchase frequency.
12461.0,95,2,826.88,3,2,3,323,Regular Customer,Use personalized promotions and cross-selling to increase purchase frequency.
12462.0,3,4,1124.01,5,3,3,533,Regular Customer,Use personalized promotions and cross-selling to increase purchase frequency.
12463.0,47,7,1303.63,4,4,4,444,VIP Customer,"Provide premium offers, loyalty rewards, and personalized recommendations."
12464.0,11,8,1212.05,5,4,4,544,VIP Customer,"Provide premium offers, loyalty rewards, and personalized recommendations."
12465.0,8,3,733.89,5,2,3,523,Recent Customer,Send welcome offers and personalized product recommendations to encourage a second purchase.
12466.0,683,1,56.73,1,1,1,111,Regular Customer,Use personalized promotions and cross-selling to increase purchase frequency.
12467.0,387,2,0.0,2,2,1,221,Regular Customer,Use personalized promotions and cross-selling to increase purchase frequency.
12468.0,144,10,3624.55,3,4,5,345,Loyal Customer,"Use loyalty programs, cross-selling, and repeat-purchase offers."
12469.0,523,2,3070.54,1,2,5,125,Regular Customer,Use personalized promotions and cross-selling to increase purchase frequency.
12470.0,690,1,211.95,1,1,1,111,Regular Customer,Use personalized promotions and cross-selling to increase purchase frequency.
12471.0,3,129,37948.61,5,5,5,555,VIP Customer,"Provide premium offers, loyalty rewards, and personalized recommendations."
12472.0,31,37,16956.69,4,5,5,455,VIP Customer,"Provide premium offers, loyalty rewards, and personalized recommendations."
12473.0,30,9,2848.23,4,4,4,444,VIP Customer,"Provide premium offers, loyalty rewards, and personalized recommendations."
12474.0,18,54,11966.45,5,5,5,555,VIP Customer,"Provide premium offers, loyalty rewards, and personalized recommendations."
12475.0,54,2,1149.64,4,2,3,423,Recent Customer,Send welcome offers and personalized product recommendations to encourage a second purchase.
12476.0,2,38,13715.62,5,5,5,555,VIP Customer,"Provide premium offers, loyalty rewards, and personalized recommendations."
12477.0,23,12,20173.64,4,5,5,455,VIP Customer,"Provide premium offers, loyalty rewards, and personalized recommendations."
12478.0,4,1,680.99,5,1,3,513,Recent Customer,Send welcome offers and personalized product recommendations to encourage a second purchase.
12479.0,4,3,477.3,5,2,2,522,Recent Customer,Send welcome offers and personalized product recommendations to encourage a second purchase.
12480.0,29,8,5435.1,4,4,5,445,VIP Customer,"Provide premium offers, loyalty rewards, and personalized recommendations."
12481.0,23,18,12217.03,4,5,5,455,VIP Customer,"Provide premium offers, loyalty rewards, and personalized recommendations."
12482.0,450,32,21893.53,1,5,5,155,At Risk,"Launch re-engagement campaigns, targeted discounts, and reminders to bring customers back."
12483.0,18,27,4846.87,5,5,5,555,VIP Customer,"Provide premium offers, loyalty rewards, and personalized recommendations."
12484.0,33,16,6303.85,4,5,5,455,VIP Customer,"Provide premium offers, loyalty rewards, and personalized recommendations."
12485.0,530,1,708.1,1,1,3,113,Regular Customer,Use personalized promotions and cross-selling to increase purchase frequency.
12486.0,432,1,1037.28,1,1,3,113,Regular Customer,Use personalized promotions and cross-selling to increase purchase frequency.
12487.0,731,2,259.79999999999995,1,2,2,122,Regular Customer,Use personalized promotions and cross-selling to increase purchase frequency.
12488.0,10,3,1298.66,5,2,4,524,Recent Customer,Send welcome offers and personalized product recommendations to encourage a second purchase.
12489.0,337,1,334.93,2,1,2,212,Regular Customer,Use personalized promotions and cross-selling to increase purchase frequency.
12490.0,6,22,9818.64,5,5,5,555,VIP Customer,"Provide premium offers, loyalty rewards, and personalized recommendations."
12491.0,39,1,460.40000000000003,4,1,2,412,Recent Customer,Send welcome offers and personalized product recommendations to encourage a second purchase.
12492.0,64,3,715.21,3,2,3,323,Regular Customer,Use personalized promotions and cross-selling to increase purchase frequency.
12493.0,166,3,416.79,3,2,2,322,Regular Customer,Use personalized promotions and cross-selling to increase purchase frequency.
12494.0,10,17,1743.52,5,5,4,554,VIP Customer,"Provide premium offers, loyalty rewards, and personalized recommendations."
12495.0,635,2,323.4,1,2,2,122,Regular Customer,Use personalized promotions and cross-selling to increase purchase frequency.
12496.0,621,2,54.09,1,2,1,121,Regular Customer,Use personalized promotions and cross-selling to increase purchase frequency.
12497.0,82,4,6211.75,3,3,5,335,Regular Customer,Use personalized promotions and cross-selling to increase purchase frequency.
12498.0,22,3,403.70000000000005,4,2,2,422,Recent Customer,Send welcome offers and personalized product recommendations to encourage a second purchase.
12499.0,561,1,393.72,1,1,2,112,Regular Customer,Use personalized promotions and cross-selling to increase purchase frequency.
12500.0,24,25,5872.31,4,5,5,455,VIP Customer,"Provide premium offers, loyalty rewards, and personalized recommendations."
12501.0,316,2,2089.68,2,2,4,224,Regular Customer,Use personalized promotions and cross-selling to increase purchase frequency.
12502.0,96,5,3723.87,3,3,5,335,Regular Customer,Use personalized promotions and cross-selling to increase purchase frequency.
12503.0,338,2,0.0,2,2,1,221,Regular Customer,Use personalized promotions and cross-selling to increase purchase frequency.
12504.0,19,6,411.0,5,4,2,542,Loyal Customer,"Use loyalty programs, cross-selling, and repeat-purchase offers."
12505.0,302,3,908.0,2,2,3,223,Regular Customer,Use personalized promotions and cross-selling to increase purchase frequency.
12506.0,233,1,73.5,2,1,1,211,Regular Customer,Use personalized promotions and cross-selling to increase purchase frequency.
12507.0,135,5,1797.31,3,3,4,334,Regular Customer,Use personalized promotions and cross-selling to increase purchase frequency.
12508.0,27,2,398.27,4,2,2,422,Recent Customer,Send welcome offers and personalized product recommendations to encourage a second purchase.
12509.0,285,1,176.5,2,1,1,211,Regular Customer,Use personalized promotions and cross-selling to increase purchase frequency.
12510.0,143,16,3689.33,3,5,5,355,Loyal Customer,"Use loyalty programs, cross-selling, and repeat-purchase offers."
12511.0,415,2,3065.77,1,2,5,125,Regular Customer,Use personalized promotions and cross-selling to increase purchase frequency.
12512.0,67,2,138.03,3,2,1,321,Regular Customer,Use personalized promotions and cross-selling to increase purchase frequency.
12513.0,85,2,586.79,3,2,3,323,Regular Customer,Use personalized promotions and cross-selling to increase purchase frequency.
12514.0,268,2,1597.76,2,2,4,224,Regular Customer,Use personalized promotions and cross-selling to increase purchase frequency.
12515.0,354,1,383.7,2,1,2,212,Regular Customer,Use personalized promotions and cross-selling to increase purchase frequency.
12516.0,78,4,2648.62,3,3,4,334,Regular Customer,Use personalized promotions and cross-selling to increase purchase frequency.
12517.0,29,6,2464.89,4,4,4,444,VIP Customer,"Provide premium offers, loyalty rewards, and personalized recommendations."
12518.0,1,5,2056.89,5,3,4,534,Regular Customer,Use personalized promotions and cross-selling to increase purchase frequency.
12519.0,64,3,695.19,3,2,3,323,Regular Customer,Use personalized promotions and cross-selling to increase purchase frequency.
12520.0,80,6,2582.51,3,4,4,344,Loyal Customer,"Use loyalty programs, cross-selling, and repeat-purchase offers."
12521.0,143,1,599.68,3,1,3,313,Regular Customer,Use personalized promotions and cross-selling to increase purchase frequency.
12522.0,40,2,192.72,4,2,1,421,Recent Customer,Send welcome offers and personalized product recommendations to encourage a second purchase.
12523.0,2,30,4220.85,5,5,5,555,VIP Customer,"Provide premium offers, loyalty rewards, and personalized recommendations."
12524.0,10,18,11091.36,5,5,5,555,VIP Customer,"Provide premium offers, loyalty rewards, and personalized recommendations."
12525.0,492,8,835.1800000000001,1,4,3,143,At Risk,"Launch re-engagement campaigns, targeted discounts, and reminders to bring customers back."
12526.0,1,3,1316.66,5,2,4,524,Recent Customer,Send welcome offers and personalized product recommendations to encourage a second purchase.
12527.0,82,5,735.51,3,3,3,333,Regular Customer,Use personalized promotions and cross-selling to increase purchase frequency.
12528.0,10,8,1922.28,5,4,4,544,VIP Customer,"Provide premium offers, loyalty rewards, and personalized recommendations."
12529.0,523,2,311.78000000000003,1,2,2,122,Regular Customer,Use personalized promotions and cross-selling to increase purchase frequency.
12530.0,60,12,3689.86,3,5,5,355,Loyal Customer,"Use loyalty programs, cross-selling, and repeat-purchase offers."
12531.0,15,3,1899.05,5,2,4,524,Recent Customer,Send welcome offers and personalized product recommendations to encourage a second purchase.
12532.0,31,1,349.83000000000004,4,1,2,412,Recent Customer,Send welcome offers and personalized product recommendations to encourage a second purchase.
12533.0,619,6,1149.99,1,4,3,143,At Risk,"Launch re-engagement campaigns, targeted discounts, and reminders to bring customers back."
12534.0,131,1,1089.18,3,1,3,313,Regular Customer,Use personalized promotions and cross-selling to increase purchase frequency.
12535.0,92,2,716.35,3,2,3,323,Regular Customer,Use personalized promotions and cross-selling to increase purchase frequency.
12536.0,8,5,4106.82,5,3,5,535,Regular Customer,Use personalized promotions and cross-selling to increase purchase frequency.
12537.0,409,1,732.94,2,1,3,213,Regular Customer,Use personalized promotions and cross-selling to increase purchase frequency.
12538.0,30,2,640.45,4,2,3,423,Recent Customer,Send welcome offers and personalized product recommendations to encourage a second purchase.
12539.0,23,8,9498.9,4,4,5,445,VIP Customer,"Provide premium offers, loyalty rewards, and personalized recommendations."
12540.0,20,36,22107.29,4,5,5,455,VIP Customer,"Provide premium offers, loyalty rewards, and personalized recommendations."
12541.0,30,3,981.18,4,2,3,423,Recent Customer,Send welcome offers and personalized product recommendations to encourage a second purchase.
12542.0,485,4,423.38,1,3,2,132,At Risk,"Launch re-engagement campaigns, targeted discounts, and reminders to bring customers back."
12543.0,449,1,980.25,1,1,3,113,Regular Customer,Use personalized promotions and cross-selling to increase purchase frequency.
12544.0,30,2,355.7,4,2,2,422,Recent Customer,Send welcome offers and personalized product recommendations to encourage a second purchase.
12545.0,76,2,1000.39,3,2,3,323,Regular Customer,Use personalized promotions and cross-selling to increase purchase frequency.
12546.0,47,3,1141.5,4,2,3,423,Recent Customer,Send welcome offers and personalized product recommendations to encourage a second purchase.
12547.0,198,3,383.58,2,2,2,222,Regular Customer,Use personalized promotions and cross-selling to increase purchase frequency.
12548.0,167,1,95.19999999999999,3,1,1,311,Regular Customer,Use personalized promotions and cross-selling to increase purchase frequency.
12549.0,576,6,1575.68,1,4,4,144,At Risk,"Launch re-engagement campaigns, targeted discounts, and reminders to bring customers back."
12550.0,80,1,964.83,3,1,3,313,Regular Customer,Use personalized promotions and cross-selling to increase purchase frequency.
12551.0,358,1,168.0,2,1,1,211,Regular Customer,Use personalized promotions and cross-selling to increase purchase frequency.
12552.0,39,2,437.82,4,2,2,422,Recent Customer,Send welcome offers and personalized product recommendations to encourage a second purchase.
12553.0,9,17,4548.82,5,5,5,555,VIP Customer,"Provide premium offers, loyalty rewards, and personalized recommendations."
12554.0,449,1,468.5,1,1,2,112,Regular Customer,Use personalized promotions and cross-selling to increase purchase frequency.
12555.0,683,1,129.23,1,1,1,111,Regular Customer,Use personalized promotions and cross-selling to increase purchase frequency.
12556.0,51,2,603.71,4,2,3,423,Recent Customer,Send welcome offers and personalized product recommendations to encourage a second purchase.
12557.0,17,8,18716.14,5,4,5,545,VIP Customer,"Provide premium offers, loyalty rewards, and personalized recommendations."
12558.0,2,2,1.0658141036401503e-14,5,2,1,521,Recent Customer,Send welcome offers and personalized product recommendations to encourage a second purchase.
12559.0,311,3,536.21,2,2,2,222,Regular Customer,Use personalized promotions and cross-selling to increase purchase frequency.
12560.0,6,4,2101.39,5,3,4,534,Regular Customer,Use personalized promotions and cross-selling to increase purchase frequency.
12561.0,303,1,238.85,2,1,1,211,Regular Customer,Use personalized promotions and cross-selling to increase purchase frequency.
12562.0,9,9,4966.92,5,4,5,545,VIP Customer,"Provide premium offers, loyalty rewards, and personalized recommendations."
12563.0,409,1,249.24,2,1,1,211,Regular Customer,Use personalized promotions and cross-selling to increase purchase frequency.
12564.0,262,1,456.9,2,1,2,212,Regular Customer,Use personalized promotions and cross-selling to increase purchase frequency.
12565.0,282,2,131.17,2,2,1,221,Regular Customer,Use personalized promotions and cross-selling to increase purchase frequency.
12566.0,73,2,346.7,3,2,2,322,Regular Customer,Use personalized promotions and cross-selling to increase purchase frequency.
12567.0,23,17,13393.82,4,5,5,455,VIP Customer,"Provide premium offers, loyalty rewards, and personalized recommendations."
12568.0,645,1,70.0,1,1,1,111,Regular Customer,Use personalized promotions and cross-selling to increase purchase frequency.
12569.0,3,35,4064.9900000000002,5,5,5,555,VIP Customer,"Provide premium offers, loyalty rewards, and personalized recommendations."
12570.0,683,1,77.52,1,1,1,111,Regular Customer,Use personalized promotions and cross-selling to increase purchase frequency.
12571.0,40,2,519.61,4,2,2,422,Recent Customer,Send welcome offers and personalized product recommendations to encourage a second purchase.
12572.0,9,3,1004.72,5,2,3,523,Recent Customer,Send welcome offers and personalized product recommendations to encourage a second purchase.
12573.0,228,5,717.41,2,3,3,233,At Risk,"Launch re-engagement campaigns, targeted discounts, and reminders to bring customers back."
12574.0,316,1,218.45,2,1,1,211,Regular Customer,Use personalized promotions and cross-selling to increase purchase frequency.
12575.0,458,2,622.8199999999999,1,2,3,123,Regular Customer,Use personalized promotions and cross-selling to increase purchase frequency.
12576.0,36,11,2083.87,4,5,4,454,VIP Customer,"Provide premium offers, loyalty rewards, and personalized recommendations."
12577.0,36,9,1591.35,4,4,4,444,VIP Customer,"Provide premium offers, loyalty rewards, and personalized recommendations."
12578.0,22,7,4572.45,4,4,5,445,VIP Customer,"Provide premium offers, loyalty rewards, and personalized recommendations."
12579.0,74,3,410.72,3,2,2,322,Regular Customer,Use personalized promotions and cross-selling to increase purchase frequency.
12580.0,247,2,1052.9,2,2,3,223,Regular Customer,Use personalized promotions and cross-selling to increase purchase frequency.
12581.0,40,1,197.71,4,1,1,411,Recent Customer,Send welcome offers and personalized product recommendations to encourage a second purchase.
12582.0,239,4,1980.4,2,3,4,234,At Risk,"Launch re-engagement campaigns, targeted discounts, and reminders to bring customers back."
12583.0,3,31,14344.9,5,5,5,555,VIP Customer,"Provide premium offers, loyalty rewards, and personalized recommendations."
12584.0,4,18,1893.95,5,5,4,554,VIP Customer,"Provide premium offers, loyalty rewards, and personalized recommendations."
12585.0,235,4,1982.81,2,3,4,234,At Risk,"Launch re-engagement campaigns, targeted discounts, and reminders to bring customers back."
12586.0,18,5,2028.67,5,3,4,534,Regular Customer,Use personalized promotions and cross-selling to increase purchase frequency.
12587.0,8,1,144.0,5,1,1,511,Recent Customer,Send welcome offers and personalized product recommendations to encourage a second purchase.
12588.0,40,5,938.98,4,3,3,433,Regular Customer,Use personalized promotions and cross-selling to increase purchase frequency.
12589.0,29,11,3094.17,4,5,5,455,VIP Customer,"Provide premium offers, loyalty rewards, and personalized recommendations."
12590.0,191,5,9853.48,3,3,5,335,Regular Customer,Use personalized promotions and cross-selling to increase purchase frequency.
12591.0,318,3,1352.15,2,2,4,224,Regular Customer,Use personalized promotions and cross-selling to increase purchase frequency.
12592.0,93,8,1152.62,3,4,3,343,Loyal Customer,"Use loyalty programs, cross-selling, and repeat-purchase offers."
12593.0,109,3,418.09999999999997,3,2,2,322,Regular Customer,Use personalized promotions and cross-selling to increase purchase frequency.
12594.0,38,17,5044.51,4,5,5,455,VIP Customer,"Provide premium offers, loyalty rewards, and personalized recommendations."
12595.0,505,1,299.02,1,1,2,112,Regular Customer,Use personalized promotions and cross-selling to increase purchase frequency.
12596.0,52,2,618.27,4,2,3,423,Recent Customer,Send welcome offers and personalized product recommendations to encourage a second purchase.
12597.0,20,5,3683.13,4,3,5,435,Regular Customer,Use personalized promotions and cross-selling to increase purchase frequency.
12598.0,10,15,4414.67,5,5,5,555,VIP Customer,"Provide premium offers, loyalty rewards, and personalized recommendations."
12599.0,30,13,2296.72,4,5,4,454,VIP Customer,"Provide premium offers, loyalty rewards, and personalized recommendations."
12600.0,29,26,4955.79,4,5,5,455,VIP Customer,"Provide premium offers, loyalty rewards, and personalized recommendations."
12601.0,190,7,673.76,3,4,3,343,Loyal Customer,"Use loyalty programs, cross-selling, and repeat-purchase offers."
12602.0,59,1,153.12,4,1,1,411,Recent Customer,Send welcome offers and personalized product recommendations to encourage a second purchase.
12603.0,22,1,739.1999999999999,4,1,3,413,Recent Customer,Send welcome offers and personalized product recommendations to encourage a second purchase.
12604.0,80,2,254.18,3,2,1,321,Regular Customer,Use personalized promotions and cross-selling to increase purchase frequency.
12605.0,366,5,1217.95,2,3,4,234,At Risk,"Launch re-engagement campaigns, targeted discounts, and reminders to bring customers back."
12606.0,683,1,21.0,1,1,1,111,Regular Customer,Use personalized promotions and cross-selling to increase purchase frequency.
12607.0,59,2,3.552713678800501e-15,4,2,1,421,Recent Customer,Send welcome offers and personalized product recommendations to encourage a second purchase.
12608.0,405,1,415.79,2,1,2,212,Regular Customer,Use personalized promotions and cross-selling to increase purchase frequency.
12609.0,79,10,3417.86,3,4,5,345,Loyal Customer,"Use loyalty programs, cross-selling, and repeat-purchase offers."
12610.0,23,7,2057.99,4,4,4,444,VIP Customer,"Provide premium offers, loyalty rewards, and personalized recommendations."
12611.0,53,1,1193.32,4,1,4,414,Recent Customer,Send welcome offers and personalized product recommendations to encourage a second purchase.
12612.0,58,2,643.59,4,2,3,423,Recent Customer,Send welcome offers and personalized product recommendations to encourage a second purchase.
12613.0,32,13,6591.52,4,5,5,455,VIP Customer,"Provide premium offers, loyalty rewards, and personalized recommendations."
12614.0,278,1,315.6,2,1,2,212,Regular Customer,Use personalized promotions and cross-selling to increase purchase frequency.
12615.0,3,11,5564.88,5,5,5,555,VIP Customer,"Provide premium offers, loyalty rewards, and personalized recommendations."
12616.0,86,7,1045.35,3,4,3,343,Loyal Customer,"Use loyalty programs, cross-selling, and repeat-purchase offers."
12617.0,30,1,355.53,4,1,2,412,Recent Customer,Send welcome offers and personalized product recommendations to encourage a second purchase.
12618.0,22,1,177.31,4,1,1,411,Recent Customer,Send welcome offers and personalized product recommendations to encourage a second purchase.
12619.0,17,14,3354.95,5,5,5,555,VIP Customer,"Provide premium offers, loyalty rewards, and personalized recommendations."
12620.0,15,3,1339.41,5,2,4,524,Recent Customer,Send welcome offers and personalized product recommendations to encourage a second purchase.
12621.0,2,44,24579.31,5,5,5,555,VIP Customer,"Provide premium offers, loyalty rewards, and personalized recommendations."
12622.0,233,1,180.1,2,1,1,211,Regular Customer,Use personalized promotions and cross-selling to increase purchase frequency.
12623.0,277,9,3639.84,2,4,5,245,At Risk,"Launch re-engagement campaigns, targeted discounts, and reminders to bring customers back."
12624.0,107,2,641.13,3,2,3,323,Regular Customer,Use personalized promotions and cross-selling to increase purchase frequency.
12625.0,212,5,5095.38,2,3,5,235,At Risk,"Launch re-engagement campaigns, targeted discounts, and reminders to bring customers back."
12626.0,24,13,6388.35,4,5,5,455,VIP Customer,"Provide premium offers, loyalty rewards, and personalized recommendations."
12627.0,11,7,4478.53,5,4,5,545,VIP Customer,"Provide premium offers, loyalty rewards, and personalized recommendations."
12628.0,5,4,769.61,5,3,3,533,Regular Customer,Use personalized promotions and cross-selling to increase purchase frequency.
12629.0,386,2,1558.22,2,2,4,224,Regular Customer,Use personalized promotions and cross-selling to increase purchase frequency.
12630.0,10,2,1270.88,5,2,4,524,Recent Customer,Send welcome offers and personalized product recommendations to encourage a second purchase.
12631.0,58,7,3452.27,4,4,5,445,VIP Customer,"Provide premium offers, loyalty rewards, and personalized recommendations."
12632.0,521,4,738.88,1,3,3,133,At Risk,"Launch re-engagement campaigns, targeted discounts, and reminders to bring customers back."
12633.0,59,10,5595.21,4,4,5,445,VIP Customer,"Provide premium offers, loyalty rewards, and personalized recommendations."
12634.0,536,2,490.0,1,2,2,122,Regular Customer,Use personalized promotions and cross-selling to increase purchase frequency.
12635.0,90,4,2930.41,3,3,5,335,Regular Customer,Use personalized promotions and cross-selling to increase purchase frequency.
12636.0,739,1,141.0,1,1,1,111,Regular Customer,Use personalized promotions and cross-selling to increase purchase frequency.
12637.0,68,14,8271.66,3,5,5,355,Loyal Customer,"Use loyalty programs, cross-selling, and repeat-purchase offers."
12638.0,34,2,921.49,4,2,3,423,Recent Customer,Send welcome offers and personalized product recommendations to encourage a second purchase.
12639.0,239,3,1312.37,2,2,4,224,Regular Customer,Use personalized promotions and cross-selling to increase purchase frequency.
12640.0,24,3,1174.58,4,2,3,423,Recent Customer,Send welcome offers and personalized product recommendations to encourage a second purchase.
12641.0,116,1,185.9,3,1,1,311,Regular Customer,Use personalized promotions and cross-selling to increase purchase frequency.
12642.0,26,3,1013.26,4,2,3,423,Recent Customer,Send welcome offers and personalized product recommendations to encourage a second purchase.
12643.0,129,14,7880.9,3,5,5,355,Loyal Customer,"Use loyalty programs, cross-selling, and repeat-purchase offers."
12644.0,130,6,1815.54,3,4,4,344,Loyal Customer,"Use loyalty programs, cross-selling, and repeat-purchase offers."
12645.0,34,10,3499.1,4,4,5,445,VIP Customer,"Provide premium offers, loyalty rewards, and personalized recommendations."
12646.0,5,2,1346.97,5,2,4,524,Recent Customer,Send welcome offers and personalized product recommendations to encourage a second purchase.
12647.0,23,45,17682.79,4,5,5,455,VIP Customer,"Provide premium offers, loyalty rewards, and personalized recommendations."
12648.0,155,5,1097.0,3,3,3,333,Regular Customer,Use personalized promotions and cross-selling to increase purchase frequency.
12649.0,108,10,2238.7,3,4,4,344,Loyal Customer,"Use loyalty programs, cross-selling, and repeat-purchase offers."
12650.0,4,1,314.44,5,1,2,512,Recent Customer,Send welcome offers and personalized product recommendations to encourage a second purchase.
12651.0,335,5,365.3,2,3,2,232,At Risk,"Launch re-engagement campaigns, targeted discounts, and reminders to bring customers back."
12652.0,323,3,1011.58,2,2,3,223,Regular Customer,Use personalized promotions and cross-selling to increase purchase frequency.
12653.0,149,3,4160.83,3,2,5,325,Regular Customer,Use personalized promotions and cross-selling to increase purchase frequency.
12654.0,11,5,601.98,5,3,3,533,Regular Customer,Use personalized promotions and cross-selling to increase purchase frequency.
12655.0,424,1,261.35,1,1,2,112,Regular Customer,Use personalized promotions and cross-selling to increase purchase frequency.
12656.0,18,12,6320.78,5,5,5,555,VIP Customer,"Provide premium offers, loyalty rewards, and personalized recommendations."
12657.0,12,5,1152.06,5,3,3,533,Regular Customer,Use personalized promotions and cross-selling to increase purchase frequency.
12658.0,19,1,686.05,5,1,3,513,Recent Customer,Send welcome offers and personalized product recommendations to encourage a second purchase.
12659.0,30,1,91.68,4,1,1,411,Recent Customer,Send welcome offers and personalized product recommendations to encourage a second purchase.
12660.0,12,1,245.1,5,1,1,511,Recent Customer,Send welcome offers and personalized product recommendations to encourage a second purchase.
12661.0,437,1,162.0,1,1,1,111,Regular Customer,Use personalized promotions and cross-selling to increase purchase frequency.
12662.0,1,22,6949.17,5,5,5,555,VIP Customer,"Provide premium offers, loyalty rewards, and personalized recommendations."
12663.0,625,3,204.0,1,2,1,121,Regular Customer,Use personalized promotions and cross-selling to increase purchase frequency.
12664.0,9,12,6052.04,5,5,5,555,VIP Customer,"Provide premium offers, loyalty rewards, and personalized recommendations."
12665.0,325,5,301.45,2,3,2,232,At Risk,"Launch re-engagement campaigns, targeted discounts, and reminders to bring customers back."
12666.0,360,2,1020.98,2,2,3,223,Regular Customer,Use personalized promotions and cross-selling to increase purchase frequency.
12667.0,59,1,620.13,4,1,3,413,Recent Customer,Send welcome offers and personalized product recommendations to encourage a second purchase.
12668.0,8,12,11380.710000000001,5,5,5,555,VIP Customer,"Provide premium offers, loyalty rewards, and personalized recommendations."
12669.0,151,4,1607.73,3,3,4,334,Regular Customer,Use personalized promotions and cross-selling to increase purchase frequency.
12670.0,11,8,3750.39,5,4,5,545,VIP Customer,"Provide premium offers, loyalty rewards, and personalized recommendations."
12671.0,607,1,2622.481,1,1,4,114,Regular Customer,Use personalized promotions and cross-selling to increase purchase frequency.
12672.0,330,3,410.5,2,2,2,222,Regular Customer,Use personalized promotions and cross-selling to increase purchase frequency.
12673.0,6,3,1230.02,5,3,4,534,Regular Customer,Use personalized promotions and cross-selling to increase purchase frequency.
12674.0,12,7,1919.31,5,4,4,544,VIP Customer,"Provide premium offers, loyalty rewards, and personalized recommendations."
12675.0,554,4,934.8,1,3,3,133,At Risk,"Launch re-engagement campaigns, targeted discounts, and reminders to bring customers back."
12676.0,25,12,2773.09,4,5,4,454,VIP Customer,"Provide premium offers, loyalty rewards, and personalized recommendations."
12677.0,556,3,389.3,1,3,2,132,At Risk,"Launch re-engagement campaigns, targeted discounts, and reminders to bring customers back."
12678.0,43,23,33851.13,4,5,5,455,VIP Customer,"Provide premium offers, loyalty rewards, and personalized recommendations."
12679.0,53,9,1058.67,4,4,3,443,Loyal Customer,"Use loyalty programs, cross-selling, and repeat-purchase offers."
12680.0,1,4,880.81,5,3,3,533,Regular Customer,Use personalized promotions and cross-selling to increase purchase frequency.
12681.0,15,56,30551.76,5,5,5,555,VIP Customer,"Provide premium offers, loyalty rewards, and personalized recommendations."
12682.0,4,53,23945.81,5,5,5,555,VIP Customer,"Provide premium offers, loyalty rewards, and personalized recommendations."
12683.0,5,27,12418.6,5,5,5,555,VIP Customer,"Provide premium offers, loyalty rewards, and personalized recommendations."
12684.0,8,7,2283.63,5,4,4,544,VIP Customer,"Provide premium offers, loyalty rewards, and personalized recommendations."
12685.0,29,6,2863.08,4,4,5,445,VIP Customer,"Provide premium offers, loyalty rewards, and personalized recommendations."
12686.0,372,1,178.28,2,1,1,211,Regular Customer,Use personalized promotions and cross-selling to increase purchase frequency.
12687.0,481,2,2138.91,1,2,4,124,Regular Customer,Use personalized promotions and cross-selling to increase purchase frequency.
12688.0,114,1,4873.8099999999995,3,1,5,315,Regular Customer,Use personalized promotions and cross-selling to increase purchase frequency.
12689.0,26,2,1247.61,4,2,4,424,Recent Customer,Send welcome offers and personalized product recommendations to encourage a second purchase.
12690.0,206,1,389.01,2,1,2,212,Regular Customer,Use personalized promotions and cross-selling to increase purchase frequency.
12691.0,29,7,1170.4,4,4,3,443,Loyal Customer,"Use loyalty programs, cross-selling, and repeat-purchase offers."
12692.0,638,1,110.95,1,1,1,111,Regular Customer,Use personalized promotions and cross-selling to increase purchase frequency.
12693.0,121,11,1640.42,3,5,4,354,Loyal Customer,"Use loyalty programs, cross-selling, and repeat-purchase offers."
12694.0,71,4,1839.45,3,3,4,334,Regular Customer,Use personalized promotions and cross-selling to increase purchase frequency.
12695.0,8,7,1407.1200000000001,5,4,4,544,VIP Customer,"Provide premium offers, loyalty rewards, and personalized recommendations."
12696.0,435,3,801.15,1,3,3,133,At Risk,"Launch re-engagement campaigns, targeted discounts, and reminders to bring customers back."
12697.0,22,5,939.02,4,3,3,433,Regular Customer,Use personalized promotions and cross-selling to increase purchase frequency.
12698.0,591,1,339.75,1,1,2,112,Regular Customer,Use personalized promotions and cross-selling to increase purchase frequency.
12699.0,418,1,638.11,1,1,3,113,Regular Customer,Use personalized promotions and cross-selling to increase purchase frequency.
12700.0,8,6,4867.99,5,4,5,545,VIP Customer,"Provide premium offers, loyalty rewards, and personalized recommendations."
12701.0,80,6,2446.41,3,4,4,344,Loyal Customer,"Use loyalty programs, cross-selling, and repeat-purchase offers."
12702.0,20,1,219.0,4,1,1,411,Recent Customer,Send welcome offers and personalized product recommendations to encourage a second purchase.
12703.0,65,7,892.18,3,4,3,343,Loyal Customer,"Use loyalty programs, cross-selling, and repeat-purchase offers."
12704.0,8,10,2220.84,5,4,4,544,VIP Customer,"Provide premium offers, loyalty rewards, and personalized recommendations."
12705.0,16,22,11554.0,5,5,5,555,VIP Customer,"Provide premium offers, loyalty rewards, and personalized recommendations."
12706.0,683,1,-91.89,1,1,1,111,Regular Customer,Use personalized promotions and cross-selling to increase purchase frequency.
12707.0,292,1,603.42,2,1,3,213,Regular Customer,Use personalized promotions and cross-selling to increase purchase frequency.
12708.0,30,30,5118.16,4,5,5,455,VIP Customer,"Provide premium offers, loyalty rewards, and personalized recommendations."
12709.0,4,55,30312.61,5,5,5,555,VIP Customer,"Provide premium offers, loyalty rewards, and personalized recommendations."
12710.0,97,4,1130.57,3,3,3,333,Regular Customer,Use personalized promotions and cross-selling to increase purchase frequency.
12711.0,612,2,1339.05,1,2,4,124,Regular Customer,Use personalized promotions and cross-selling to increase purchase frequency.
12712.0,23,28,6979.66,4,5,5,455,VIP Customer,"Provide premium offers, loyalty rewards, and personalized recommendations."
12713.0,1,1,848.55,5,1,3,513,Recent Customer,Send welcome offers and personalized product recommendations to encourage a second purchase.
12714.0,10,12,14093.71,5,5,5,555,VIP Customer,"Provide premium offers, loyalty rewards, and personalized recommendations."
12715.0,107,1,353.86,3,1,2,312,Regular Customer,Use personalized promotions and cross-selling to increase purchase frequency.
12716.0,4,2,1053.49,5,2,3,523,Recent Customer,Send welcome offers and personalized product recommendations to encourage a second purchase.
12717.0,152,4,1258.91,3,3,4,334,Regular Customer,Use personalized promotions and cross-selling to increase purchase frequency.
12718.0,72,1,238.25,3,1,1,311,Regular Customer,Use personalized promotions and cross-selling to increase purchase frequency.
12719.0,6,3,608.1,5,3,3,533,Regular Customer,Use personalized promotions and cross-selling to increase purchase frequency.
12720.0,3,41,8047.88,5,5,5,555,VIP Customer,"Provide premium offers, loyalty rewards, and personalized recommendations."
12721.0,32,10,3906.68,4,4,5,445,VIP Customer,"Provide premium offers, loyalty rewards, and personalized recommendations."
12722.0,86,6,904.33,3,4,3,343,Loyal Customer,"Use loyalty programs, cross-selling, and repeat-purchase offers."
12723.0,4,5,725.07,5,3,3,533,Regular Customer,Use personalized promotions and cross-selling to increase purchase frequency.
12724.0,6,7,2317.52,5,4,4,544,VIP Customer,"Provide premium offers, loyalty rewards, and personalized recommendations."
12725.0,372,4,2694.56,2,3,4,234,At Risk,"Launch re-engagement campaigns, targeted discounts, and reminders to bring customers back."
12726.0,29,11,4014.6,4,5,5,455,VIP Customer,"Provide premium offers, loyalty rewards, and personalized recommendations."
12727.0,11,12,5646.53,5,5,5,555,VIP Customer,"Provide premium offers, loyalty rewards, and personalized recommendations."
12728.0,72,5,1070.17,3,3,3,333,Regular Customer,Use personalized promotions and cross-selling to increase purchase frequency.
12729.0,114,1,453.01,3,1,2,312,Regular Customer,Use personalized promotions and cross-selling to increase purchase frequency.
12730.0,522,1,829.25,1,1,3,113,Regular Customer,Use personalized promotions and cross-selling to increase purchase frequency.
12731.0,24,19,25673.21,4,5,5,455,VIP Customer,"Provide premium offers, loyalty rewards, and personalized recommendations."
12732.0,180,1,236.26000000000002,3,1,1,311,Regular Customer,Use personalized promotions and cross-selling to increase purchase frequency.
12733.0,235,6,2326.82,2,4,4,244,At Risk,"Launch re-engagement campaigns, targeted discounts, and reminders to bring customers back."
12734.0,353,3,639.65,2,3,3,233,At Risk,"Launch re-engagement campaigns, targeted discounts, and reminders to bring customers back."
12735.0,316,2,779.5699999999999,2,2,3,223,Regular Customer,Use personalized promotions and cross-selling to increase purchase frequency.
12736.0,333,1,234.0,2,1,1,211,Regular Customer,Use personalized promotions and cross-selling to increase purchase frequency.
12737.0,499,2,3710.5,1,2,5,125,Regular Customer,Use personalized promotions and cross-selling to increase purchase frequency.
12738.0,373,1,310.7,2,1,2,212,Regular Customer,Use personalized promotions and cross-selling to increase purchase frequency.
12739.0,79,4,2726.73,3,3,4,334,Regular Customer,Use personalized promotions and cross-selling to increase purchase frequency.
12740.0,64,1,427.6,3,1,2,312,Regular Customer,Use personalized promotions and cross-selling to increase purchase frequency.
12741.0,530,2,406.07,1,2,2,122,Regular Customer,Use personalized promotions and cross-selling to increase purchase frequency.
12742.0,600,2,1185.02,1,2,3,123,Regular Customer,Use personalized promotions and cross-selling to increase purchase frequency.
12743.0,135,2,546.43,3,2,2,322,Regular Customer,Use personalized promotions and cross-selling to increase purchase frequency.
12744.0,52,14,13158.16,4,5,5,455,VIP Customer,"Provide premium offers, loyalty rewards, and personalized recommendations."
12745.0,487,3,925.41,1,3,3,133,At Risk,"Launch re-engagement campaigns, targeted discounts, and reminders to bring customers back."
12746.0,528,3,230.85000000000002,1,3,1,131,At Risk,"Launch re-engagement campaigns, targeted discounts, and reminders to bring customers back."
12747.0,3,32,9164.59,5,5,5,555,VIP Customer,"Provide premium offers, loyalty rewards, and personalized recommendations."
12748.0,1,365,49970.13,5,5,5,555,VIP Customer,"Provide premium offers, loyalty rewards, and personalized recommendations."
12749.0,4,16,6328.49,5,5,5,555,VIP Customer,"Provide premium offers, loyalty rewards, and personalized recommendations."
12750.0,129,1,275.88,3,1,2,312,Regular Customer,Use personalized promotions and cross-selling to increase purchase frequency.
12751.0,445,1,268.27,1,1,2,112,Regular Customer,Use personalized promotions and cross-selling to increase purchase frequency.
12752.0,82,1,4366.78,3,1,5,315,Regular Customer,Use personalized promotions and cross-selling to increase purchase frequency.
12753.0,4,11,21024.01,5,5,5,555,VIP Customer,"Provide premium offers, loyalty rewards, and personalized recommendations."
12754.0,236,5,2949.12,2,3,5,235,At Risk,"Launch re-engagement campaigns, targeted discounts, and reminders to bring customers back."
12755.0,250,22,6406.349999999999,2,5,5,255,At Risk,"Launch re-engagement campaigns, targeted discounts, and reminders to bring customers back."
12756.0,87,1,112.07999999999998,3,1,1,311,Regular Customer,Use personalized promotions and cross-selling to increase purchase frequency.
12757.0,16,19,4227.7,5,5,5,555,VIP Customer,"Provide premium offers, loyalty rewards, and personalized recommendations."
12758.0,117,8,9779.0,3,4,5,345,Loyal Customer,"Use loyalty programs, cross-selling, and repeat-purchase offers."
12759.0,53,8,5020.74,4,4,5,445,VIP Customer,"Provide premium offers, loyalty rewards, and personalized recommendations."
12760.0,456,1,347.8,1,1,2,112,Regular Customer,Use personalized promotions and cross-selling to increase purchase frequency.
12761.0,458,2,782.95,1,2,3,123,Regular Customer,Use personalized promotions and cross-selling to increase purchase frequency.
12762.0,8,2,1898.52,5,2,4,524,Recent Customer,Send welcome offers and personalized product recommendations to encourage a second purchase.
12763.0,139,2,814.16,3,2,3,323,Regular Customer,Use personalized promotions and cross-selling to increase purchase frequency.
12764.0,317,1,1693.88,2,1,4,214,Regular Customer,Use personalized promotions and cross-selling to increase purchase frequency.
12765.0,473,6,1404.58,1,4,4,144,At Risk,"Launch re-engagement campaigns, targeted discounts, and reminders to bring customers back."
12766.0,4,11,10026.43,5,5,5,555,VIP Customer,"Provide premium offers, loyalty rewards, and personalized recommendations."
12767.0,376,1,949.82,2,1,3,213,Regular Customer,Use personalized promotions and cross-selling to increase purchase frequency.
12768.0,432,2,3.552713678800501e-15,1,2,1,121,Regular Customer,Use personalized promotions and cross-selling to increase purchase frequency.
12769.0,239,1,1143.6,2,1,3,213,Regular Customer,Use personalized promotions and cross-selling to increase purchase frequency.
12770.0,211,7,2975.95,2,4,5,245,At Risk,"Launch re-engagement campaigns, targeted discounts, and reminders to bring customers back."
12771.0,465,2,262.5,1,2,2,122,Regular Customer,Use personalized promotions and cross-selling to increase purchase frequency.
12772.0,60,1,892.47,3,1,3,313,Regular Customer,Use personalized promotions and cross-selling to increase purchase frequency.
12773.0,565,2,1.7763568394002505e-15,1,2,1,121,Regular Customer,Use personalized promotions and cross-selling to increase purchase frequency.
12774.0,536,1,98.7,1,1,1,111,Regular Customer,Use personalized promotions and cross-selling to increase purchase frequency.
12775.0,18,8,1651.32,5,4,4,544,VIP Customer,"Provide premium offers, loyalty rewards, and personalized recommendations."
12776.0,668,1,55.5,1,1,1,111,Regular Customer,Use personalized promotions and cross-selling to increase purchase frequency.
12777.0,458,1,519.45,1,1,2,112,Regular Customer,Use personalized promotions and cross-selling to increase purchase frequency.
12778.0,20,10,1757.68,4,4,4,444,VIP Customer,"Provide premium offers, loyalty rewards, and personalized recommendations."
12779.0,22,21,6406.76,4,5,5,455,VIP Customer,"Provide premium offers, loyalty rewards, and personalized recommendations."
12780.0,599,1,337.4,1,1,2,112,Regular Customer,Use personalized promotions and cross-selling to increase purchase frequency.
12781.0,22,5,707.72,4,3,3,433,Regular Customer,Use personalized promotions and cross-selling to increase purchase frequency.
12782.0,5,14,4526.04,5,5,5,555,VIP Customer,"Provide premium offers, loyalty rewards, and personalized recommendations."
12783.0,3,8,1603.87,5,4,4,544,VIP Customer,"Provide premium offers, loyalty rewards, and personalized recommendations."
12784.0,10,3,1804.75,5,3,4,534,Regular Customer,Use personalized promotions and cross-selling to increase purchase frequency.
12785.0,3,5,1079.31,5,3,3,533,Regular Customer,Use personalized promotions and cross-selling to increase purchase frequency.
12786.0,610,1,728.5,1,1,3,113,Regular Customer,Use personalized promotions and cross-selling to increase purchase frequency.
12787.0,10,5,859.18,5,3,3,533,Regular Customer,Use personalized promotions and cross-selling to increase purchase frequency.
12788.0,464,4,444.9,1,3,2,132,At Risk,"Launch re-engagement campaigns, targeted discounts, and reminders to bring customers back."
12789.0,66,3,273.35,3,3,2,332,Regular Customer,Use personalized promotions and cross-selling to increase purchase frequency.
12790.0,193,3,563.45,2,3,2,232,At Risk,"Launch re-engagement campaigns, targeted discounts, and reminders to bring customers back."
12791.0,374,8,777.75,2,4,3,243,At Risk,"Launch re-engagement campaigns, targeted discounts, and reminders to bring customers back."
12792.0,257,3,813.88,2,3,3,233,At Risk,"Launch re-engagement campaigns, targeted discounts, and reminders to bring customers back."
12793.0,335,3,1017.33,2,3,3,233,At Risk,"Launch re-engagement campaigns, targeted discounts, and reminders to bring customers back."
12794.0,54,2,860.41,4,2,3,423,Recent Customer,Send welcome offers and personalized product recommendations to encourage a second purchase.
12795.0,19,1,430.48,5,1,2,512,Recent Customer,Send welcome offers and personalized product recommendations to encourage a second purchase.
12796.0,629,1,381.0,1,1,2,112,Regular Customer,Use personalized promotions and cross-selling to increase purchase frequency.
12797.0,361,6,725.46,2,4,3,243,At Risk,"Launch re-engagement campaigns, targeted discounts, and reminders to bring customers back."
12798.0,11,4,8510.93,5,3,5,535,Regular Customer,Use personalized promotions and cross-selling to increase purchase frequency.
12799.0,530,1,219.35,1,1,1,111,Regular Customer,Use personalized promotions and cross-selling to increase purchase frequency.
12800.0,471,3,584.25,1,3,3,133,At Risk,"Launch re-engagement campaigns, targeted discounts, and reminders to bring customers back."
12801.0,478,2,1031.87,1,2,3,123,Regular Customer,Use personalized promotions and cross-selling to increase purchase frequency.
12802.0,184,9,2350.42,3,4,4,344,Loyal Customer,"Use loyalty programs, cross-selling, and repeat-purchase offers."
12803.0,394,1,1092.81,2,1,3,213,Regular Customer,Use personalized promotions and cross-selling to increase purchase frequency.
12804.0,466,2,327.02,1,2,2,122,Regular Customer,Use personalized promotions and cross-selling to increase purchase frequency.
12805.0,382,4,1434.95,2,3,4,234,At Risk,"Launch re-engagement campaigns, targeted discounts, and reminders to bring customers back."
12806.0,436,4,2878.96,1,3,5,135,At Risk,"Launch re-engagement campaigns, targeted discounts, and reminders to bring customers back."
12807.0,383,3,269.95,2,3,2,232,At Risk,"Launch re-engagement campaigns, targeted discounts, and reminders to bring customers back."
12808.0,37,5,906.1,4,3,3,433,Regular Customer,Use personalized promotions and cross-selling to increase purchase frequency.
12809.0,169,8,1705.34,3,4,4,344,Loyal Customer,"Use loyalty programs, cross-selling, and repeat-purchase offers."
12810.0,535,2,534.99,1,2,2,122,Regular Customer,Use personalized promotions and cross-selling to increase purchase frequency.
12811.0,261,5,1033.9,2,3,3,233,At Risk,"Launch re-engagement campaigns, targeted discounts, and reminders to bring customers back."
12812.0,45,1,229.64000000000001,4,1,1,411,Recent Customer,Send welcome offers and personalized product recommendations to encourage a second purchase.
12813.0,502,3,1687.8,1,3,4,134,At Risk,"Launch re-engagement campaigns, targeted discounts, and reminders to bring customers back."
12814.0,102,1,125.92,3,1,1,311,Regular Customer,Use personalized promotions and cross-selling to increase purchase frequency.
12815.0,148,2,1063.46,3,2,3,323,Regular Customer,Use personalized promotions and cross-selling to increase purchase frequency.
12816.0,96,2,572.2,3,2,2,322,Regular Customer,Use personalized promotions and cross-selling to increase purchase frequency.
12817.0,282,3,690.98,2,3,3,233,At Risk,"Launch re-engagement campaigns, targeted discounts, and reminders to bring customers back."
12818.0,179,2,1517.88,3,2,4,324,Regular Customer,Use personalized promotions and cross-selling to increase purchase frequency.
12819.0,459,1,540.52,1,1,2,112,Regular Customer,Use personalized promotions and cross-selling to increase purchase frequency.
12820.0,4,13,2647.94,5,5,4,554,VIP Customer,"Provide premium offers, loyalty rewards, and personalized recommendations."
12821.0,215,2,220.8,2,2,1,221,Regular Customer,Use personalized promotions and cross-selling to increase purchase frequency.
12822.0,71,3,918.98,3,3,3,333,Regular Customer,Use personalized promotions and cross-selling to increase purchase frequency.
12823.0,75,18,6501.5,3,5,5,355,Loyal Customer,"Use loyalty programs, cross-selling, and repeat-purchase offers."
12824.0,60,1,397.12,3,1,2,312,Regular Customer,Use personalized promotions and cross-selling to increase purchase frequency.
12825.0,522,2,518.63,1,2,2,122,Regular Customer,Use personalized promotions and cross-selling to increase purchase frequency.
12826.0,3,15,2928.69,5,5,5,555,VIP Customer,"Provide premium offers, loyalty rewards, and personalized recommendations."
12827.0,6,3,430.15000000000003,5,3,2,532,Regular Customer,Use personalized promotions and cross-selling to increase purchase frequency.
12828.0,3,6,1018.71,5,4,3,543,Loyal Customer,"Use loyalty programs, cross-selling, and repeat-purchase offers."
12829.0,323,4,345.35,2,3,2,232,At Risk,"Launch re-engagement campaigns, targeted discounts, and reminders to bring customers back."
12830.0,38,7,6748.4,4,4,5,445,VIP Customer,"Provide premium offers, loyalty rewards, and personalized recommendations."
12831.0,263,3,451.11,2,3,2,232,At Risk,"Launch re-engagement campaigns, targeted discounts, and reminders to bring customers back."
12832.0,33,2,383.03,4,2,2,422,Recent Customer,Send welcome offers and personalized product recommendations to encourage a second purchase.
12833.0,146,1,417.38,3,1,2,312,Regular Customer,Use personalized promotions and cross-selling to increase purchase frequency.
12834.0,283,1,312.38,2,1,2,212,Regular Customer,Use personalized promotions and cross-selling to increase purchase frequency.
12835.0,419,49,6018.67,1,5,5,155,At Risk,"Launch re-engagement campaigns, targeted discounts, and reminders to bring customers back."
12836.0,60,17,6546.47,3,5,5,355,Loyal Customer,"Use loyalty programs, cross-selling, and repeat-purchase offers."
12837.0,174,2,688.41,3,2,3,323,Regular Customer,Use personalized promotions and cross-selling to increase purchase frequency.
12838.0,34,12,3376.03,4,5,5,455,VIP Customer,"Provide premium offers, loyalty rewards, and personalized recommendations."
12839.0,3,31,9927.83,5,5,5,555,VIP Customer,"Provide premium offers, loyalty rewards, and personalized recommendations."
12840.0,144,11,4013.87,3,5,5,355,Loyal Customer,"Use loyalty programs, cross-selling, and repeat-purchase offers."
12841.0,5,42,7390.4800000000005,5,5,5,555,VIP Customer,"Provide premium offers, loyalty rewards, and personalized recommendations."
12842.0,71,4,1917.99,3,3,4,334,Regular Customer,Use personalized promotions and cross-selling to increase purchase frequency.
12843.0,66,34,6345.61,3,5,5,355,Loyal Customer,"Use loyalty programs, cross-selling, and repeat-purchase offers."
12844.0,30,4,648.6,4,3,3,433,Regular Customer,Use personalized promotions and cross-selling to increase purchase frequency.
12845.0,268,4,354.09,2,3,2,232,At Risk,"Launch re-engagement campaigns, targeted discounts, and reminders to bring customers back."
12846.0,683,1,15.58,1,1,1,111,Regular Customer,Use personalized promotions and cross-selling to increase purchase frequency.
12847.0,23,2,1636.8999999999999,4,2,4,424,Recent Customer,Send welcome offers and personalized product recommendations to encourage a second purchase.
12848.0,676,1,208.0,1,1,1,111,Regular Customer,Use personalized promotions and cross-selling to increase purchase frequency.
12849.0,32,6,3090.56,4,4,5,445,VIP Customer,"Provide premium offers, loyalty rewards, and personalized recommendations."
12850.0,446,1,330.0,1,1,2,112,Regular Customer,Use personalized promotions and cross-selling to increase purchase frequency.
12851.0,97,2,284.13,3,2,2,322,Regular Customer,Use personalized promotions and cross-selling to increase purchase frequency.
12852.0,291,2,299.75,2,2,2,222,Regular Customer,Use personalized promotions and cross-selling to increase purchase frequency.
12853.0,108,16,3728.5,3,5,5,355,Loyal Customer,"Use loyalty programs, cross-selling, and repeat-purchase offers."
12854.0,79,11,2922.37,3,5,5,355,Loyal Customer,"Use loyalty programs, cross-selling, and repeat-purchase offers."
12855.0,373,4,650.9399999999999,2,3,3,233,At Risk,"Launch re-engagement campaigns, targeted discounts, and reminders to bring customers back."
12856.0,8,8,2162.68,5,4,4,544,VIP Customer,"Provide premium offers, loyalty rewards, and personalized recommendations."
12857.0,211,7,3684.25,2,4,5,245,At Risk,"Launch re-engagement campaigns, targeted discounts, and reminders to bring customers back."
12858.0,384,2,151.73,2,2,1,221,Regular Customer,Use personalized promotions and cross-selling to increase purchase frequency.
12859.0,459,1,575.1,1,1,2,112,Regular Customer,Use personalized promotions and cross-selling to increase purchase frequency.
12860.0,694,1,55.47,1,1,1,111,Regular Customer,Use personalized promotions and cross-selling to increase purchase frequency.
12861.0,620,1,68.25,1,1,1,111,Regular Customer,Use personalized promotions and cross-selling to increase purchase frequency.
12862.0,426,2,1008.3199999999999,1,2,3,123,Regular Customer,Use personalized promotions and cross-selling to increase purchase frequency.
12863.0,53,7,2775.5499999999997,4,4,4,444,VIP Customer,"Provide premium offers, loyalty rewards, and personalized recommendations."
12864.0,139,2,299.57,3,2,2,322,Regular Customer,Use personalized promotions and cross-selling to increase purchase frequency.
12865.0,27,5,3303.31,4,3,5,435,Regular Customer,Use personalized promotions and cross-selling to increase purchase frequency.
12866.0,284,3,1227.35,2,3,4,234,At Risk,"Launch re-engagement campaigns, targeted discounts, and reminders to bring customers back."
12867.0,27,16,7862.69,4,5,5,455,VIP Customer,"Provide premium offers, loyalty rewards, and personalized recommendations."
12868.0,186,8,2247.06,3,4,4,344,Loyal Customer,"Use loyalty programs, cross-selling, and repeat-purchase offers."
12869.0,682,1,337.66999999999996,1,1,2,112,Regular Customer,Use personalized promotions and cross-selling to increase purchase frequency.
12870.0,367,4,1647.15,2,3,4,234,At Risk,"Launch re-engagement campaigns, targeted discounts, and reminders to bring customers back."
12871.0,85,3,744.02,3,3,3,333,Regular Customer,Use personalized promotions and cross-selling to increase purchase frequency.
12872.0,327,13,3678.34,2,5,5,255,At Risk,"Launch re-engagement campaigns, targeted discounts, and reminders to bring customers back."
12873.0,283,3,2027.3,2,3,4,234,At Risk,"Launch re-engagement campaigns, targeted discounts, and reminders to bring customers back."
12874.0,386,3,933.42,2,3,3,233,At Risk,"Launch re-engagement campaigns, targeted discounts, and reminders to bring customers back."
12875.0,144,5,1356.99,3,3,4,334,Regular Customer,Use personalized promotions and cross-selling to increase purchase frequency.
12876.0,58,5,4068.59,4,3,5,435,Regular Customer,Use personalized promotions and cross-selling to increase purchase frequency.
12877.0,4,20,2955.17,5,5,5,555,VIP Customer,"Provide premium offers, loyalty rewards, and personalized recommendations."
12878.0,19,3,841.64,5,3,3,533,Regular Customer,Use personalized promotions and cross-selling to increase purchase frequency.
12879.0,45,4,552.5699999999999,4,3,2,432,Regular Customer,Use personalized promotions and cross-selling to increase purchase frequency.
12880.0,382,2,640.13,2,2,3,223,Regular Customer,Use personalized promotions and cross-selling to increase purchase frequency.
12881.0,276,1,298.0,2,1,2,212,Regular Customer,Use personalized promotions and cross-selling to increase purchase frequency.
12882.0,10,2,1463.04,5,2,4,524,Recent Customer,Send welcome offers and personalized product recommendations to encourage a second purchase.
12883.0,25,4,703.47,4,3,3,433,Regular Customer,Use personalized promotions and cross-selling to increase purchase frequency.
12884.0,89,1,309.05,3,1,2,312,Regular Customer,Use personalized promotions and cross-selling to increase purchase frequency.
12885.0,64,4,1158.27,3,3,3,333,Regular Customer,Use personalized promotions and cross-selling to increase purchase frequency.
12886.0,68,3,1351.09,3,3,4,334,Regular Customer,Use personalized promotions and cross-selling to increase purchase frequency.
12887.0,384,1,222.4,2,1,1,211,Regular Customer,Use personalized promotions and cross-selling to increase purchase frequency.
12888.0,215,4,313.77,2,3,2,232,At Risk,"Launch re-engagement campaigns, targeted discounts, and reminders to bring customers back."
12889.0,382,6,365.66,2,4,2,242,At Risk,"Launch re-engagement campaigns, targeted discounts, and reminders to bring customers back."
12890.0,25,2,717.27,4,2,3,423,Recent Customer,Send welcome offers and personalized product recommendations to encourage a second purchase.
12891.0,186,12,819.5,3,5,3,353,Loyal Customer,"Use loyalty programs, cross-selling, and repeat-purchase offers."
12892.0,397,1,263.38,2,1,2,212,Regular Customer,Use personalized promotions and cross-selling to increase purchase frequency.
12893.0,31,1,188.14,4,1,1,411,Recent Customer,Send welcome offers and personalized product recommendations to encourage a second purchase.
12894.0,576,1,157.35,1,1,1,111,Regular Customer,Use personalized promotions and cross-selling to increase purchase frequency.
12895.0,43,3,347.3,4,3,2,432,Regular Customer,Use personalized promotions and cross-selling to increase purchase frequency.
12896.0,731,1,-29.75,1,1,1,111,Regular Customer,Use personalized promotions and cross-selling to increase purchase frequency.
12897.0,205,4,514.25,2,3,2,232,At Risk,"Launch re-engagement campaigns, targeted discounts, and reminders to bring customers back."
12898.0,464,2,310.96000000000004,1,2,2,122,Regular Customer,Use personalized promotions and cross-selling to increase purchase frequency.
12899.0,414,1,366.4,2,1,2,212,Regular Customer,Use personalized promotions and cross-selling to increase purchase frequency.
12900.0,423,1,340.33,1,1,2,112,Regular Customer,Use personalized promotions and cross-selling to increase purchase frequency.
12901.0,9,36,16293.1,5,5,5,555,VIP Customer,"Provide premium offers, loyalty rewards, and personalized recommendations."
12902.0,265,1,138.68,2,1,1,211,Regular Customer,Use personalized promotions and cross-selling to increase purchase frequency.
12903.0,429,1,833.53,1,1,3,113,Regular Customer,Use personalized promotions and cross-selling to increase purchase frequency.
12904.0,19,2,509.58,5,2,2,522,Recent Customer,Send welcome offers and personalized product recommendations to encourage a second purchase.
12905.0,577,3,1011.82,1,3,3,133,At Risk,"Launch re-engagement campaigns, targeted discounts, and reminders to bring customers back."
12906.0,12,5,2919.81,5,3,5,535,Regular Customer,Use personalized promotions and cross-selling to increase purchase frequency.
12907.0,396,3,440.36,2,3,2,232,At Risk,"Launch re-engagement campaigns, targeted discounts, and reminders to bring customers back."
12908.0,59,7,1272.0,4,4,4,444,VIP Customer,"Provide premium offers, loyalty rewards, and personalized recommendations."
12909.0,40,13,3034.77,4,5,5,455,VIP Customer,"Provide premium offers, loyalty rewards, and personalized recommendations."
12910.0,24,14,5747.02,4,5,5,455,VIP Customer,"Provide premium offers, loyalty rewards, and personalized recommendations."
12911.0,552,1,1680.47,1,1,4,114,Regular Customer,Use personalized promotions and cross-selling to increase purchase frequency.
12912.0,3,5,1662.3,5,3,4,534,Regular Customer,Use personalized promotions and cross-selling to increase purchase frequency.
12913.0,5,13,6700.860000000001,5,5,5,555,VIP Customer,"Provide premium offers, loyalty rewards, and personalized recommendations."
12914.0,401,1,223.98,2,1,1,211,Regular Customer,Use personalized promotions and cross-selling to increase purchase frequency.
12915.0,149,8,1084.85,3,4,3,343,Loyal Customer,"Use loyalty programs, cross-selling, and repeat-purchase offers."
12916.0,139,8,4630.22,3,4,5,345,Loyal Customer,"Use loyalty programs, cross-selling, and repeat-purchase offers."
12917.0,129,8,4329.5,3,4,5,345,Loyal Customer,"Use loyalty programs, cross-selling, and repeat-purchase offers."
12918.0,627,3,-10953.5,1,3,1,131,At Risk,"Launch re-engagement campaigns, targeted discounts, and reminders to bring customers back."
12919.0,9,8,1301.44,5,4,4,544,VIP Customer,"Provide premium offers, loyalty rewards, and personalized recommendations."
12920.0,18,4,488.09000000000003,5,3,2,532,Regular Customer,Use personalized promotions and cross-selling to increase purchase frequency.
12921.0,4,103,34639.45,5,5,5,555,VIP Customer,"Provide premium offers, loyalty rewards, and personalized recommendations."
12922.0,162,1,405.38,3,1,2,312,Regular Customer,Use personalized promotions and cross-selling to increase purchase frequency.
12923.0,65,3,789.87,3,3,3,333,Regular Customer,Use personalized promotions and cross-selling to increase purchase frequency.
12924.0,89,14,2423.15,3,5,4,354,Loyal Customer,"Use loyalty programs, cross-selling, and repeat-purchase offers."
12925.0,5,3,729.3299999999999,5,3,3,533,Regular Customer,Use personalized promotions and cross-selling to increase purchase frequency.
12926.0,412,4,1548.46,2,3,4,234,At Risk,"Launch re-engagement campaigns, targeted discounts, and reminders to bring customers back."
12927.0,395,1,197.31,2,1,1,211,Regular Customer,Use personalized promotions and cross-selling to increase purchase frequency.
12928.0,36,12,4304.89,4,5,5,455,VIP Customer,"Provide premium offers, loyalty rewards, and personalized recommendations."
12929.0,123,2,105.1,3,2,1,321,Regular Customer,Use personalized promotions and cross-selling to increase purchase frequency.
12930.0,79,4,409.9,3,3,2,332,Regular Customer,Use personalized promotions and cross-selling to increase purchase frequency.
12931.0,22,71,71299.67,4,5,5,455,VIP Customer,"Provide premium offers, loyalty rewards, and personalized recommendations."
12932.0,540,8,1698.56,1,4,4,144,At Risk,"Launch re-engagement campaigns, targeted discounts, and reminders to bring customers back."
12933.0,25,11,1627.28,4,5,4,454,VIP Customer,"Provide premium offers, loyalty rewards, and personalized recommendations."
12934.0,737,1,181.65,1,1,1,111,Regular Customer,Use personalized promotions and cross-selling to increase purchase frequency.
12935.0,3,19,4182.01,5,5,5,555,VIP Customer,"Provide premium offers, loyalty rewards, and personalized recommendations."
12936.0,18,5,1012.9,5,3,3,533,Regular Customer,Use personalized promotions and cross-selling to increase purchase frequency.
12937.0,16,9,3097.61,5,4,5,545,VIP Customer,"Provide premium offers, loyalty rewards, and personalized recommendations."
12938.0,26,1,114.14,4,1,1,411,Recent Customer,Send welcome offers and personalized product recommendations to encourage a second purchase.
12939.0,65,20,25264.8,3,5,5,355,Loyal Customer,"Use loyalty programs, cross-selling, and repeat-purchase offers."
12940.0,47,4,876.29,4,3,3,433,Regular Customer,Use personalized promotions and cross-selling to increase purchase frequency.
12941.0,725,1,377.49,1,1,2,112,Regular Customer,Use personalized promotions and cross-selling to increase purchase frequency.
12942.0,132,3,942.65,3,3,3,333,Regular Customer,Use personalized promotions and cross-selling to increase purchase frequency.
12943.0,302,4,489.0,2,3,2,232,At Risk,"Launch re-engagement campaigns, targeted discounts, and reminders to bring customers back."
12944.0,36,2,604.51,4,2,3,423,Recent Customer,Send welcome offers and personalized product recommendations to encourage a second purchase.
12945.0,289,2,900.11,2,2,3,223,Regular Customer,Use personalized promotions and cross-selling to increase purchase frequency.
12946.0,437,1,324.45,1,1,2,112,Regular Customer,Use personalized promotions and cross-selling to increase purchase frequency.
12947.0,144,11,1711.33,3,5,4,354,Loyal Customer,"Use loyalty programs, cross-selling, and repeat-purchase offers."
12948.0,17,10,2306.18,5,4,4,544,VIP Customer,"Provide premium offers, loyalty rewards, and personalized recommendations."
12949.0,31,28,15391.0,4,5,5,455,VIP Customer,"Provide premium offers, loyalty rewards, and personalized recommendations."
12950.0,3,3,1843.0,5,3,4,534,Regular Customer,Use personalized promotions and cross-selling to increase purchase frequency.
12951.0,9,20,3164.42,5,5,5,555,VIP Customer,"Provide premium offers, loyalty rewards, and personalized recommendations."
12952.0,6,5,1382.8400000000001,5,3,4,534,Regular Customer,Use personalized promotions and cross-selling to increase purchase frequency.
12953.0,10,2,828.8100000000001,5,2,3,523,Recent Customer,Send welcome offers and personalized product recommendations to encourage a second purchase.
12954.0,639,1,162.45,1,1,1,111,Regular Customer,Use personalized promotions and cross-selling to increase purchase frequency.
12955.0,2,14,4734.26,5,5,5,555,VIP Customer,"Provide premium offers, loyalty rewards, and personalized recommendations."
12956.0,307,4,521.89,2,3,2,232,At Risk,"Launch re-engagement campaigns, targeted discounts, and reminders to bring customers back."
12957.0,5,21,8628.42,5,5,5,555,VIP Customer,"Provide premium offers, loyalty rewards, and personalized recommendations."
12958.0,401,2,539.49,2,2,2,222,Regular Customer,Use personalized promotions and cross-selling to increase purchase frequency.
12959.0,485,2,133.35,1,2,1,121,Regular Customer,Use personalized promotions and cross-selling to increase purchase frequency.
12960.0,414,4,1322.07,2,3,4,234,At Risk,"Launch re-engagement campaigns, targeted discounts, and reminders to bring customers back."
12961.0,380,1,211.99,2,1,1,211,Regular Customer,Use personalized promotions and cross-selling to increase purchase frequency.
12962.0,8,2,266.39,5,2,2,522,Recent Customer,Send welcome offers and personalized product recommendations to encourage a second purchase.
12963.0,9,14,3512.79,5,5,5,555,VIP Customer,"Provide premium offers, loyalty rewards, and personalized recommendations."
12964.0,438,1,132.24,1,1,1,111,Regular Customer,Use personalized promotions and cross-selling to increase purchase frequency.
12965.0,90,1,771.91,3,1,3,313,Regular Customer,Use personalized promotions and cross-selling to increase purchase frequency.
12966.0,10,1,160.18,5,1,1,511,Recent Customer,Send welcome offers and personalized product recommendations to encourage a second purchase.
12967.0,4,5,3840.77,5,3,5,535,Regular Customer,Use personalized promotions and cross-selling to increase purchase frequency.
12968.0,113,1,135.95,3,1,1,311,Regular Customer,Use personalized promotions and cross-selling to increase purchase frequency.
12969.0,603,1,122.45,1,1,1,111,Regular Customer,Use personalized promotions and cross-selling to increase purchase frequency.
12970.0,8,10,1524.97,5,4,4,544,VIP Customer,"Provide premium offers, loyalty rewards, and personalized recommendations."
12971.0,4,120,15482.74,5,5,5,555,VIP Customer,"Provide premium offers, loyalty rewards, and personalized recommendations."
12972.0,414,6,1115.95,2,4,3,243,At Risk,"Launch re-engagement campaigns, targeted discounts, and reminders to bring customers back."
12973.0,414,1,385.55,2,1,2,212,Regular Customer,Use personalized promotions and cross-selling to increase purchase frequency.
12974.0,198,2,408.95,2,2,2,222,Regular Customer,Use personalized promotions and cross-selling to increase purchase frequency.
12975.0,431,8,1993.99,1,4,4,144,At Risk,"Launch re-engagement campaigns, targeted discounts, and reminders to bring customers back."
12976.0,212,8,3156.38,2,4,5,245,At Risk,"Launch re-engagement campaigns, targeted discounts, and reminders to bring customers back."
12977.0,157,4,517.63,3,3,2,332,Regular Customer,Use personalized promotions and cross-selling to increase purchase frequency.
12978.0,386,6,2496.07,2,4,4,244,At Risk,"Launch re-engagement campaigns, targeted discounts, and reminders to bring customers back."
12979.0,730,2,479.53999999999996,1,2,2,122,Regular Customer,Use personalized promotions and cross-selling to increase purchase frequency.
12980.0,156,26,15909.390000000001,3,5,5,355,Loyal Customer,"Use loyalty programs, cross-selling, and repeat-purchase offers."
12981.0,30,2,372.21999999999997,4,2,2,422,Recent Customer,Send welcome offers and personalized product recommendations to encourage a second purchase.
12982.0,240,17,2562.12,2,5,4,254,At Risk,"Launch re-engagement campaigns, targeted discounts, and reminders to bring customers back."
12983.0,599,1,490.08000000000004,1,1,2,112,Regular Customer,Use personalized promotions and cross-selling to increase purchase frequency.
12984.0,19,1,97.5,5,1,1,511,Recent Customer,Send welcome offers and personalized product recommendations to encourage a second purchase.
12985.0,1,3,1215.6200000000001,5,3,4,534,Regular Customer,Use personalized promotions and cross-selling to increase purchase frequency.
12986.0,403,12,1991.5900000000001,2,5,4,254,At Risk,"Launch re-engagement campaigns, targeted discounts, and reminders to bring customers back."
12987.0,74,6,1298.51,3,4,4,344,Loyal Customer,"Use loyalty programs, cross-selling, and repeat-purchase offers."
12988.0,293,1,535.32,2,1,2,212,Regular Customer,Use personalized promotions and cross-selling to increase purchase frequency.
12989.0,4,39,12846.8,5,5,5,555,VIP Customer,"Provide premium offers, loyalty rewards, and personalized recommendations."
12990.0,32,7,955.5,4,4,3,443,Loyal Customer,"Use loyalty programs, cross-selling, and repeat-purchase offers."
12991.0,24,3,764.82,4,3,3,433,Regular Customer,Use personalized promotions and cross-selling to increase purchase frequency.
12992.0,726,1,93.35000000000001,1,1,1,111,Regular Customer,Use personalized promotions and cross-selling to increase purchase frequency.
12993.0,24,10,1191.26,4,4,4,444,VIP Customer,"Provide premium offers, loyalty rewards, and personalized recommendations."
12994.0,5,5,902.22,5,3,3,533,Regular Customer,Use personalized promotions and cross-selling to increase purchase frequency.
12995.0,78,2,200.72,3,2,1,321,Regular Customer,Use personalized promotions and cross-selling to increase purchase frequency.
12996.0,376,1,355.5,2,1,2,212,Regular Customer,Use personalized promotions and cross-selling to increase purchase frequency.
12997.0,23,16,2065.11,4,5,4,454,VIP Customer,"Provide premium offers, loyalty rewards, and personalized recommendations."
12998.0,493,4,897.38,1,3,3,133,At Risk,"Launch re-engagement campaigns, targeted discounts, and reminders to bring customers back."
12999.0,197,3,455.88,2,3,2,232,At Risk,"Launch re-engagement campaigns, targeted discounts, and reminders to bring customers back."
13000.0,107,5,965.0,3,3,3,333,Regular Customer,Use personalized promotions and cross-selling to increase purchase frequency.
13001.0,5,37,24136.05,5,5,5,555,VIP Customer,"Provide premium offers, loyalty rewards, and personalized recommendations."
13002.0,319,3,414.13,2,3,2,232,At Risk,"Launch re-engagement campaigns, targeted discounts, and reminders to bring customers back."
13003.0,106,3,149.05,3,3,1,331,Regular Customer,Use personalized promotions and cross-selling to increase purchase frequency.
13004.0,12,46,11143.99,5,5,5,555,VIP Customer,"Provide premium offers, loyalty rewards, and personalized recommendations."
13005.0,174,6,935.03,3,4,3,343,Loyal Customer,"Use loyalty programs, cross-selling, and repeat-purchase offers."
13006.0,57,1,81.57,4,1,1,411,Recent Customer,Send welcome offers and personalized product recommendations to encourage a second purchase.
13007.0,580,1,175.25,1,1,1,111,Regular Customer,Use personalized promotions and cross-selling to increase purchase frequency.
13008.0,324,7,543.28,2,4,2,242,At Risk,"Launch re-engagement campaigns, targeted discounts, and reminders to bring customers back."
13009.0,673,1,234.0,1,1,1,111,Regular Customer,Use personalized promotions and cross-selling to increase purchase frequency.
13010.0,375,2,330.12,2,2,2,222,Regular Customer,Use personalized promotions and cross-selling to increase purchase frequency.
13011.0,373,1,101.10000000000001,2,1,1,211,Regular Customer,Use personalized promotions and cross-selling to increase purchase frequency.
13012.0,10,15,2591.1800000000003,5,5,4,554,VIP Customer,"Provide premium offers, loyalty rewards, and personalized recommendations."
13013.0,2,31,12601.82,5,5,5,555,VIP Customer,"Provide premium offers, loyalty rewards, and personalized recommendations."
13014.0,3,18,5220.83,5,5,5,555,VIP Customer,"Provide premium offers, loyalty rewards, and personalized recommendations."
13015.0,54,14,6465.72,4,5,5,455,VIP Customer,"Provide premium offers, loyalty rewards, and personalized recommendations."
13016.0,74,3,789.89,3,3,3,333,Regular Customer,Use personalized promotions and cross-selling to increase purchase frequency.
13017.0,8,1,204.0,5,1,1,511,Recent Customer,Send welcome offers and personalized product recommendations to encourage a second purchase.
13018.0,17,37,9742.81,5,5,5,555,VIP Customer,"Provide premium offers, loyalty rewards, and personalized recommendations."
13019.0,380,8,1212.95,2,4,4,244,At Risk,"Launch re-engagement campaigns, targeted discounts, and reminders to bring customers back."
13020.0,549,5,606.96,1,3,3,133,At Risk,"Launch re-engagement campaigns, targeted discounts, and reminders to bring customers back."
13021.0,5,24,4786.38,5,5,5,555,VIP Customer,"Provide premium offers, loyalty rewards, and personalized recommendations."
13022.0,430,1,65.3,1,1,1,111,Regular Customer,Use personalized promotions and cross-selling to increase purchase frequency.
13023.0,65,3,1449.03,3,3,4,334,Regular Customer,Use personalized promotions and cross-selling to increase purchase frequency.
13024.0,465,3,535.42,1,3,2,132,At Risk,"Launch re-engagement campaigns, targeted discounts, and reminders to bring customers back."
13025.0,732,1,323.39,1,1,2,112,Regular Customer,Use personalized promotions and cross-selling to increase purchase frequency.
13026.0,2,13,1690.12,5,5,4,554,VIP Customer,"Provide premium offers, loyalty rewards, and personalized recommendations."
13027.0,114,23,17148.0,3,5,5,355,Loyal Customer,"Use loyalty programs, cross-selling, and repeat-purchase offers."
13028.0,23,3,659.68,4,3,3,433,Regular Customer,Use personalized promotions and cross-selling to increase purchase frequency.
13029.0,31,5,1927.3,4,3,4,434,Regular Customer,Use personalized promotions and cross-selling to increase purchase frequency.
13030.0,12,2,1227.22,5,2,4,524,Recent Customer,Send welcome offers and personalized product recommendations to encourage a second purchase.
13031.0,408,5,3419.27,2,3,5,235,At Risk,"Launch re-engagement campaigns, targeted discounts, and reminders to bring customers back."
13032.0,39,11,2817.59,4,5,4,454,VIP Customer,"Provide premium offers, loyalty rewards, and personalized recommendations."
13033.0,358,2,220.55,2,2,1,221,Regular Customer,Use personalized promotions and cross-selling to increase purchase frequency.
13034.0,55,3,922.68,4,3,3,433,Regular Customer,Use personalized promotions and cross-selling to increase purchase frequency.
13035.0,58,4,1328.95,4,3,4,434,Regular Customer,Use personalized promotions and cross-selling to increase purchase frequency.
13036.0,685,1,307.1,1,1,2,112,Regular Customer,Use personalized promotions and cross-selling to increase purchase frequency.
13037.0,139,16,3842.55,3,5,5,355,Loyal Customer,"Use loyalty programs, cross-selling, and repeat-purchase offers."
13038.0,81,3,908.46,3,3,3,333,Regular Customer,Use personalized promotions and cross-selling to increase purchase frequency.
13039.0,585,4,1010.73,1,3,3,133,At Risk,"Launch re-engagement campaigns, targeted discounts, and reminders to bring customers back."
13040.0,9,2,676.99,5,2,3,523,Recent Customer,Send welcome offers and personalized product recommendations to encourage a second purchase.
13041.0,451,4,799.13,1,3,3,133,At Risk,"Launch re-engagement campaigns, targeted discounts, and reminders to bring customers back."
13042.0,585,4,1522.79,1,3,4,134,At Risk,"Launch re-engagement campaigns, targeted discounts, and reminders to bring customers back."
13043.0,254,2,471.57,2,2,2,222,Regular Customer,Use personalized promotions and cross-selling to increase purchase frequency.
13044.0,292,13,4824.2,2,5,5,255,At Risk,"Launch re-engagement campaigns, targeted discounts, and reminders to bring customers back."
13045.0,100,3,808.92,3,3,3,333,Regular Customer,Use personalized promotions and cross-selling to increase purchase frequency.
13046.0,31,3,949.25,4,3,3,433,Regular Customer,Use personalized promotions and cross-selling to increase purchase frequency.
13047.0,32,42,8466.72,4,5,5,455,VIP Customer,"Provide premium offers, loyalty rewards, and personalized recommendations."
13048.0,15,13,4035.16,5,5,5,555,VIP Customer,"Provide premium offers, loyalty rewards, and personalized recommendations."
13049.0,65,5,1384.14,3,3,4,334,Regular Customer,Use personalized promotions and cross-selling to increase purchase frequency.
13050.0,10,57,11822.44,5,5,5,555,VIP Customer,"Provide premium offers, loyalty rewards, and personalized recommendations."
13051.0,579,2,155.8,1,2,1,121,Regular Customer,Use personalized promotions and cross-selling to increase purchase frequency.
13052.0,213,7,3168.53,2,4,5,245,At Risk,"Launch re-engagement campaigns, targeted discounts, and reminders to bring customers back."
13053.0,622,1,127.65,1,1,1,111,Regular Customer,Use personalized promotions and cross-selling to increase purchase frequency.
13054.0,683,1,-14.0,1,1,1,111,Regular Customer,Use personalized promotions and cross-selling to increase purchase frequency.
13055.0,65,6,2292.5099999999998,3,4,4,344,Loyal Customer,"Use loyalty programs, cross-selling, and repeat-purchase offers."
13056.0,552,1,209.48,1,1,1,111,Regular Customer,Use personalized promotions and cross-selling to increase purchase frequency.
13057.0,531,4,540.74,1,3,2,132,At Risk,"Launch re-engagement campaigns, targeted discounts, and reminders to bring customers back."
13058.0,25,3,271.40000000000003,4,3,2,432,Regular Customer,Use personalized promotions and cross-selling to increase purchase frequency.
13059.0,250,12,2272.62,2,5,4,254,At Risk,"Launch re-engagement campaigns, targeted discounts, and reminders to bring customers back."
13060.0,254,1,307.53,2,1,2,212,Regular Customer,Use personalized promotions and cross-selling to increase purchase frequency.
13061.0,73,1,248.61,3,1,1,311,Regular Customer,Use personalized promotions and cross-selling to increase purchase frequency.
13062.0,192,1,346.98,2,1,2,212,Regular Customer,Use personalized promotions and cross-selling to increase purchase frequency.
13063.0,481,1,188.4,1,1,1,111,Regular Customer,Use personalized promotions and cross-selling to increase purchase frequency.
13064.0,13,6,1680.74,5,4,4,544,VIP Customer,"Provide premium offers, loyalty rewards, and personalized recommendations."
13065.0,374,6,1255.96,2,4,4,244,At Risk,"Launch re-engagement campaigns, targeted discounts, and reminders to bring customers back."
13066.0,25,3,430.9,4,3,2,432,Regular Customer,Use personalized promotions and cross-selling to increase purchase frequency.
13067.0,83,3,508.51,3,3,2,332,Regular Customer,Use personalized promotions and cross-selling to increase purchase frequency.
13068.0,11,2,344.0,5,2,2,522,Recent Customer,Send welcome offers and personalized product recommendations to encourage a second purchase.
13069.0,1,42,8747.47,5,5,5,555,VIP Customer,"Provide premium offers, loyalty rewards, and personalized recommendations."
13070.0,193,5,743.9,2,3,3,233,At Risk,"Launch re-engagement campaigns, targeted discounts, and reminders to bring customers back."
13071.0,613,1,129.22,1,1,1,111,Regular Customer,Use personalized promotions and cross-selling to increase purchase frequency.
13072.0,267,1,177.15,2,1,1,211,Regular Customer,Use personalized promotions and cross-selling to increase purchase frequency.
13073.0,412,2,418.08,2,2,2,222,Regular Customer,Use personalized promotions and cross-selling to increase purchase frequency.
13074.0,512,5,1362.8400000000001,1,3,4,134,At Risk,"Launch re-engagement campaigns, targeted discounts, and reminders to bring customers back."
13075.0,130,1,919.61,3,1,3,313,Regular Customer,Use personalized promotions and cross-selling to increase purchase frequency.
13076.0,458,1,135.4,1,1,1,111,Regular Customer,Use personalized promotions and cross-selling to increase purchase frequency.
13077.0,2,14,3040.17,5,5,5,555,VIP Customer,"Provide premium offers, loyalty rewards, and personalized recommendations."
13078.0,2,95,28883.83,5,5,5,555,VIP Customer,"Provide premium offers, loyalty rewards, and personalized recommendations."
13079.0,5,6,419.18,5,4,2,542,Loyal Customer,"Use loyalty programs, cross-selling, and repeat-purchase offers."
13080.0,180,5,260.83,3,3,2,332,Regular Customer,Use personalized promotions and cross-selling to increase purchase frequency.
13081.0,2,44,58328.15,5,5,5,555,VIP Customer,"Provide premium offers, loyalty rewards, and personalized recommendations."
13082.0,127,25,7268.92,3,5,5,355,Loyal Customer,"Use loyalty programs, cross-selling, and repeat-purchase offers."
13083.0,5,3,395.43,5,3,2,532,Regular Customer,Use personalized promotions and cross-selling to increase purchase frequency.
13084.0,488,2,116.44999999999999,1,2,1,121,Regular Customer,Use personalized promotions and cross-selling to increase purchase frequency.
13085.0,158,10,1459.46,3,4,4,344,Loyal Customer,"Use loyalty programs, cross-selling, and repeat-purchase offers."
13086.0,383,1,439.33000000000004,2,1,2,212,Regular Customer,Use personalized promotions and cross-selling to increase purchase frequency.
13087.0,727,1,313.64,1,1,2,112,Regular Customer,Use personalized promotions and cross-selling to increase purchase frequency.
13088.0,418,1,236.11,1,1,1,111,Regular Customer,Use personalized promotions and cross-selling to increase purchase frequency.
13089.0,3,247,113214.19,5,5,5,555,VIP Customer,"Provide premium offers, loyalty rewards, and personalized recommendations."
13090.0,9,30,13771.28,5,5,5,555,VIP Customer,"Provide premium offers, loyalty rewards, and personalized recommendations."
13091.0,22,6,-130.21999999999997,4,4,1,441,Loyal Customer,"Use loyalty programs, cross-selling, and repeat-purchase offers."
13092.0,71,15,2007.33,3,5,4,354,Loyal Customer,"Use loyalty programs, cross-selling, and repeat-purchase offers."
13093.0,268,88,54073.729999999996,2,5,5,255,At Risk,"Launch re-engagement campaigns, targeted discounts, and reminders to bring customers back."
13094.0,22,17,2214.6600000000003,4,5,4,454,VIP Customer,"Provide premium offers, loyalty rewards, and personalized recommendations."
13095.0,71,1,74.39999999999999,3,1,1,311,Regular Customer,Use personalized promotions and cross-selling to increase purchase frequency.
13096.0,395,1,419.70000000000005,2,1,2,212,Regular Customer,Use personalized promotions and cross-selling to increase purchase frequency.
13097.0,33,40,12861.73,4,5,5,455,VIP Customer,"Provide premium offers, loyalty rewards, and personalized recommendations."
13098.0,2,41,28658.88,5,5,5,555,VIP Customer,"Provide premium offers, loyalty rewards, and personalized recommendations."
13099.0,100,1,207.35999999999999,3,1,1,311,Regular Customer,Use personalized promotions and cross-selling to increase purchase frequency.
13100.0,625,1,-1598.67,1,1,1,111,Regular Customer,Use personalized promotions and cross-selling to increase purchase frequency.
13101.0,235,4,695.4,2,3,3,233,At Risk,"Launch re-engagement campaigns, targeted discounts, and reminders to bring customers back."
13102.0,2,42,11440.12,5,5,5,555,VIP Customer,"Provide premium offers, loyalty rewards, and personalized recommendations."
13103.0,40,3,709.64,4,3,3,433,Regular Customer,Use personalized promotions and cross-selling to increase purchase frequency.
13104.0,4,9,1709.1,5,4,4,544,VIP Customer,"Provide premium offers, loyalty rewards, and personalized recommendations."
13105.0,437,1,72.0,1,1,1,111,Regular Customer,Use personalized promotions and cross-selling to increase purchase frequency.
13106.0,129,3,586.46,3,3,3,333,Regular Customer,Use personalized promotions and cross-selling to increase purchase frequency.
13107.0,45,15,5109.62,4,5,5,455,VIP Customer,"Provide premium offers, loyalty rewards, and personalized recommendations."
13108.0,373,2,1098.52,2,2,3,223,Regular Customer,Use personalized promotions and cross-selling to increase purchase frequency.
13109.0,3,7,1107.58,5,4,3,543,Loyal Customer,"Use loyalty programs, cross-selling, and repeat-purchase offers."
13110.0,32,14,2896.17,4,5,5,455,VIP Customer,"Provide premium offers, loyalty rewards, and personalized recommendations."
13111.0,719,1,321.88000000000005,1,1,2,112,Regular Customer,Use personalized promotions and cross-selling to increase purchase frequency.
13112.0,542,3,-5.44,1,3,1,131,At Risk,"Launch re-engagement campaigns, targeted discounts, and reminders to bring customers back."
13113.0,1,60,16600.25,5,5,5,555,VIP Customer,"Provide premium offers, loyalty rewards, and personalized recommendations."
13114.0,731,1,234.38,1,1,1,111,Regular Customer,Use personalized promotions and cross-selling to increase purchase frequency.
13115.0,9,23,5374.45,5,5,5,555,VIP Customer,"Provide premium offers, loyalty rewards, and personalized recommendations."
13116.0,118,2,485.19,3,2,2,322,Regular Customer,Use personalized promotions and cross-selling to increase purchase frequency.
13117.0,22,19,2642.11,4,5,4,454,VIP Customer,"Provide premium offers, loyalty rewards, and personalized recommendations."
13118.0,20,12,2334.1,4,5,4,454,VIP Customer,"Provide premium offers, loyalty rewards, and personalized recommendations."
13119.0,669,1,134.9,1,1,1,111,Regular Customer,Use personalized promotions and cross-selling to increase purchase frequency.
13120.0,239,1,30.599999999999998,2,1,1,211,Regular Customer,Use personalized promotions and cross-selling to increase purchase frequency.
13121.0,270,2,254.73,2,2,1,221,Regular Customer,Use personalized promotions and cross-selling to increase purchase frequency.
13122.0,95,2,922.39,3,2,3,323,Regular Customer,Use personalized promotions and cross-selling to increase purchase frequency.
13123.0,473,2,506.75,1,2,2,122,Regular Customer,Use personalized promotions and cross-selling to increase purchase frequency.
13124.0,90,4,4782.45,3,3,5,335,Regular Customer,Use personalized promotions and cross-selling to increase purchase frequency.
13125.0,524,1,158.57,1,1,1,111,Regular Customer,Use personalized promotions and cross-selling to increase purchase frequency.
13126.0,5,19,3902.47,5,5,5,555,VIP Customer,"Provide premium offers, loyalty rewards, and personalized recommendations."
13127.0,78,1,259.17,3,1,1,311,Regular Customer,Use personalized promotions and cross-selling to increase purchase frequency.
13128.0,632,1,263.5,1,1,2,112,Regular Customer,Use personalized promotions and cross-selling to increase purchase frequency.
13129.0,453,2,233.25,1,2,1,121,Regular Customer,Use personalized promotions and cross-selling to increase purchase frequency.
13130.0,95,1,64.0,3,1,1,311,Regular Customer,Use personalized promotions and cross-selling to increase purchase frequency.
13131.0,24,8,3279.77,4,4,5,445,VIP Customer,"Provide premium offers, loyalty rewards, and personalized recommendations."
13132.0,262,1,77.3,2,1,1,211,Regular Customer,Use personalized promotions and cross-selling to increase purchase frequency.
13133.0,274,3,200.45000000000002,2,3,1,231,At Risk,"Launch re-engagement campaigns, targeted discounts, and reminders to bring customers back."
13134.0,73,9,2422.28,3,4,4,344,Loyal Customer,"Use loyalty programs, cross-selling, and repeat-purchase offers."
13135.0,197,2,3371.45,2,2,5,225,Regular Customer,Use personalized promotions and cross-selling to increase purchase frequency.
13136.0,51,24,6077.8,4,5,5,455,VIP Customer,"Provide premium offers, loyalty rewards, and personalized recommendations."
13137.0,11,17,7667.37,5,5,5,555,VIP Customer,"Provide premium offers, loyalty rewards, and personalized recommendations."
13138.0,23,8,1454.49,4,4,4,444,VIP Customer,"Provide premium offers, loyalty rewards, and personalized recommendations."
13139.0,17,9,8193.83,5,4,5,545,VIP Customer,"Provide premium offers, loyalty rewards, and personalized recommendations."
13140.0,109,5,1215.68,3,3,4,334,Regular Customer,Use personalized promotions and cross-selling to increase purchase frequency.
13141.0,85,21,7536.63,3,5,5,355,Loyal Customer,"Use loyalty programs, cross-selling, and repeat-purchase offers."
13142.0,20,1,307.09,4,1,2,412,Recent Customer,Send welcome offers and personalized product recommendations to encourage a second purchase.
13143.0,583,2,399.2,1,2,2,122,Regular Customer,Use personalized promotions and cross-selling to increase purchase frequency.
13144.0,333,2,135.35,2,2,1,221,Regular Customer,Use personalized promotions and cross-selling to increase purchase frequency.
13145.0,40,8,1419.77,4,4,4,444,VIP Customer,"Provide premium offers, loyalty rewards, and personalized recommendations."
13146.0,27,1,228.91,4,1,1,411,Recent Customer,Send welcome offers and personalized product recommendations to encourage a second purchase.
13147.0,11,4,712.8000000000001,5,3,3,533,Regular Customer,Use personalized promotions and cross-selling to increase purchase frequency.
13148.0,30,36,8123.6,4,5,5,455,VIP Customer,"Provide premium offers, loyalty rewards, and personalized recommendations."
13149.0,15,4,1676.06,5,3,4,534,Regular Customer,Use personalized promotions and cross-selling to increase purchase frequency.
13150.0,471,4,435.02,1,3,2,132,At Risk,"Launch re-engagement campaigns, targeted discounts, and reminders to bring customers back."
13151.0,204,5,2511.69,2,3,4,234,At Risk,"Launch re-engagement campaigns, targeted discounts, and reminders to bring customers back."
13152.0,418,9,2114.98,1,4,4,144,At Risk,"Launch re-engagement campaigns, targeted discounts, and reminders to bring customers back."
13153.0,6,1,486.22,5,1,2,512,Recent Customer,Send welcome offers and personalized product recommendations to encourage a second purchase.
13154.0,145,5,997.4300000000001,3,3,3,333,Regular Customer,Use personalized promotions and cross-selling to increase purchase frequency.
13155.0,34,6,1750.18,4,4,4,444,VIP Customer,"Provide premium offers, loyalty rewards, and personalized recommendations."
13156.0,386,3,1586.54,2,3,4,234,At Risk,"Launch re-engagement campaigns, targeted discounts, and reminders to bring customers back."
13157.0,50,10,5667.71,4,4,5,445,VIP Customer,"Provide premium offers, loyalty rewards, and personalized recommendations."
13158.0,95,5,1508.18,3,3,4,334,Regular Customer,Use personalized promotions and cross-selling to increase purchase frequency.
13159.0,9,5,1379.75,5,3,4,534,Regular Customer,Use personalized promotions and cross-selling to increase purchase frequency.
13160.0,23,1,91.8,4,1,1,411,Recent Customer,Send welcome offers and personalized product recommendations to encourage a second purchase.
13161.0,314,2,478.88,2,2,2,222,Regular Customer,Use personalized promotions and cross-selling to increase purchase frequency.
13162.0,123,19,9116.94,3,5,5,355,Loyal Customer,"Use loyalty programs, cross-selling, and repeat-purchase offers."
13163.0,611,2,0.0,1,2,1,121,Regular Customer,Use personalized promotions and cross-selling to increase purchase frequency.
13164.0,570,3,297.46000000000004,1,3,2,132,At Risk,"Launch re-engagement campaigns, targeted discounts, and reminders to bring customers back."
13165.0,47,3,1451.16,4,3,4,434,Regular Customer,Use personalized promotions and cross-selling to increase purchase frequency.
13166.0,283,3,881.68,2,3,3,233,At Risk,"Launch re-engagement campaigns, targeted discounts, and reminders to bring customers back."
13167.0,19,5,1125.15,5,3,3,533,Regular Customer,Use personalized promotions and cross-selling to increase purchase frequency.
13168.0,37,6,1866.26,4,4,4,444,VIP Customer,"Provide premium offers, loyalty rewards, and personalized recommendations."
13169.0,64,3,840.08,3,3,3,333,Regular Customer,Use personalized promotions and cross-selling to increase purchase frequency.
13170.0,27,1,116.00999999999999,4,1,1,411,Recent Customer,Send welcome offers and personalized product recommendations to encourage a second purchase.
13171.0,9,5,426.81,5,3,2,532,Regular Customer,Use personalized promotions and cross-selling to increase purchase frequency.
13172.0,401,1,69.6,2,1,1,211,Regular Customer,Use personalized promotions and cross-selling to increase purchase frequency.
13173.0,5,13,2620.5,5,5,4,554,VIP Customer,"Provide premium offers, loyalty rewards, and personalized recommendations."
13174.0,17,12,9494.84,5,5,5,555,VIP Customer,"Provide premium offers, loyalty rewards, and personalized recommendations."
13175.0,555,4,793.1,1,3,3,133,At Risk,"Launch re-engagement campaigns, targeted discounts, and reminders to bring customers back."
13176.0,47,1,492.84,4,1,2,412,Recent Customer,Send welcome offers and personalized product recommendations to encourage a second purchase.
13177.0,65,2,512.2,3,2,2,322,Regular Customer,Use personalized promotions and cross-selling to increase purchase frequency.
13178.0,27,25,13997.89,4,5,5,455,VIP Customer,"Provide premium offers, loyalty rewards, and personalized recommendations."
13179.0,619,1,572.3100000000001,1,1,2,112,Regular Customer,Use personalized promotions and cross-selling to increase purchase frequency.
13180.0,608,1,86.10000000000001,1,1,1,111,Regular Customer,Use personalized promotions and cross-selling to increase purchase frequency.
13181.0,382,1,359.69,2,1,2,212,Regular Customer,Use personalized promotions and cross-selling to increase purchase frequency.
13182.0,46,1,121.18,4,1,1,411,Recent Customer,Send welcome offers and personalized product recommendations to encourage a second purchase.
13183.0,8,18,7010.88,5,5,5,555,VIP Customer,"Provide premium offers, loyalty rewards, and personalized recommendations."
13184.0,15,12,1648.79,5,5,4,554,VIP Customer,"Provide premium offers, loyalty rewards, and personalized recommendations."
13185.0,268,1,71.4,2,1,1,211,Regular Customer,Use personalized promotions and cross-selling to increase purchase frequency.
13186.0,40,5,1539.69,4,3,4,434,Regular Customer,Use personalized promotions and cross-selling to increase purchase frequency.
13187.0,338,5,348.31,2,3,2,232,At Risk,"Launch re-engagement campaigns, targeted discounts, and reminders to bring customers back."
13188.0,12,1,114.60000000000001,5,1,1,511,Recent Customer,Send welcome offers and personalized product recommendations to encourage a second purchase.
13189.0,19,2,260.68,5,2,2,522,Recent Customer,Send welcome offers and personalized product recommendations to encourage a second purchase.
13190.0,545,4,518.76,1,3,2,132,At Risk,"Launch re-engagement campaigns, targeted discounts, and reminders to bring customers back."
13191.0,659,1,164.69,1,1,1,111,Regular Customer,Use personalized promotions and cross-selling to increase purchase frequency.
13192.0,96,8,2544.53,3,4,4,344,Loyal Customer,"Use loyalty programs, cross-selling, and repeat-purchase offers."
13193.0,62,1,117.88,3,1,1,311,Regular Customer,Use personalized promotions and cross-selling to increase purchase frequency.
13194.0,136,2,472.78,3,2,2,322,Regular Customer,Use personalized promotions and cross-selling to increase purchase frequency.
13195.0,415,1,172.38,1,1,1,111,Regular Customer,Use personalized promotions and cross-selling to increase purchase frequency.
13196.0,12,8,3059.64,5,4,5,545,VIP Customer,"Provide premium offers, loyalty rewards, and personalized recommendations."
13197.0,610,1,373.01000000000005,1,1,2,112,Regular Customer,Use personalized promotions and cross-selling to increase purchase frequency.
13198.0,11,12,4912.28,5,5,5,555,VIP Customer,"Provide premium offers, loyalty rewards, and personalized recommendations."
13199.0,4,69,16404.98,5,5,5,555,VIP Customer,"Provide premium offers, loyalty rewards, and personalized recommendations."
13200.0,20,4,870.09,4,3,3,433,Regular Customer,Use personalized promotions and cross-selling to increase purchase frequency.
13201.0,503,4,1240.6100000000001,1,3,4,134,At Risk,"Launch re-engagement campaigns, targeted discounts, and reminders to bring customers back."
13202.0,379,8,1571.35,2,4,4,244,At Risk,"Launch re-engagement campaigns, targeted discounts, and reminders to bring customers back."
13203.0,10,11,2630.55,5,5,4,554,VIP Customer,"Provide premium offers, loyalty rewards, and personalized recommendations."
13204.0,732,1,966.6600000000001,1,1,3,113,Regular Customer,Use personalized promotions and cross-selling to increase purchase frequency.
13205.0,444,1,2803.2,1,1,4,114,Regular Customer,Use personalized promotions and cross-selling to increase purchase frequency.
13206.0,401,15,8280.13,2,5,5,255,At Risk,"Launch re-engagement campaigns, targeted discounts, and reminders to bring customers back."
13207.0,16,4,535.86,5,3,2,532,Regular Customer,Use personalized promotions and cross-selling to increase purchase frequency.
13208.0,59,10,1970.5,4,4,4,444,VIP Customer,"Provide premium offers, loyalty rewards, and personalized recommendations."
13209.0,31,16,8438.06,4,5,5,455,VIP Customer,"Provide premium offers, loyalty rewards, and personalized recommendations."
13210.0,94,1,353.48,3,1,2,312,Regular Customer,Use personalized promotions and cross-selling to increase purchase frequency.
13211.0,11,12,2706.87,5,5,4,554,VIP Customer,"Provide premium offers, loyalty rewards, and personalized recommendations."
13212.0,10,4,780.58,5,3,3,533,Regular Customer,Use personalized promotions and cross-selling to increase purchase frequency.
13213.0,57,14,3834.62,4,5,5,455,VIP Customer,"Provide premium offers, loyalty rewards, and personalized recommendations."
13214.0,418,7,3264.23,1,4,5,145,At Risk,"Launch re-engagement campaigns, targeted discounts, and reminders to bring customers back."
13215.0,403,1,81.6,2,1,1,211,Regular Customer,Use personalized promotions and cross-selling to increase purchase frequency.
13216.0,268,1,333.74,2,1,2,212,Regular Customer,Use personalized promotions and cross-selling to increase purchase frequency.
13217.0,123,6,266.12,3,4,2,342,Loyal Customer,"Use loyalty programs, cross-selling, and repeat-purchase offers."
13218.0,128,1,62.63999999999999,3,1,1,311,Regular Customer,Use personalized promotions and cross-selling to increase purchase frequency.
13219.0,619,1,76.23,1,1,1,111,Regular Customer,Use personalized promotions and cross-selling to increase purchase frequency.
13220.0,79,5,1336.0900000000001,3,3,4,334,Regular Customer,Use personalized promotions and cross-selling to increase purchase frequency.
13221.0,241,2,847.41,2,2,3,223,Regular Customer,Use personalized promotions and cross-selling to increase purchase frequency.
13222.0,578,1,88.5,1,1,1,111,Regular Customer,Use personalized promotions and cross-selling to increase purchase frequency.
13223.0,201,6,969.1200000000001,2,4,3,243,At Risk,"Launch re-engagement campaigns, targeted discounts, and reminders to bring customers back."
13224.0,61,3,2150.85,3,3,4,334,Regular Customer,Use personalized promotions and cross-selling to increase purchase frequency.
13225.0,4,17,15879.27,5,5,5,555,VIP Customer,"Provide premium offers, loyalty rewards, and personalized recommendations."
13226.0,274,2,312.46,2,2,2,222,Regular Customer,Use personalized promotions and cross-selling to increase purchase frequency.
13227.0,202,1,257.7,2,1,1,211,Regular Customer,Use personalized promotions and cross-selling to increase purchase frequency.
13228.0,82,1,358.0,3,1,2,312,Regular Customer,Use personalized promotions and cross-selling to increase purchase frequency.
13229.0,226,1,160.95,2,1,1,211,Regular Customer,Use personalized promotions and cross-selling to increase purchase frequency.
13230.0,5,31,6317.22,5,5,5,555,VIP Customer,"Provide premium offers, loyalty rewards, and personalized recommendations."
13231.0,547,1,-355.2,1,1,1,111,Regular Customer,Use personalized promotions and cross-selling to increase purchase frequency.
13232.0,13,7,1357.6,5,4,4,544,VIP Customer,"Provide premium offers, loyalty rewards, and personalized recommendations."
13233.0,75,4,1176.46,3,3,3,333,Regular Customer,Use personalized promotions and cross-selling to increase purchase frequency.
13234.0,673,2,356.95,1,2,2,122,Regular Customer,Use personalized promotions and cross-selling to increase purchase frequency.
13235.0,212,2,101.17000000000007,2,2,1,221,Regular Customer,Use personalized promotions and cross-selling to increase purchase frequency.
13236.0,25,3,727.27,4,3,3,433,Regular Customer,Use personalized promotions and cross-selling to increase purchase frequency.
13237.0,388,1,643.0,2,1,3,213,Regular Customer,Use personalized promotions and cross-selling to increase purchase frequency.
13238.0,12,7,986.73,5,4,3,543,Loyal Customer,"Use loyalty programs, cross-selling, and repeat-purchase offers."
13239.0,262,6,1579.84,2,4,4,244,At Risk,"Launch re-engagement campaigns, targeted discounts, and reminders to bring customers back."
13240.0,97,9,1661.17,3,4,4,344,Loyal Customer,"Use loyalty programs, cross-selling, and repeat-purchase offers."
13241.0,412,1,115.58,2,1,1,211,Regular Customer,Use personalized promotions and cross-selling to increase purchase frequency.
13242.0,113,7,699.4,3,4,3,343,Loyal Customer,"Use loyalty programs, cross-selling, and repeat-purchase offers."
13243.0,204,5,1278.04,2,3,4,234,At Risk,"Launch re-engagement campaigns, targeted discounts, and reminders to bring customers back."
13244.0,93,1,121.74000000000001,3,1,1,311,Regular Customer,Use personalized promotions and cross-selling to increase purchase frequency.
13245.0,51,2,989.22,4,2,3,423,Recent Customer,Send welcome offers and personalized product recommendations to encourage a second purchase.
13246.0,19,14,3277.68,5,5,5,555,VIP Customer,"Provide premium offers, loyalty rewards, and personalized recommendations."
13247.0,18,4,501.12,5,3,2,532,Regular Customer,Use personalized promotions and cross-selling to increase purchase frequency.
13248.0,125,2,465.68,3,2,2,322,Regular Customer,Use personalized promotions and cross-selling to increase purchase frequency.
13249.0,93,9,1608.93,3,4,4,344,Loyal Customer,"Use loyalty programs, cross-selling, and repeat-purchase offers."
13250.0,453,3,248.54000000000002,1,3,1,131,At Risk,"Launch re-engagement campaigns, targeted discounts, and reminders to bring customers back."
13251.0,403,1,252.68,2,1,1,211,Regular Customer,Use personalized promotions and cross-selling to increase purchase frequency.
13252.0,395,3,341.3,2,3,2,232,At Risk,"Launch re-engagement campaigns, targeted discounts, and reminders to bring customers back."
13253.0,157,4,2951.11,3,3,5,335,Regular Customer,Use personalized promotions and cross-selling to increase purchase frequency.
13254.0,377,1,51.410000000000004,2,1,1,211,Regular Customer,Use personalized promotions and cross-selling to increase purchase frequency.
13255.0,4,4,895.61,5,3,3,533,Regular Customer,Use personalized promotions and cross-selling to increase purchase frequency.
13256.0,15,1,0.0,5,1,1,511,Recent Customer,Send welcome offers and personalized product recommendations to encourage a second purchase.
13257.0,428,3,117.95,1,3,1,131,At Risk,"Launch re-engagement campaigns, targeted discounts, and reminders to bring customers back."
13258.0,12,5,1035.18,5,3,3,533,Regular Customer,Use personalized promotions and cross-selling to increase purchase frequency.
13259.0,62,9,1433.38,3,4,4,344,Loyal Customer,"Use loyalty programs, cross-selling, and repeat-purchase offers."
13260.0,62,1,557.62,3,1,2,312,Regular Customer,Use personalized promotions and cross-selling to increase purchase frequency.
13261.0,269,2,944.1,2,2,3,223,Regular Customer,Use personalized promotions and cross-selling to increase purchase frequency.
13262.0,264,3,573.45,2,3,2,232,At Risk,"Launch re-engagement campaigns, targeted discounts, and reminders to bring customers back."
13263.0,2,39,8704.69,5,5,5,555,VIP Customer,"Provide premium offers, loyalty rewards, and personalized recommendations."
13264.0,443,1,722.5600000000001,1,1,3,113,Regular Customer,Use personalized promotions and cross-selling to increase purchase frequency.
13265.0,54,5,2107.66,4,3,4,434,Regular Customer,Use personalized promotions and cross-selling to increase purchase frequency.
13266.0,12,30,5965.3,5,5,5,555,VIP Customer,"Provide premium offers, loyalty rewards, and personalized recommendations."
13267.0,3,50,9512.210000000001,5,5,5,555,VIP Customer,"Provide premium offers, loyalty rewards, and personalized recommendations."
13268.0,18,15,3167.64,5,5,5,555,VIP Customer,"Provide premium offers, loyalty rewards, and personalized recommendations."
13269.0,2,30,8861.39,5,5,5,555,VIP Customer,"Provide premium offers, loyalty rewards, and personalized recommendations."
13270.0,367,1,1180.0,2,1,3,213,Regular Customer,Use personalized promotions and cross-selling to increase purchase frequency.
13271.0,38,2,178.26,4,2,1,421,Recent Customer,Send welcome offers and personalized product recommendations to encourage a second purchase.
13272.0,32,2,276.56,4,2,2,422,Recent Customer,Send welcome offers and personalized product recommendations to encourage a second purchase.
13273.0,114,1,138.98,3,1,1,311,Regular Customer,Use personalized promotions and cross-selling to increase purchase frequency.
13274.0,410,1,360.85,2,1,2,212,Regular Customer,Use personalized promotions and cross-selling to increase purchase frequency.
13275.0,384,2,241.66,2,2,1,221,Regular Customer,Use personalized promotions and cross-selling to increase purchase frequency.
13276.0,64,7,1918.56,3,4,4,344,Loyal Customer,"Use loyalty programs, cross-selling, and repeat-purchase offers."
13277.0,16,7,523.3,5,4,2,542,Loyal Customer,"Use loyalty programs, cross-selling, and repeat-purchase offers."
13278.0,41,5,1428.2,4,3,4,434,Regular Customer,Use personalized promotions and cross-selling to increase purchase frequency.
13279.0,65,2,126.30000000000001,3,2,1,321,Regular Customer,Use personalized promotions and cross-selling to increase purchase frequency.
13280.0,123,8,2297.13,3,4,4,344,Loyal Customer,"Use loyalty programs, cross-selling, and repeat-purchase offers."
13281.0,438,3,306.45,1,3,2,132,At Risk,"Launch re-engagement campaigns, targeted discounts, and reminders to bring customers back."
13282.0,19,7,1228.89,5,4,4,544,VIP Customer,"Provide premium offers, loyalty rewards, and personalized recommendations."
13283.0,60,4,373.36,3,3,2,332,Regular Customer,Use personalized promotions and cross-selling to increase purchase frequency.
13284.0,323,2,196.15,2,2,1,221,Regular Customer,Use personalized promotions and cross-selling to increase purchase frequency.
13285.0,24,6,3364.59,4,4,5,445,VIP Customer,"Provide premium offers, loyalty rewards, and personalized recommendations."
13286.0,601,1,734.91,1,1,3,113,Regular Customer,Use personalized promotions and cross-selling to increase purchase frequency.
13287.0,584,7,519.67,1,4,2,142,At Risk,"Launch re-engagement campaigns, targeted discounts, and reminders to bring customers back."
13288.0,444,6,892.16,1,4,3,143,At Risk,"Launch re-engagement campaigns, targeted discounts, and reminders to bring customers back."
13289.0,724,1,307.95,1,1,2,112,Regular Customer,Use personalized promotions and cross-selling to increase purchase frequency.
13290.0,431,3,-208.63,1,3,1,131,At Risk,"Launch re-engagement campaigns, targeted discounts, and reminders to bring customers back."
13291.0,156,11,3320.84,3,5,5,355,Loyal Customer,"Use loyalty programs, cross-selling, and repeat-purchase offers."
13292.0,39,6,987.79,4,4,3,443,Loyal Customer,"Use loyalty programs, cross-selling, and repeat-purchase offers."
13293.0,393,7,1180.34,2,4,3,243,At Risk,"Launch re-engagement campaigns, targeted discounts, and reminders to bring customers back."
13294.0,190,3,1689.53,3,3,4,334,Regular Customer,Use personalized promotions and cross-selling to increase purchase frequency.
13295.0,360,9,1058.02,2,4,3,243,At Risk,"Launch re-engagement campaigns, targeted discounts, and reminders to bring customers back."
13296.0,138,6,792.51,3,4,3,343,Loyal Customer,"Use loyalty programs, cross-selling, and repeat-purchase offers."
13297.0,8,8,4352.67,5,4,5,545,VIP Customer,"Provide premium offers, loyalty rewards, and personalized recommendations."
13298.0,2,1,360.0,5,1,2,512,Recent Customer,Send welcome offers and personalized product recommendations to encourage a second purchase.
13299.0,269,5,1173.3,2,3,3,233,At Risk,"Launch re-engagement campaigns, targeted discounts, and reminders to bring customers back."
13300.0,165,5,1267.21,3,3,4,334,Regular Customer,Use personalized promotions and cross-selling to increase purchase frequency.
13301.0,104,4,618.09,3,3,3,333,Regular Customer,Use personalized promotions and cross-selling to increase purchase frequency.
13302.0,156,2,159.2,3,2,1,321,Regular Customer,Use personalized promotions and cross-selling to increase purchase frequency.
13303.0,401,1,61.72,2,1,1,211,Regular Customer,Use personalized promotions and cross-selling to increase purchase frequency.
13304.0,352,7,1120.79,2,4,3,243,At Risk,"Launch re-engagement campaigns, targeted discounts, and reminders to bring customers back."
13305.0,5,16,3754.71,5,5,5,555,VIP Customer,"Provide premium offers, loyalty rewards, and personalized recommendations."
13306.0,431,1,53.65,1,1,1,111,Regular Customer,Use personalized promotions and cross-selling to increase purchase frequency.
13307.0,121,3,273.34,3,3,2,332,Regular Customer,Use personalized promotions and cross-selling to increase purchase frequency.
13308.0,23,5,1652.47,4,3,4,434,Regular Customer,Use personalized promotions and cross-selling to increase purchase frequency.
13309.0,8,6,1706.3700000000001,5,4,4,544,VIP Customer,"Provide premium offers, loyalty rewards, and personalized recommendations."
13310.0,9,8,1492.8,5,4,4,544,VIP Customer,"Provide premium offers, loyalty rewards, and personalized recommendations."
13311.0,5,2,598.57,5,2,3,523,Recent Customer,Send welcome offers and personalized product recommendations to encourage a second purchase.
13312.0,452,1,124.75,1,1,1,111,Regular Customer,Use personalized promotions and cross-selling to increase purchase frequency.
13313.0,23,15,3423.27,4,5,5,455,VIP Customer,"Provide premium offers, loyalty rewards, and personalized recommendations."
13314.0,2,4,578.66,5,3,2,532,Regular Customer,Use personalized promotions and cross-selling to increase purchase frequency.
13315.0,690,1,310.26,1,1,2,112,Regular Customer,Use personalized promotions and cross-selling to increase purchase frequency.
13316.0,38,12,12906.93,4,5,5,455,VIP Customer,"Provide premium offers, loyalty rewards, and personalized recommendations."
13317.0,65,31,6068.531,3,5,5,355,Loyal Customer,"Use loyalty programs, cross-selling, and repeat-purchase offers."
13318.0,2,3,640.76,5,3,3,533,Regular Customer,Use personalized promotions and cross-selling to increase purchase frequency.
13319.0,6,78,21706.09,5,5,5,555,VIP Customer,"Provide premium offers, loyalty rewards, and personalized recommendations."
13320.0,71,9,2160.95,3,4,4,344,Loyal Customer,"Use loyalty programs, cross-selling, and repeat-purchase offers."
13321.0,73,2,567.36,3,2,2,322,Regular Customer,Use personalized promotions and cross-selling to increase purchase frequency.
13322.0,18,1,199.48000000000002,5,1,1,511,Recent Customer,Send welcome offers and personalized product recommendations to encourage a second purchase.
13323.0,4,5,787.85,5,3,3,533,Regular Customer,Use personalized promotions and cross-selling to increase purchase frequency.
13324.0,33,23,10421.369999999999,4,5,5,455,VIP Customer,"Provide premium offers, loyalty rewards, and personalized recommendations."
13325.0,82,1,675.3,3,1,3,313,Regular Customer,Use personalized promotions and cross-selling to increase purchase frequency.
13326.0,433,1,281.76,1,1,2,112,Regular Customer,Use personalized promotions and cross-selling to increase purchase frequency.
13327.0,39,22,9741.03,4,5,5,455,VIP Customer,"Provide premium offers, loyalty rewards, and personalized recommendations."
13328.0,317,1,1308.48,2,1,4,214,Regular Customer,Use personalized promotions and cross-selling to increase purchase frequency.
13329.0,32,14,4977.0199999999995,4,5,5,455,VIP Customer,"Provide premium offers, loyalty rewards, and personalized recommendations."
13330.0,93,6,2806.18,3,4,4,344,Loyal Customer,"Use loyalty programs, cross-selling, and repeat-purchase offers."
13331.0,402,1,262.4,2,1,2,212,Regular Customer,Use personalized promotions and cross-selling to increase purchase frequency.
13332.0,15,1,350.9,5,1,2,512,Recent Customer,Send welcome offers and personalized product recommendations to encourage a second purchase.
13333.0,412,3,1015.74,2,3,3,233,At Risk,"Launch re-engagement campaigns, targeted discounts, and reminders to bring customers back."
13334.0,83,6,6257.0,3,4,5,345,Loyal Customer,"Use loyalty programs, cross-selling, and repeat-purchase offers."
13335.0,541,1,-955.06,1,1,1,111,Regular Customer,Use personalized promotions and cross-selling to increase purchase frequency.
13336.0,78,1,795.12,3,1,3,313,Regular Customer,Use personalized promotions and cross-selling to increase purchase frequency.
13337.0,519,2,1548.55,1,2,4,124,Regular Customer,Use personalized promotions and cross-selling to increase purchase frequency.
13338.0,155,10,2223.62,3,4,4,344,Loyal Customer,"Use loyalty programs, cross-selling, and repeat-purchase offers."
13339.0,201,1,860.12,2,1,3,213,Regular Customer,Use personalized promotions and cross-selling to increase purchase frequency.
13340.0,46,12,22100.56,4,5,5,455,VIP Customer,"Provide premium offers, loyalty rewards, and personalized recommendations."
13341.0,261,1,775.85,2,1,3,213,Regular Customer,Use personalized promotions and cross-selling to increase purchase frequency.
13342.0,583,1,-14.100000000000001,1,1,1,111,Regular Customer,Use personalized promotions and cross-selling to increase purchase frequency.
13343.0,173,2,303.93,3,2,2,322,Regular Customer,Use personalized promotions and cross-selling to increase purchase frequency.
13344.0,68,3,2543.72,3,3,4,334,Regular Customer,Use personalized promotions and cross-selling to increase purchase frequency.
13345.0,277,2,377.6,2,2,2,222,Regular Customer,Use personalized promotions and cross-selling to increase purchase frequency.
13346.0,463,6,299.4,1,4,2,142,At Risk,"Launch re-engagement campaigns, targeted discounts, and reminders to bring customers back."
13347.0,71,1,341.36,3,1,2,312,Regular Customer,Use personalized promotions and cross-selling to increase purchase frequency.
13348.0,65,1,233.76,3,1,1,311,Regular Customer,Use personalized promotions and cross-selling to increase purchase frequency.
13349.0,11,1,247.32,5,1,1,511,Recent Customer,Send welcome offers and personalized product recommendations to encourage a second purchase.
13350.0,17,3,910.72,5,3,3,533,Regular Customer,Use personalized promotions and cross-selling to increase purchase frequency.
13351.0,67,1,373.94,3,1,2,312,Regular Customer,Use personalized promotions and cross-selling to increase purchase frequency.
13352.0,8,2,389.28,5,2,2,522,Recent Customer,Send welcome offers and personalized product recommendations to encourage a second purchase.
13353.0,389,1,-28.849999999999998,2,1,1,211,Regular Customer,Use personalized promotions and cross-selling to increase purchase frequency.
13354.0,72,1,743.53,3,1,3,313,Regular Customer,Use personalized promotions and cross-selling to increase purchase frequency.
13355.0,123,1,674.7,3,1,3,313,Regular Customer,Use personalized promotions and cross-selling to increase purchase frequency.
13356.0,81,1,768.24,3,1,3,313,Regular Customer,Use personalized promotions and cross-selling to increase purchase frequency.
13357.0,258,5,3838.36,2,3,5,235,At Risk,"Launch re-engagement campaigns, targeted discounts, and reminders to bring customers back."
13358.0,269,1,439.03,2,1,2,212,Regular Customer,Use personalized promotions and cross-selling to increase purchase frequency.
13359.0,60,4,1001.96,3,3,3,333,Regular Customer,Use personalized promotions and cross-selling to increase purchase frequency.
13360.0,429,7,1464.1,1,4,4,144,At Risk,"Launch re-engagement campaigns, targeted discounts, and reminders to bring customers back."
13361.0,473,2,1450.5,1,2,4,124,Regular Customer,Use personalized promotions and cross-selling to increase purchase frequency.
13362.0,4,10,5357.57,5,4,5,545,VIP Customer,"Provide premium offers, loyalty rewards, and personalized recommendations."
13363.0,18,3,1723.86,5,3,4,534,Regular Customer,Use personalized promotions and cross-selling to increase purchase frequency.
13364.0,67,2,0.0,3,2,1,321,Regular Customer,Use personalized promotions and cross-selling to increase purchase frequency.
13365.0,9,4,2164.32,5,3,4,534,Regular Customer,Use personalized promotions and cross-selling to increase purchase frequency.
13366.0,51,1,56.160000000000004,4,1,1,411,Recent Customer,Send welcome offers and personalized product recommendations to encourage a second purchase.
13367.0,432,1,510.20000000000005,1,1,2,112,Regular Customer,Use personalized promotions and cross-selling to increase purchase frequency.
13368.0,257,5,1086.1,2,3,3,233,At Risk,"Launch re-engagement campaigns, targeted discounts, and reminders to bring customers back."
13369.0,355,2,572.03,2,2,2,222,Regular Customer,Use personalized promotions and cross-selling to increase purchase frequency.
13370.0,367,2,1442.64,2,2,4,224,Regular Customer,Use personalized promotions and cross-selling to increase purchase frequency.
13371.0,499,4,2271.46,1,3,4,134,At Risk,"Launch re-engagement campaigns, targeted discounts, and reminders to bring customers back."
13372.0,90,1,378.64,3,1,2,312,Regular Customer,Use personalized promotions and cross-selling to increase purchase frequency.
13373.0,61,6,7587.1900000000005,3,4,5,345,Loyal Customer,"Use loyalty programs, cross-selling, and repeat-purchase offers."
13374.0,415,2,422.8,1,2,2,122,Regular Customer,Use personalized promotions and cross-selling to increase purchase frequency.
13375.0,82,3,1786.48,3,3,4,334,Regular Customer,Use personalized promotions and cross-selling to increase purchase frequency.
13376.0,100,3,1019.76,3,3,3,333,Regular Customer,Use personalized promotions and cross-selling to increase purchase frequency.
13377.0,397,4,1495.43,2,3,4,234,At Risk,"Launch re-engagement campaigns, targeted discounts, and reminders to bring customers back."
13378.0,423,1,-756.4,1,1,1,111,Regular Customer,Use personalized promotions and cross-selling to increase purchase frequency.
13379.0,27,3,572.56,4,3,2,432,Regular Customer,Use personalized promotions and cross-selling to increase purchase frequency.
13380.0,433,1,62.4,1,1,1,111,Regular Customer,Use personalized promotions and cross-selling to increase purchase frequency.
13381.0,22,15,8185.02,4,5,5,455,VIP Customer,"Provide premium offers, loyalty rewards, and personalized recommendations."
13382.0,281,5,1387.58,2,3,4,234,At Risk,"Launch re-engagement campaigns, targeted discounts, and reminders to bring customers back."
13383.0,544,1,305.28000000000003,1,1,2,112,Regular Customer,Use personalized promotions and cross-selling to increase purchase frequency.
13384.0,31,15,6635.09,4,5,5,455,VIP Customer,"Provide premium offers, loyalty rewards, and personalized recommendations."
13385.0,330,1,534.57,2,1,2,212,Regular Customer,Use personalized promotions and cross-selling to increase purchase frequency.
13386.0,415,2,835.46,1,2,3,123,Regular Customer,Use personalized promotions and cross-selling to increase purchase frequency.
13387.0,418,1,189.44,1,1,1,111,Regular Customer,Use personalized promotions and cross-selling to increase purchase frequency.
13388.0,122,4,1135.7,3,3,3,333,Regular Customer,Use personalized promotions and cross-selling to increase purchase frequency.
13389.0,12,3,797.96,5,3,3,533,Regular Customer,Use personalized promotions and cross-selling to increase purchase frequency.
13390.0,75,1,544.08,3,1,2,312,Regular Customer,Use personalized promotions and cross-selling to increase purchase frequency.
13391.0,204,1,59.8,2,1,1,211,Regular Customer,Use personalized promotions and cross-selling to increase purchase frequency.
13392.0,678,1,91.14,1,1,1,111,Regular Customer,Use personalized promotions and cross-selling to increase purchase frequency.
13393.0,584,6,1105.85,1,4,3,143,At Risk,"Launch re-engagement campaigns, targeted discounts, and reminders to bring customers back."
13394.0,2,24,6323.88,5,5,5,555,VIP Customer,"Provide premium offers, loyalty rewards, and personalized recommendations."
13395.0,186,3,1180.23,3,3,3,333,Regular Customer,Use personalized promotions and cross-selling to increase purchase frequency.
13396.0,22,4,1325.29,4,3,4,434,Regular Customer,Use personalized promotions and cross-selling to increase purchase frequency.
13397.0,73,13,3094.11,3,5,5,355,Loyal Customer,"Use loyalty programs, cross-selling, and repeat-purchase offers."
13398.0,193,2,670.34,2,2,3,223,Regular Customer,Use personalized promotions and cross-selling to increase purchase frequency.
13399.0,465,3,275.4,1,3,2,132,At Risk,"Launch re-engagement campaigns, targeted discounts, and reminders to bring customers back."
13400.0,575,2,300.93,1,2,2,122,Regular Customer,Use personalized promotions and cross-selling to increase purchase frequency.
13401.0,625,1,-1834.14,1,1,1,111,Regular Customer,Use personalized promotions and cross-selling to increase purchase frequency.
13402.0,128,4,1535.13,3,3,4,334,Regular Customer,Use personalized promotions and cross-selling to increase purchase frequency.
13403.0,18,3,229.5,5,3,1,531,Regular Customer,Use personalized promotions and cross-selling to increase purchase frequency.
13404.0,2,2,252.49,5,2,1,521,Recent Customer,Send welcome offers and personalized product recommendations to encourage a second purchase.
13405.0,75,9,1196.561,3,4,4,344,Loyal Customer,"Use loyalty programs, cross-selling, and repeat-purchase offers."
13406.0,428,3,557.22,1,3,2,132,At Risk,"Launch re-engagement campaigns, targeted discounts, and reminders to bring customers back."
13407.0,579,6,2111.89,1,4,4,144,At Risk,"Launch re-engagement campaigns, targeted discounts, and reminders to bring customers back."
13408.0,2,135,50852.852,5,5,5,555,VIP Customer,"Provide premium offers, loyalty rewards, and personalized recommendations."
13409.0,625,1,-525.65,1,1,1,111,Regular Customer,Use personalized promotions and cross-selling to increase purchase frequency.
13410.0,9,12,2172.51,5,5,4,554,VIP Customer,"Provide premium offers, loyalty rewards, and personalized recommendations."
13411.0,108,1,213.55,3,1,1,311,Regular Customer,Use personalized promotions and cross-selling to increase purchase frequency.
13412.0,621,1,487.34999999999997,1,1,2,112,Regular Customer,Use personalized promotions and cross-selling to increase purchase frequency.
13413.0,640,8,345.8,1,4,2,142,At Risk,"Launch re-engagement campaigns, targeted discounts, and reminders to bring customers back."
13414.0,134,7,2482.24,3,4,4,344,Loyal Customer,"Use loyalty programs, cross-selling, and repeat-purchase offers."
13415.0,473,5,681.92,1,3,3,133,At Risk,"Launch re-engagement campaigns, targeted discounts, and reminders to bring customers back."
13416.0,44,3,940.8000000000001,4,3,3,433,Regular Customer,Use personalized promotions and cross-selling to increase purchase frequency.
13417.0,5,7,1593.89,5,4,4,544,VIP Customer,"Provide premium offers, loyalty rewards, and personalized recommendations."
13418.0,12,37,11916.16,5,5,5,555,VIP Customer,"Provide premium offers, loyalty rewards, and personalized recommendations."
13419.0,64,1,221.06,3,1,1,311,Regular Customer,Use personalized promotions and cross-selling to increase purchase frequency.
13420.0,135,4,140.35,3,3,1,331,Regular Customer,Use personalized promotions and cross-selling to increase purchase frequency.
13421.0,41,11,4088.82,4,5,5,455,VIP Customer,"Provide premium offers, loyalty rewards, and personalized recommendations."
13422.0,52,2,2601.55,4,2,4,424,Recent Customer,Send welcome offers and personalized product recommendations to encourage a second purchase.
13423.0,429,1,217.03,1,1,1,111,Regular Customer,Use personalized promotions and cross-selling to increase purchase frequency.
13424.0,445,2,557.92,1,2,2,122,Regular Customer,Use personalized promotions and cross-selling to increase purchase frequency.
13425.0,109,8,3375.9300000000003,3,4,5,345,Loyal Customer,"Use loyalty programs, cross-selling, and repeat-purchase offers."
13426.0,1,24,8076.76,5,5,5,555,VIP Customer,"Provide premium offers, loyalty rewards, and personalized recommendations."
13427.0,20,6,1006.53,4,4,3,443,Loyal Customer,"Use loyalty programs, cross-selling, and repeat-purchase offers."
13428.0,11,3,499.98,5,3,2,532,Regular Customer,Use personalized promotions and cross-selling to increase purchase frequency.
13429.0,11,4,1006.8,5,3,3,533,Regular Customer,Use personalized promotions and cross-selling to increase purchase frequency.
13430.0,19,4,648.6899999999999,5,3,3,533,Regular Customer,Use personalized promotions and cross-selling to increase purchase frequency.
13431.0,68,9,3289.24,3,4,5,345,Loyal Customer,"Use loyalty programs, cross-selling, and repeat-purchase offers."
13432.0,572,2,439.1,1,2,2,122,Regular Customer,Use personalized promotions and cross-selling to increase purchase frequency.
13433.0,438,5,656.87,1,3,3,133,At Risk,"Launch re-engagement campaigns, targeted discounts, and reminders to bring customers back."
13434.0,75,5,1666.8600000000001,3,3,4,334,Regular Customer,Use personalized promotions and cross-selling to increase purchase frequency.
13435.0,6,11,4459.83,5,5,5,555,VIP Customer,"Provide premium offers, loyalty rewards, and personalized recommendations."
13436.0,2,1,196.89,5,1,1,511,Recent Customer,Send welcome offers and personalized product recommendations to encourage a second purchase.
13437.0,15,7,3408.06,5,4,5,545,VIP Customer,"Provide premium offers, loyalty rewards, and personalized recommendations."
13438.0,548,1,46.5,1,1,1,111,Regular Customer,Use personalized promotions and cross-selling to increase purchase frequency.
13439.0,256,3,986.61,2,3,3,233,At Risk,"Launch re-engagement campaigns, targeted discounts, and reminders to bring customers back."
13440.0,424,10,1213.95,1,4,4,144,At Risk,"Launch re-engagement campaigns, targeted discounts, and reminders to bring customers back."
13441.0,92,2,720.9,3,2,3,323,Regular Customer,Use personalized promotions and cross-selling to increase purchase frequency.
13442.0,668,3,419.87,1,3,2,132,At Risk,"Launch re-engagement campaigns, targeted discounts, and reminders to bring customers back."
13443.0,449,7,1247.71,1,4,4,144,At Risk,"Launch re-engagement campaigns, targeted discounts, and reminders to bring customers back."
13444.0,375,2,631.6800000000001,2,2,3,223,Regular Customer,Use personalized promotions and cross-selling to increase purchase frequency.
13445.0,627,1,241.89999999999998,1,1,1,111,Regular Customer,Use personalized promotions and cross-selling to increase purchase frequency.
13446.0,421,18,3608.86,1,5,5,155,At Risk,"Launch re-engagement campaigns, targeted discounts, and reminders to bring customers back."
13447.0,24,4,1104.23,4,3,3,433,Regular Customer,Use personalized promotions and cross-selling to increase purchase frequency.
13448.0,17,19,8447.75,5,5,5,555,VIP Customer,"Provide premium offers, loyalty rewards, and personalized recommendations."
13449.0,24,1,291.88,4,1,2,412,Recent Customer,Send welcome offers and personalized product recommendations to encourage a second purchase.
13450.0,27,14,4117.54,4,5,5,455,VIP Customer,"Provide premium offers, loyalty rewards, and personalized recommendations."
13451.0,27,13,7119.97,4,5,5,455,VIP Customer,"Provide premium offers, loyalty rewards, and personalized recommendations."
13452.0,260,3,729.8,2,3,3,233,At Risk,"Launch re-engagement campaigns, targeted discounts, and reminders to bring customers back."
13453.0,166,5,758.99,3,3,3,333,Regular Customer,Use personalized promotions and cross-selling to increase purchase frequency.
13454.0,642,1,219.87,1,1,1,111,Regular Customer,Use personalized promotions and cross-selling to increase purchase frequency.
13455.0,25,11,2773.82,4,5,4,454,VIP Customer,"Provide premium offers, loyalty rewards, and personalized recommendations."
13456.0,18,7,1737.8200000000002,5,4,4,544,VIP Customer,"Provide premium offers, loyalty rewards, and personalized recommendations."
13457.0,689,4,143.27,1,3,1,131,At Risk,"Launch re-engagement campaigns, targeted discounts, and reminders to bring customers back."
13458.0,8,24,11850.62,5,5,5,555,VIP Customer,"Provide premium offers, loyalty rewards, and personalized recommendations."
13459.0,625,2,1160.4099999999999,1,2,3,123,Regular Customer,Use personalized promotions and cross-selling to increase purchase frequency.
13460.0,30,2,183.44,4,2,1,421,Recent Customer,Send welcome offers and personalized product recommendations to encourage a second purchase.
13461.0,39,8,4138.5,4,4,5,445,VIP Customer,"Provide premium offers, loyalty rewards, and personalized recommendations."
13462.0,184,6,1145.6,3,4,3,343,Loyal Customer,"Use loyalty programs, cross-selling, and repeat-purchase offers."
13463.0,421,1,-158.65,1,1,1,111,Regular Customer,Use personalized promotions and cross-selling to increase purchase frequency.
13464.0,59,7,3083.89,4,4,5,445,VIP Customer,"Provide premium offers, loyalty rewards, and personalized recommendations."
13465.0,447,2,931.12,1,2,3,123,Regular Customer,Use personalized promotions and cross-selling to increase purchase frequency.
13466.0,101,7,952.25,3,4,3,343,Loyal Customer,"Use loyalty programs, cross-selling, and repeat-purchase offers."
13467.0,11,2,1083.71,5,2,3,523,Recent Customer,Send welcome offers and personalized product recommendations to encourage a second purchase.
13468.0,2,87,13091.61,5,5,5,555,VIP Customer,"Provide premium offers, loyalty rewards, and personalized recommendations."
13469.0,654,1,82.4,1,1,1,111,Regular Customer,Use personalized promotions and cross-selling to increase purchase frequency.
13470.0,100,2,165.0,3,2,1,321,Regular Customer,Use personalized promotions and cross-selling to increase purchase frequency.
13471.0,2,4,2531.58,5,3,4,534,Regular Customer,Use personalized promotions and cross-selling to increase purchase frequency.
13472.0,464,2,592.24,1,2,3,123,Regular Customer,Use personalized promotions and cross-selling to increase purchase frequency.
13473.0,61,10,2410.98,3,4,4,344,Loyal Customer,"Use loyalty programs, cross-selling, and repeat-purchase offers."
13474.0,237,3,663.79,2,3,3,233,At Risk,"Launch re-engagement campaigns, targeted discounts, and reminders to bring customers back."
13475.0,192,4,1431.78,2,3,4,234,At Risk,"Launch re-engagement campaigns, targeted discounts, and reminders to bring customers back."
13476.0,179,7,1915.77,3,4,4,344,Loyal Customer,"Use loyalty programs, cross-selling, and repeat-purchase offers."
13477.0,38,13,2821.12,4,5,4,454,VIP Customer,"Provide premium offers, loyalty rewards, and personalized recommendations."
13478.0,470,7,2068.03,1,4,4,144,At Risk,"Launch re-engagement campaigns, targeted discounts, and reminders to bring customers back."
13479.0,199,7,808.5,2,4,3,243,At Risk,"Launch re-engagement campaigns, targeted discounts, and reminders to bring customers back."
13480.0,417,2,627.82,1,2,3,123,Regular Customer,Use personalized promotions and cross-selling to increase purchase frequency.
13481.0,46,14,3798.84,4,5,5,455,VIP Customer,"Provide premium offers, loyalty rewards, and personalized recommendations."
13482.0,233,2,336.09,2,2,2,222,Regular Customer,Use personalized promotions and cross-selling to increase purchase frequency.
13483.0,66,1,140.34,3,1,1,311,Regular Customer,Use personalized promotions and cross-selling to increase purchase frequency.
13484.0,242,4,767.32,2,3,3,233,At Risk,"Launch re-engagement campaigns, targeted discounts, and reminders to bring customers back."
13485.0,234,15,2957.92,2,5,5,255,At Risk,"Launch re-engagement campaigns, targeted discounts, and reminders to bring customers back."
13486.0,79,3,1122.41,3,3,3,333,Regular Customer,Use personalized promotions and cross-selling to increase purchase frequency.
13487.0,58,5,846.87,4,3,3,433,Regular Customer,Use personalized promotions and cross-selling to increase purchase frequency.
13488.0,18,29,15513.73,5,5,5,555,VIP Customer,"Provide premium offers, loyalty rewards, and personalized recommendations."
13489.0,106,4,449.52,3,3,2,332,Regular Customer,Use personalized promotions and cross-selling to increase purchase frequency.
13490.0,655,1,154.25,1,1,1,111,Regular Customer,Use personalized promotions and cross-selling to increase purchase frequency.
13491.0,52,27,4566.56,4,5,5,455,VIP Customer,"Provide premium offers, loyalty rewards, and personalized recommendations."
13492.0,137,3,1269.84,3,3,4,334,Regular Customer,Use personalized promotions and cross-selling to increase purchase frequency.
13493.0,276,2,618.63,2,2,3,223,Regular Customer,Use personalized promotions and cross-selling to increase purchase frequency.
13494.0,312,1,316.26000000000005,2,1,2,212,Regular Customer,Use personalized promotions and cross-selling to increase purchase frequency.
13495.0,8,13,5246.61,5,5,5,555,VIP Customer,"Provide premium offers, loyalty rewards, and personalized recommendations."
13496.0,11,3,617.93,5,3,3,533,Regular Customer,Use personalized promotions and cross-selling to increase purchase frequency.
13497.0,283,7,1266.33,2,4,4,244,At Risk,"Launch re-engagement campaigns, targeted discounts, and reminders to bring customers back."
13498.0,731,1,327.38,1,1,2,112,Regular Customer,Use personalized promotions and cross-selling to increase purchase frequency.
13499.0,18,7,1146.96,5,4,3,543,Loyal Customer,"Use loyalty programs, cross-selling, and repeat-purchase offers."
13500.0,24,5,1436.3,4,3,4,434,Regular Customer,Use personalized promotions and cross-selling to increase purchase frequency.
13501.0,243,5,2840.26,2,3,4,234,At Risk,"Launch re-engagement campaigns, targeted discounts, and reminders to bring customers back."
13502.0,17,6,774.6,5,4,3,543,Loyal Customer,"Use loyalty programs, cross-selling, and repeat-purchase offers."
13503.0,72,12,1793.54,3,5,4,354,Loyal Customer,"Use loyalty programs, cross-selling, and repeat-purchase offers."
13504.0,65,1,295.93,3,1,2,312,Regular Customer,Use personalized promotions and cross-selling to increase purchase frequency.
13505.0,68,8,4282.88,3,4,5,345,Loyal Customer,"Use loyalty programs, cross-selling, and repeat-purchase offers."
13506.0,313,8,1609.65,2,4,4,244,At Risk,"Launch re-engagement campaigns, targeted discounts, and reminders to bring customers back."
13507.0,4,4,2479.16,5,3,4,534,Regular Customer,Use personalized promotions and cross-selling to increase purchase frequency.
13508.0,244,2,287.05,2,2,2,222,Regular Customer,Use personalized promotions and cross-selling to increase purchase frequency.
13509.0,9,8,1114.72,5,4,3,543,Loyal Customer,"Use loyalty programs, cross-selling, and repeat-purchase offers."
13510.0,2,17,4488.39,5,5,5,555,VIP Customer,"Provide premium offers, loyalty rewards, and personalized recommendations."
13511.0,484,2,244.61,1,2,1,121,Regular Customer,Use personalized promotions and cross-selling to increase purchase frequency.
13512.0,261,4,713.39,2,3,3,233,At Risk,"Launch re-engagement campaigns, targeted discounts, and reminders to bring customers back."
13513.0,127,4,796.99,3,3,3,333,Regular Customer,Use personalized promotions and cross-selling to increase purchase frequency.
13514.0,74,4,815.9000000000001,3,3,3,333,Regular Customer,Use personalized promotions and cross-selling to increase purchase frequency.
13515.0,73,6,1265.82,3,4,4,344,Loyal Customer,"Use loyalty programs, cross-selling, and repeat-purchase offers."
13516.0,22,4,1685.26,4,3,4,434,Regular Customer,Use personalized promotions and cross-selling to increase purchase frequency.
13517.0,60,5,2109.07,3,3,4,334,Regular Customer,Use personalized promotions and cross-selling to increase purchase frequency.
13518.0,86,1,659.4399999999999,3,1,3,313,Regular Customer,Use personalized promotions and cross-selling to increase purchase frequency.
13519.0,51,3,331.26,4,3,2,432,Regular Customer,Use personalized promotions and cross-selling to increase purchase frequency.
13520.0,59,15,6680.65,4,5,5,455,VIP Customer,"Provide premium offers, loyalty rewards, and personalized recommendations."
13521.0,2,3,1093.65,5,3,3,533,Regular Customer,Use personalized promotions and cross-selling to increase purchase frequency.
13522.0,31,1,125.80000000000001,4,1,1,411,Recent Customer,Send welcome offers and personalized product recommendations to encourage a second purchase.
13523.0,34,7,4892.02,4,4,5,445,VIP Customer,"Provide premium offers, loyalty rewards, and personalized recommendations."
13524.0,41,5,680.1800000000001,4,3,3,433,Regular Customer,Use personalized promotions and cross-selling to increase purchase frequency.
13525.0,15,2,628.78,5,2,3,523,Recent Customer,Send welcome offers and personalized product recommendations to encourage a second purchase.
13526.0,739,4,942.5999999999999,1,3,3,133,At Risk,"Launch re-engagement campaigns, targeted discounts, and reminders to bring customers back."
13527.0,34,14,4650.04,4,5,5,455,VIP Customer,"Provide premium offers, loyalty rewards, and personalized recommendations."
13528.0,683,1,-40.0,1,1,1,111,Regular Customer,Use personalized promotions and cross-selling to increase purchase frequency.
13529.0,79,2,307.76,3,2,2,322,Regular Customer,Use personalized promotions and cross-selling to increase purchase frequency.
13530.0,635,1,402.97999999999996,1,1,2,112,Regular Customer,Use personalized promotions and cross-selling to increase purchase frequency.
13531.0,206,6,1738.52,2,4,4,244,At Risk,"Launch re-engagement campaigns, targeted discounts, and reminders to bring customers back."
13532.0,34,1,210.31,4,1,1,411,Recent Customer,Send welcome offers and personalized product recommendations to encourage a second purchase.
13533.0,183,3,270.79,3,3,2,332,Regular Customer,Use personalized promotions and cross-selling to increase purchase frequency.
13534.0,3,60,7324.5,5,5,5,555,VIP Customer,"Provide premium offers, loyalty rewards, and personalized recommendations."
13535.0,403,1,89.5,2,1,1,211,Regular Customer,Use personalized promotions and cross-selling to increase purchase frequency.
13536.0,2,7,3448.29,5,4,5,545,VIP Customer,"Provide premium offers, loyalty rewards, and personalized recommendations."
13537.0,426,2,717.85,1,2,3,123,Regular Customer,Use personalized promotions and cross-selling to increase purchase frequency.
13538.0,44,12,3112.73,4,5,5,455,VIP Customer,"Provide premium offers, loyalty rewards, and personalized recommendations."
13539.0,86,9,1531.26,3,4,4,344,Loyal Customer,"Use loyalty programs, cross-selling, and repeat-purchase offers."
13540.0,468,3,632.39,1,3,3,133,At Risk,"Launch re-engagement campaigns, targeted discounts, and reminders to bring customers back."
13541.0,424,3,717.9,1,3,3,133,At Risk,"Launch re-engagement campaigns, targeted discounts, and reminders to bring customers back."
13542.0,377,18,3970.77,2,5,5,255,At Risk,"Launch re-engagement campaigns, targeted discounts, and reminders to bring customers back."
13543.0,635,2,1439.6100000000001,1,2,4,124,Regular Customer,Use personalized promotions and cross-selling to increase purchase frequency.
13544.0,40,7,820.5,4,4,3,443,Loyal Customer,"Use loyalty programs, cross-selling, and repeat-purchase offers."
13545.0,391,3,347.35,2,3,2,232,At Risk,"Launch re-engagement campaigns, targeted discounts, and reminders to bring customers back."
13546.0,13,5,1092.14,5,3,3,533,Regular Customer,Use personalized promotions and cross-selling to increase purchase frequency.
13547.0,409,1,175.53,2,1,1,211,Regular Customer,Use personalized promotions and cross-selling to increase purchase frequency.
13548.0,97,3,908.99,3,3,3,333,Regular Customer,Use personalized promotions and cross-selling to increase purchase frequency.
13549.0,26,9,1003.72,4,4,3,443,Loyal Customer,"Use loyalty programs, cross-selling, and repeat-purchase offers."
13550.0,384,1,349.51,2,1,2,212,Regular Customer,Use personalized promotions and cross-selling to increase purchase frequency.
13551.0,320,2,244.2,2,2,1,221,Regular Customer,Use personalized promotions and cross-selling to increase purchase frequency.
13552.0,67,32,6618.63,3,5,5,355,Loyal Customer,"Use loyalty programs, cross-selling, and repeat-purchase offers."
13553.0,675,1,517.8,1,1,2,112,Regular Customer,Use personalized promotions and cross-selling to increase purchase frequency.
13554.0,381,10,1556.3899999999999,2,4,4,244,At Risk,"Launch re-engagement campaigns, targeted discounts, and reminders to bring customers back."
13555.0,74,16,8906.34,3,5,5,355,Loyal Customer,"Use loyalty programs, cross-selling, and repeat-purchase offers."
13556.0,430,2,200.82,1,2,1,121,Regular Customer,Use personalized promotions and cross-selling to increase purchase frequency.
13557.0,29,16,2980.08,4,5,5,455,VIP Customer,"Provide premium offers, loyalty rewards, and personalized recommendations."
13558.0,6,4,605.06,5,3,3,533,Regular Customer,Use personalized promotions and cross-selling to increase purchase frequency.
13559.0,513,2,990.0,1,2,3,123,Regular Customer,Use personalized promotions and cross-selling to increase purchase frequency.
13560.0,8,1,174.37,5,1,1,511,Recent Customer,Send welcome offers and personalized product recommendations to encourage a second purchase.
13561.0,216,11,1820.72,2,5,4,254,At Risk,"Launch re-engagement campaigns, targeted discounts, and reminders to bring customers back."
13562.0,82,8,4838.18,3,4,5,345,Loyal Customer,"Use loyalty programs, cross-selling, and repeat-purchase offers."
13563.0,85,2,777.53,3,2,3,323,Regular Customer,Use personalized promotions and cross-selling to increase purchase frequency.
13564.0,145,54,15786.720000000001,3,5,5,355,Loyal Customer,"Use loyalty programs, cross-selling, and repeat-purchase offers."
13565.0,20,3,414.8,4,3,2,432,Regular Customer,Use personalized promotions and cross-selling to increase purchase frequency.
13566.0,41,5,1708.1200000000001,4,3,4,434,Regular Customer,Use personalized promotions and cross-selling to increase purchase frequency.
13567.0,429,5,1078.59,1,3,3,133,At Risk,"Launch re-engagement campaigns, targeted discounts, and reminders to bring customers back."
13568.0,174,1,192.85,3,1,1,311,Regular Customer,Use personalized promotions and cross-selling to increase purchase frequency.
13569.0,18,4,893.78,5,3,3,533,Regular Customer,Use personalized promotions and cross-selling to increase purchase frequency.
13570.0,244,1,239.49,2,1,1,211,Regular Customer,Use personalized promotions and cross-selling to increase purchase frequency.
13571.0,13,26,4546.54,5,5,5,555,VIP Customer,"Provide premium offers, loyalty rewards, and personalized recommendations."
13572.0,206,1,1384.25,2,1,4,214,Regular Customer,Use personalized promotions and cross-selling to increase purchase frequency.
13573.0,51,6,916.47,4,4,3,443,Loyal Customer,"Use loyalty programs, cross-selling, and repeat-purchase offers."
13574.0,412,1,421.25,2,1,2,212,Regular Customer,Use personalized promotions and cross-selling to increase purchase frequency.
13575.0,24,5,732.0699999999999,4,3,3,433,Regular Customer,Use personalized promotions and cross-selling to increase purchase frequency.
13576.0,11,32,11516.15,5,5,5,555,VIP Customer,"Provide premium offers, loyalty rewards, and personalized recommendations."
13577.0,26,14,3346.62,4,5,5,455,VIP Customer,"Provide premium offers, loyalty rewards, and personalized recommendations."
13578.0,410,1,147.66,2,1,1,211,Regular Customer,Use personalized promotions and cross-selling to increase purchase frequency.
13579.0,15,6,1535.84,5,4,4,544,VIP Customer,"Provide premium offers, loyalty rewards, and personalized recommendations."
13580.0,407,1,107.75,2,1,1,211,Regular Customer,Use personalized promotions and cross-selling to increase purchase frequency.
13581.0,310,2,280.53000000000003,2,2,2,222,Regular Customer,Use personalized promotions and cross-selling to increase purchase frequency.
13582.0,390,2,241.68,2,2,1,221,Regular Customer,Use personalized promotions and cross-selling to increase purchase frequency.
13583.0,156,2,1445.031,3,2,4,324,Regular Customer,Use personalized promotions and cross-selling to increase purchase frequency.
13584.0,307,5,347.15,2,3,2,232,At Risk,"Launch re-engagement campaigns, targeted discounts, and reminders to bring customers back."
13585.0,531,4,674.46,1,3,3,133,At Risk,"Launch re-engagement campaigns, targeted discounts, and reminders to bring customers back."
13586.0,542,1,131.53,1,1,1,111,Regular Customer,Use personalized promotions and cross-selling to increase purchase frequency.
13587.0,32,6,1308.1,4,4,4,444,VIP Customer,"Provide premium offers, loyalty rewards, and personalized recommendations."
13588.0,16,13,2445.12,5,5,4,554,VIP Customer,"Provide premium offers, loyalty rewards, and personalized recommendations."
13589.0,15,6,1120.74,5,4,3,543,Loyal Customer,"Use loyalty programs, cross-selling, and repeat-purchase offers."
13590.0,12,21,6298.29,5,5,5,555,VIP Customer,"Provide premium offers, loyalty rewards, and personalized recommendations."
13591.0,65,8,2081.19,3,4,4,344,Loyal Customer,"Use loyalty programs, cross-selling, and repeat-purchase offers."
13592.0,36,4,247.95999999999998,4,3,1,431,Regular Customer,Use personalized promotions and cross-selling to increase purchase frequency.
13593.0,109,16,5475.21,3,5,5,355,Loyal Customer,"Use loyalty programs, cross-selling, and repeat-purchase offers."
13594.0,53,3,508.42,4,3,2,432,Regular Customer,Use personalized promotions and cross-selling to increase purchase frequency.
13595.0,517,3,818.22,1,3,3,133,At Risk,"Launch re-engagement campaigns, targeted discounts, and reminders to bring customers back."
13596.0,6,2,697.04,5,2,3,523,Recent Customer,Send welcome offers and personalized product recommendations to encourage a second purchase.
13597.0,389,3,372.21,2,3,2,232,At Risk,"Launch re-engagement campaigns, targeted discounts, and reminders to bring customers back."
13598.0,48,6,776.84,4,4,3,443,Loyal Customer,"Use loyalty programs, cross-selling, and repeat-purchase offers."
13599.0,2,52,9790.34,5,5,5,555,VIP Customer,"Provide premium offers, loyalty rewards, and personalized recommendations."
13600.0,313,2,518.42,2,2,2,222,Regular Customer,Use personalized promotions and cross-selling to increase purchase frequency.
13601.0,46,4,1185.14,4,3,3,433,Regular Customer,Use personalized promotions and cross-selling to increase purchase frequency.
13602.0,65,4,1025.17,3,3,3,333,Regular Customer,Use personalized promotions and cross-selling to increase purchase frequency.
13603.0,27,1,164.34,4,1,1,411,Recent Customer,Send welcome offers and personalized product recommendations to encourage a second purchase.
13604.0,653,2,713.39,1,2,3,123,Regular Customer,Use personalized promotions and cross-selling to increase purchase frequency.
13605.0,388,2,522.67,2,2,2,222,Regular Customer,Use personalized promotions and cross-selling to increase purchase frequency.
13606.0,30,3,280.53999999999996,4,3,2,432,Regular Customer,Use personalized promotions and cross-selling to increase purchase frequency.
13607.0,41,3,1060.6100000000001,4,3,3,433,Regular Customer,Use personalized promotions and cross-selling to increase purchase frequency.
13608.0,541,1,236.2,1,1,1,111,Regular Customer,Use personalized promotions and cross-selling to increase purchase frequency.
13609.0,594,1,167.35,1,1,1,111,Regular Customer,Use personalized promotions and cross-selling to increase purchase frequency.
13610.0,13,17,2144.13,5,5,4,554,VIP Customer,"Provide premium offers, loyalty rewards, and personalized recommendations."
13611.0,90,14,3281.03,3,5,5,355,Loyal Customer,"Use loyalty programs, cross-selling, and repeat-purchase offers."
13612.0,519,2,777.79,1,2,3,123,Regular Customer,Use personalized promotions and cross-selling to increase purchase frequency.
13613.0,453,5,1039.8500000000001,1,3,3,133,At Risk,"Launch re-engagement campaigns, targeted discounts, and reminders to bring customers back."
13614.0,25,6,2359.19,4,4,4,444,VIP Customer,"Provide premium offers, loyalty rewards, and personalized recommendations."
13615.0,313,12,6212.2300000000005,2,5,5,255,At Risk,"Launch re-engagement campaigns, targeted discounts, and reminders to bring customers back."
13616.0,569,2,288.1,1,2,2,122,Regular Customer,Use personalized promotions and cross-selling to increase purchase frequency.
13617.0,41,9,1263.8,4,4,4,444,VIP Customer,"Provide premium offers, loyalty rewards, and personalized recommendations."
13618.0,174,1,177.34,3,1,1,311,Regular Customer,Use personalized promotions and cross-selling to increase purchase frequency.
13619.0,545,2,231.69,1,2,1,121,Regular Customer,Use personalized promotions and cross-selling to increase purchase frequency.
13620.0,529,1,112.34,1,1,1,111,Regular Customer,Use personalized promotions and cross-selling to increase purchase frequency.
13621.0,117,1,213.85,3,1,1,311,Regular Customer,Use personalized promotions and cross-selling to increase purchase frequency.
13622.0,689,2,651.45,1,2,3,123,Regular Customer,Use personalized promotions and cross-selling to increase purchase frequency.
13623.0,31,15,2446.36,4,5,4,454,VIP Customer,"Provide premium offers, loyalty rewards, and personalized recommendations."
13624.0,382,2,427.18,2,2,2,222,Regular Customer,Use personalized promotions and cross-selling to increase purchase frequency.
13625.0,597,1,301.26,1,1,2,112,Regular Customer,Use personalized promotions and cross-selling to increase purchase frequency.
13626.0,253,3,689.49,2,3,3,233,At Risk,"Launch re-engagement campaigns, targeted discounts, and reminders to bring customers back."
13627.0,60,10,2217.55,3,4,4,344,Loyal Customer,"Use loyalty programs, cross-selling, and repeat-purchase offers."
13628.0,677,1,310.14,1,1,2,112,Regular Customer,Use personalized promotions and cross-selling to increase purchase frequency.
13629.0,24,19,13370.86,4,5,5,455,VIP Customer,"Provide premium offers, loyalty rewards, and personalized recommendations."
13630.0,6,11,1995.68,5,5,4,554,VIP Customer,"Provide premium offers, loyalty rewards, and personalized recommendations."
13631.0,100,12,3021.77,3,5,5,355,Loyal Customer,"Use loyalty programs, cross-selling, and repeat-purchase offers."
13632.0,25,10,3634.7000000000003,4,4,5,445,VIP Customer,"Provide premium offers, loyalty rewards, and personalized recommendations."
13633.0,604,1,-306.66,1,1,1,111,Regular Customer,Use personalized promotions and cross-selling to increase purchase frequency.
13634.0,34,17,4519.55,4,5,5,455,VIP Customer,"Provide premium offers, loyalty rewards, and personalized recommendations."
13635.0,68,6,2948.22,3,4,5,345,Loyal Customer,"Use loyalty programs, cross-selling, and repeat-purchase offers."
13636.0,37,6,941.62,4,4,3,443,Loyal Customer,"Use loyalty programs, cross-selling, and repeat-purchase offers."
13637.0,53,3,810.5,4,3,3,433,Regular Customer,Use personalized promotions and cross-selling to increase purchase frequency.
13638.0,16,1,122.64,5,1,1,511,Recent Customer,Send welcome offers and personalized product recommendations to encourage a second purchase.
13639.0,75,2,1346.27,3,2,4,324,Regular Customer,Use personalized promotions and cross-selling to increase purchase frequency.
13640.0,612,1,405.0,1,1,2,112,Regular Customer,Use personalized promotions and cross-selling to increase purchase frequency.
13641.0,641,7,921.82,1,4,3,143,At Risk,"Launch re-engagement campaigns, targeted discounts, and reminders to bring customers back."
13642.0,216,5,501.97,2,3,2,232,At Risk,"Launch re-engagement campaigns, targeted discounts, and reminders to bring customers back."
13643.0,32,15,2112.17,4,5,4,454,VIP Customer,"Provide premium offers, loyalty rewards, and personalized recommendations."
13644.0,9,5,2597.52,5,3,4,534,Regular Customer,Use personalized promotions and cross-selling to increase purchase frequency.
13645.0,121,1,252.1,3,1,1,311,Regular Customer,Use personalized promotions and cross-selling to increase purchase frequency.
13646.0,400,3,323.3,2,3,2,232,At Risk,"Launch re-engagement campaigns, targeted discounts, and reminders to bring customers back."
13647.0,10,9,3063.78,5,4,5,545,VIP Customer,"Provide premium offers, loyalty rewards, and personalized recommendations."
13648.0,401,11,1679.01,2,5,4,254,At Risk,"Launch re-engagement campaigns, targeted discounts, and reminders to bring customers back."
13649.0,257,6,1678.88,2,4,4,244,At Risk,"Launch re-engagement campaigns, targeted discounts, and reminders to bring customers back."
13650.0,17,16,3098.5,5,5,5,555,VIP Customer,"Provide premium offers, loyalty rewards, and personalized recommendations."
13651.0,36,4,208.95,4,3,1,431,Regular Customer,Use personalized promotions and cross-selling to increase purchase frequency.
13652.0,46,5,2570.85,4,3,4,434,Regular Customer,Use personalized promotions and cross-selling to increase purchase frequency.
13653.0,488,1,152.2,1,1,1,111,Regular Customer,Use personalized promotions and cross-selling to increase purchase frequency.
13654.0,44,11,6308.0,4,5,5,455,VIP Customer,"Provide premium offers, loyalty rewards, and personalized recommendations."
13655.0,115,8,2259.3,3,4,4,344,Loyal Customer,"Use loyalty programs, cross-selling, and repeat-purchase offers."
13656.0,165,7,1053.35,3,4,3,343,Loyal Customer,"Use loyalty programs, cross-selling, and repeat-purchase offers."
13657.0,11,2,382.14,5,2,2,522,Recent Customer,Send welcome offers and personalized product recommendations to encourage a second purchase.
13658.0,10,13,5772.07,5,5,5,555,VIP Customer,"Provide premium offers, loyalty rewards, and personalized recommendations."
13659.0,198,17,4716.63,2,5,5,255,At Risk,"Launch re-engagement campaigns, targeted discounts, and reminders to bring customers back."
13660.0,396,2,303.69,2,2,2,222,Regular Customer,Use personalized promotions and cross-selling to increase purchase frequency.
13661.0,604,1,325.24,1,1,2,112,Regular Customer,Use personalized promotions and cross-selling to increase purchase frequency.
13662.0,86,17,2183.13,3,5,4,354,Loyal Customer,"Use loyalty programs, cross-selling, and repeat-purchase offers."
13663.0,180,6,2013.6100000000001,3,4,4,344,Loyal Customer,"Use loyalty programs, cross-selling, and repeat-purchase offers."
13664.0,683,1,-13.14,1,1,1,111,Regular Customer,Use personalized promotions and cross-selling to increase purchase frequency.
13665.0,387,3,1711.6599999999999,2,3,4,234,At Risk,"Launch re-engagement campaigns, targeted discounts, and reminders to bring customers back."
13666.0,61,5,127.89999999999999,3,3,1,331,Regular Customer,Use personalized promotions and cross-selling to increase purchase frequency.
13667.0,150,1,305.02,3,1,2,312,Regular Customer,Use personalized promotions and cross-selling to increase purchase frequency.
13668.0,3,47,12749.14,5,5,5,555,VIP Customer,"Provide premium offers, loyalty rewards, and personalized recommendations."
13669.0,51,3,413.55,4,3,2,432,Regular Customer,Use personalized promotions and cross-selling to increase purchase frequency.
13670.0,76,1,349.7,3,1,2,312,Regular Customer,Use personalized promotions and cross-selling to increase purchase frequency.
13671.0,395,1,194.95,2,1,1,211,Regular Customer,Use personalized promotions and cross-selling to increase purchase frequency.
13672.0,302,7,162.07000000000002,2,4,1,241,At Risk,"Launch re-engagement campaigns, targeted discounts, and reminders to bring customers back."
13673.0,19,2,396.92,5,2,2,522,Recent Customer,Send welcome offers and personalized product recommendations to encourage a second purchase.
13674.0,430,2,215.88,1,2,1,121,Regular Customer,Use personalized promotions and cross-selling to increase purchase frequency.
13675.0,152,2,486.82000000000005,3,2,2,322,Regular Customer,Use personalized promotions and cross-selling to increase purchase frequency.
13676.0,540,3,153.15,1,3,1,131,At Risk,"Launch re-engagement campaigns, targeted discounts, and reminders to bring customers back."
13677.0,405,2,556.1899999999999,2,2,2,222,Regular Customer,Use personalized promotions and cross-selling to increase purchase frequency.
13678.0,152,1,232.6,3,1,1,311,Regular Customer,Use personalized promotions and cross-selling to increase purchase frequency.
13679.0,494,3,281.26,1,3,2,132,At Risk,"Launch re-engagement campaigns, targeted discounts, and reminders to bring customers back."
13680.0,2,13,9915.56,5,5,5,555,VIP Customer,"Provide premium offers, loyalty rewards, and personalized recommendations."
13681.0,18,4,827.83,5,3,3,533,Regular Customer,Use personalized promotions and cross-selling to increase purchase frequency.
13682.0,188,1,59.5,3,1,1,311,Regular Customer,Use personalized promotions and cross-selling to increase purchase frequency.
13683.0,458,1,258.6,1,1,1,111,Regular Customer,Use personalized promotions and cross-selling to increase purchase frequency.
13684.0,286,6,546.52,2,4,2,242,At Risk,"Launch re-engagement campaigns, targeted discounts, and reminders to bring customers back."
13685.0,3,7,3119.44,5,4,5,545,VIP Customer,"Provide premium offers, loyalty rewards, and personalized recommendations."
13686.0,183,3,409.04,3,3,2,332,Regular Customer,Use personalized promotions and cross-selling to increase purchase frequency.
13687.0,439,1,11880.84,1,1,5,115,Regular Customer,Use personalized promotions and cross-selling to increase purchase frequency.
13688.0,636,1,375.5,1,1,2,112,Regular Customer,Use personalized promotions and cross-selling to increase purchase frequency.
13689.0,64,2,1259.5,3,2,4,324,Regular Customer,Use personalized promotions and cross-selling to increase purchase frequency.
13690.0,60,1,172.25,3,1,1,311,Regular Customer,Use personalized promotions and cross-selling to increase purchase frequency.
13691.0,397,1,212.78,2,1,1,211,Regular Customer,Use personalized promotions and cross-selling to increase purchase frequency.
13692.0,25,8,3016.4500000000003,4,4,5,445,VIP Customer,"Provide premium offers, loyalty rewards, and personalized recommendations."
13693.0,326,13,1948.32,2,5,4,254,At Risk,"Launch re-engagement campaigns, targeted discounts, and reminders to bring customers back."
13694.0,4,164,190825.52,5,5,5,555,VIP Customer,"Provide premium offers, loyalty rewards, and personalized recommendations."
13695.0,32,16,2770.73,4,5,4,454,VIP Customer,"Provide premium offers, loyalty rewards, and personalized recommendations."
13696.0,422,4,2008.7,1,3,4,134,At Risk,"Launch re-engagement campaigns, targeted discounts, and reminders to bring customers back."
13697.0,39,1,151.29999999999998,4,1,1,411,Recent Customer,Send welcome offers and personalized product recommendations to encourage a second purchase.
13698.0,597,2,465.53000000000003,1,2,2,122,Regular Customer,Use personalized promotions and cross-selling to increase purchase frequency.
13699.0,156,3,711.4,3,3,3,333,Regular Customer,Use personalized promotions and cross-selling to increase purchase frequency.
13700.0,27,14,2586.21,4,5,4,454,VIP Customer,"Provide premium offers, loyalty rewards, and personalized recommendations."
13701.0,438,2,159.55,1,2,1,121,Regular Customer,Use personalized promotions and cross-selling to increase purchase frequency.
13702.0,446,1,135.18,1,1,1,111,Regular Customer,Use personalized promotions and cross-selling to increase purchase frequency.
13703.0,319,3,99.5,2,3,1,231,At Risk,"Launch re-engagement campaigns, targeted discounts, and reminders to bring customers back."
13704.0,6,10,2295.31,5,4,4,544,VIP Customer,"Provide premium offers, loyalty rewards, and personalized recommendations."
13705.0,8,7,2035.33,5,4,4,544,VIP Customer,"Provide premium offers, loyalty rewards, and personalized recommendations."
13706.0,303,2,631.17,2,2,3,223,Regular Customer,Use personalized promotions and cross-selling to increase purchase frequency.
13707.0,268,5,3365.86,2,3,5,235,At Risk,"Launch re-engagement campaigns, targeted discounts, and reminders to bring customers back."
13708.0,272,1,296.88,2,1,2,212,Regular Customer,Use personalized promotions and cross-selling to increase purchase frequency.
13709.0,4,22,7512.81,5,5,5,555,VIP Customer,"Provide premium offers, loyalty rewards, and personalized recommendations."
13710.0,32,3,509.52,4,3,2,432,Regular Customer,Use personalized promotions and cross-selling to increase purchase frequency.
13711.0,219,15,1632.6100000000001,2,5,4,254,At Risk,"Launch re-engagement campaigns, targeted discounts, and reminders to bring customers back."
13712.0,247,2,766.42,2,2,3,223,Regular Customer,Use personalized promotions and cross-selling to increase purchase frequency.
13713.0,409,3,743.26,2,3,3,233,At Risk,"Launch re-engagement campaigns, targeted discounts, and reminders to bring customers back."
13714.0,466,1,161.35,1,1,1,111,Regular Customer,Use personalized promotions and cross-selling to increase purchase frequency.
13715.0,282,21,8438.34,2,5,5,255,At Risk,"Launch re-engagement campaigns, targeted discounts, and reminders to bring customers back."
13716.0,270,1,138.28,2,1,1,211,Regular Customer,Use personalized promotions and cross-selling to increase purchase frequency.
13717.0,33,11,1748.05,4,5,4,454,VIP Customer,"Provide premium offers, loyalty rewards, and personalized recommendations."
13718.0,247,2,306.55,2,2,2,222,Regular Customer,Use personalized promotions and cross-selling to increase purchase frequency.
13719.0,16,11,2815.25,5,5,4,554,VIP Customer,"Provide premium offers, loyalty rewards, and personalized recommendations."
13720.0,117,4,799.9,3,3,3,333,Regular Customer,Use personalized promotions and cross-selling to increase purchase frequency.
13721.0,37,2,741.54,4,2,3,423,Recent Customer,Send welcome offers and personalized product recommendations to encourage a second purchase.
13722.0,121,11,5629.16,3,5,5,355,Loyal Customer,"Use loyalty programs, cross-selling, and repeat-purchase offers."
13723.0,218,6,1209.2,2,4,4,244,At Risk,"Launch re-engagement campaigns, targeted discounts, and reminders to bring customers back."
13724.0,638,1,213.01,1,1,1,111,Regular Customer,Use personalized promotions and cross-selling to increase purchase frequency.
13725.0,50,11,1809.81,4,5,4,454,VIP Customer,"Provide premium offers, loyalty rewards, and personalized recommendations."
13726.0,39,2,1079.6599999999999,4,2,3,423,Recent Customer,Send welcome offers and personalized product recommendations to encourage a second purchase.
13727.0,29,9,1067.3,4,4,3,443,Loyal Customer,"Use loyalty programs, cross-selling, and repeat-purchase offers."
13728.0,37,16,2855.17,4,5,4,454,VIP Customer,"Provide premium offers, loyalty rewards, and personalized recommendations."
13729.0,436,5,676.4300000000001,1,3,3,133,At Risk,"Launch re-engagement campaigns, targeted discounts, and reminders to bring customers back."
13730.0,136,2,752.6,3,2,3,323,Regular Customer,Use personalized promotions and cross-selling to increase purchase frequency.
13731.0,220,2,610.59,2,2,3,223,Regular Customer,Use personalized promotions and cross-selling to increase purchase frequency.
13732.0,29,1,491.86,4,1,2,412,Recent Customer,Send welcome offers and personalized product recommendations to encourage a second purchase.
13733.0,411,3,484.53000000000003,2,3,2,232,At Risk,"Launch re-engagement campaigns, targeted discounts, and reminders to bring customers back."
13734.0,509,6,3451.2900000000004,1,4,5,145,At Risk,"Launch re-engagement campaigns, targeted discounts, and reminders to bring customers back."
13735.0,25,22,9472.81,4,5,5,455,VIP Customer,"Provide premium offers, loyalty rewards, and personalized recommendations."
13736.0,6,12,2715.01,5,5,4,554,VIP Customer,"Provide premium offers, loyalty rewards, and personalized recommendations."
13737.0,201,1,339.59999999999997,2,1,2,212,Regular Customer,Use personalized promotions and cross-selling to increase purchase frequency.
13738.0,397,1,440.93,2,1,2,212,Regular Customer,Use personalized promotions and cross-selling to increase purchase frequency.
13739.0,19,2,292.2,5,2,2,522,Recent Customer,Send welcome offers and personalized product recommendations to encourage a second purchase.
13740.0,241,5,1597.77,2,3,4,234,At Risk,"Launch re-engagement campaigns, targeted discounts, and reminders to bring customers back."
13741.0,72,4,666.33,3,3,3,333,Regular Customer,Use personalized promotions and cross-selling to increase purchase frequency.
13742.0,17,14,3102.42,5,5,5,555,VIP Customer,"Provide premium offers, loyalty rewards, and personalized recommendations."
13743.0,3,8,1340.1499999999999,5,4,4,544,VIP Customer,"Provide premium offers, loyalty rewards, and personalized recommendations."
13744.0,96,2,1156.36,3,2,3,323,Regular Customer,Use personalized promotions and cross-selling to increase purchase frequency.
13745.0,152,4,761.27,3,3,3,333,Regular Customer,Use personalized promotions and cross-selling to increase purchase frequency.
13746.0,414,1,176.69,2,1,1,211,Regular Customer,Use personalized promotions and cross-selling to increase purchase frequency.
13747.0,374,2,249.39999999999998,2,2,1,221,Regular Customer,Use personalized promotions and cross-selling to increase purchase frequency.
13748.0,96,9,2268.35,3,4,4,344,Loyal Customer,"Use loyalty programs, cross-selling, and repeat-purchase offers."
13749.0,702,1,-10.25,1,1,1,111,Regular Customer,Use personalized promotions and cross-selling to increase purchase frequency.
13750.0,54,13,3563.6,4,5,5,455,VIP Customer,"Provide premium offers, loyalty rewards, and personalized recommendations."
13751.0,289,1,296.25,2,1,2,212,Regular Customer,Use personalized promotions and cross-selling to increase purchase frequency.
13752.0,125,7,1590.73,3,4,4,344,Loyal Customer,"Use loyalty programs, cross-selling, and repeat-purchase offers."
13753.0,288,4,2094.57,2,3,4,234,At Risk,"Launch re-engagement campaigns, targeted discounts, and reminders to bring customers back."
13754.0,152,3,447.05,3,3,2,332,Regular Customer,Use personalized promotions and cross-selling to increase purchase frequency.
13755.0,4,10,2154.68,5,4,4,544,VIP Customer,"Provide premium offers, loyalty rewards, and personalized recommendations."
13756.0,3,25,9147.2,5,5,5,555,VIP Customer,"Provide premium offers, loyalty rewards, and personalized recommendations."
13757.0,675,1,195.55,1,1,1,111,Regular Customer,Use personalized promotions and cross-selling to increase purchase frequency.
13758.0,12,19,9263.14,5,5,5,555,VIP Customer,"Provide premium offers, loyalty rewards, and personalized recommendations."
13759.0,34,2,659.4100000000001,4,2,3,423,Recent Customer,Send welcome offers and personalized product recommendations to encourage a second purchase.
13760.0,55,6,1358.6399999999999,4,4,4,444,VIP Customer,"Provide premium offers, loyalty rewards, and personalized recommendations."
13761.0,51,6,1952.17,4,4,4,444,VIP Customer,"Provide premium offers, loyalty rewards, and personalized recommendations."
13762.0,205,6,2165.76,2,4,4,244,At Risk,"Launch re-engagement campaigns, targeted discounts, and reminders to bring customers back."
13763.0,64,6,5181.99,3,4,5,345,Loyal Customer,"Use loyalty programs, cross-selling, and repeat-purchase offers."
13764.0,71,6,2953.26,3,4,5,345,Loyal Customer,"Use loyalty programs, cross-selling, and repeat-purchase offers."
13765.0,654,1,352.821,1,1,2,112,Regular Customer,Use personalized promotions and cross-selling to increase purchase frequency.
13766.0,496,1,190.35,1,1,1,111,Regular Customer,Use personalized promotions and cross-selling to increase purchase frequency.
13767.0,3,96,35115.68,5,5,5,555,VIP Customer,"Provide premium offers, loyalty rewards, and personalized recommendations."
13768.0,564,8,758.07,1,4,3,143,At Risk,"Launch re-engagement campaigns, targeted discounts, and reminders to bring customers back."
13769.0,3,29,5766.63,5,5,5,555,VIP Customer,"Provide premium offers, loyalty rewards, and personalized recommendations."
13770.0,423,4,785.37,1,3,3,133,At Risk,"Launch re-engagement campaigns, targeted discounts, and reminders to bring customers back."
13771.0,65,10,5726.07,3,4,5,345,Loyal Customer,"Use loyalty programs, cross-selling, and repeat-purchase offers."
13772.0,34,9,3094.72,4,4,5,445,VIP Customer,"Provide premium offers, loyalty rewards, and personalized recommendations."
13773.0,397,2,301.54,2,2,2,222,Regular Customer,Use personalized promotions and cross-selling to increase purchase frequency.
13774.0,82,1,345.0,3,1,2,312,Regular Customer,Use personalized promotions and cross-selling to increase purchase frequency.
13775.0,591,1,1049.66,1,1,3,113,Regular Customer,Use personalized promotions and cross-selling to increase purchase frequency.
13776.0,429,8,-340.17,1,4,1,141,At Risk,"Launch re-engagement campaigns, targeted discounts, and reminders to bring customers back."
13777.0,1,73,56016.57,5,5,5,555,VIP Customer,"Provide premium offers, loyalty rewards, and personalized recommendations."
13778.0,104,5,1116.54,3,3,3,333,Regular Customer,Use personalized promotions and cross-selling to increase purchase frequency.
13779.0,516,1,161.13,1,1,1,111,Regular Customer,Use personalized promotions and cross-selling to increase purchase frequency.
13780.0,8,3,735.82,5,3,3,533,Regular Customer,Use personalized promotions and cross-selling to increase purchase frequency.
13781.0,251,4,770.88,2,3,3,233,At Risk,"Launch re-engagement campaigns, targeted discounts, and reminders to bring customers back."
13782.0,13,14,1785.77,5,5,4,554,VIP Customer,"Provide premium offers, loyalty rewards, and personalized recommendations."
13783.0,488,4,1542.09,1,3,4,134,At Risk,"Launch re-engagement campaigns, targeted discounts, and reminders to bring customers back."
13784.0,10,15,2897.18,5,5,5,555,VIP Customer,"Provide premium offers, loyalty rewards, and personalized recommendations."
13785.0,429,4,542.49,1,3,2,132,At Risk,"Launch re-engagement campaigns, targeted discounts, and reminders to bring customers back."
13786.0,368,8,2736.41,2,4,4,244,At Risk,"Launch re-engagement campaigns, targeted discounts, and reminders to bring customers back."
13787.0,76,9,1173.7,3,4,3,343,Loyal Customer,"Use loyalty programs, cross-selling, and repeat-purchase offers."
13788.0,506,1,3.75,1,1,1,111,Regular Customer,Use personalized promotions and cross-selling to increase purchase frequency.
13789.0,389,1,239.45999999999998,2,1,1,211,Regular Customer,Use personalized promotions and cross-selling to increase purchase frequency.
13790.0,5,1,348.8,5,1,2,512,Recent Customer,Send welcome offers and personalized product recommendations to encourage a second purchase.
13791.0,44,3,1047.68,4,3,3,433,Regular Customer,Use personalized promotions and cross-selling to increase purchase frequency.
13792.0,67,3,383.95,3,3,2,332,Regular Customer,Use personalized promotions and cross-selling to increase purchase frequency.
13793.0,647,1,96.0,1,1,1,111,Regular Customer,Use personalized promotions and cross-selling to increase purchase frequency.
13794.0,547,1,126.03,1,1,1,111,Regular Customer,Use personalized promotions and cross-selling to increase purchase frequency.
13795.0,389,4,836.3,2,3,3,233,At Risk,"Launch re-engagement campaigns, targeted discounts, and reminders to bring customers back."
13796.0,500,1,289.7,1,1,2,112,Regular Customer,Use personalized promotions and cross-selling to increase purchase frequency.
13797.0,437,4,1168.45,1,3,3,133,At Risk,"Launch re-engagement campaigns, targeted discounts, and reminders to bring customers back."
13798.0,2,125,73573.47,5,5,5,555,VIP Customer,"Provide premium offers, loyalty rewards, and personalized recommendations."
13799.0,117,13,2039.82,3,5,4,354,Loyal Customer,"Use loyalty programs, cross-selling, and repeat-purchase offers."
13800.0,310,3,1679.56,2,3,4,234,At Risk,"Launch re-engagement campaigns, targeted discounts, and reminders to bring customers back."
13801.0,67,1,324.8,3,1,2,312,Regular Customer,Use personalized promotions and cross-selling to increase purchase frequency.
13802.0,139,24,25491.56,3,5,5,355,Loyal Customer,"Use loyalty programs, cross-selling, and repeat-purchase offers."
13803.0,256,4,1319.1100000000001,2,3,4,234,At Risk,"Launch re-engagement campaigns, targeted discounts, and reminders to bring customers back."
13804.0,31,9,3208.52,4,4,5,445,VIP Customer,"Provide premium offers, loyalty rewards, and personalized recommendations."
13805.0,53,2,924.6,4,2,3,423,Recent Customer,Send welcome offers and personalized product recommendations to encourage a second purchase.
13806.0,64,1,256.38,3,1,1,311,Regular Customer,Use personalized promotions and cross-selling to increase purchase frequency.
13807.0,368,4,509.9,2,3,2,232,At Risk,"Launch re-engagement campaigns, targeted discounts, and reminders to bring customers back."
13808.0,6,5,1747.66,5,3,4,534,Regular Customer,Use personalized promotions and cross-selling to increase purchase frequency.
13809.0,306,3,679.7,2,3,3,233,At Risk,"Launch re-engagement campaigns, targeted discounts, and reminders to bring customers back."
13810.0,29,4,899.51,4,3,3,433,Regular Customer,Use personalized promotions and cross-selling to increase purchase frequency.
13811.0,184,4,591.75,3,3,3,333,Regular Customer,Use personalized promotions and cross-selling to increase purchase frequency.
13812.0,43,3,539.0,4,3,2,432,Regular Customer,Use personalized promotions and cross-selling to increase purchase frequency.
13813.0,40,12,2686.42,4,5,4,454,VIP Customer,"Provide premium offers, loyalty rewards, and personalized recommendations."
13814.0,57,5,2239.07,4,3,4,434,Regular Customer,Use personalized promotions and cross-selling to increase purchase frequency.
13815.0,23,10,7285.79,4,4,5,445,VIP Customer,"Provide premium offers, loyalty rewards, and personalized recommendations."
13816.0,24,4,555.04,4,3,2,432,Regular Customer,Use personalized promotions and cross-selling to increase purchase frequency.
13817.0,30,2,382.98,4,2,2,422,Recent Customer,Send welcome offers and personalized product recommendations to encourage a second purchase.
13818.0,430,1,61.28,1,1,1,111,Regular Customer,Use personalized promotions and cross-selling to increase purchase frequency.
13819.0,302,7,2631.1,2,4,4,244,At Risk,"Launch re-engagement campaigns, targeted discounts, and reminders to bring customers back."
13820.0,419,5,640.4,1,3,3,133,At Risk,"Launch re-engagement campaigns, targeted discounts, and reminders to bring customers back."
13821.0,145,7,1387.03,3,4,4,344,Loyal Customer,"Use loyalty programs, cross-selling, and repeat-purchase offers."
13822.0,6,2,632.0,5,2,3,523,Recent Customer,Send welcome offers and personalized product recommendations to encourage a second purchase.
13823.0,19,8,3358.55,5,4,5,545,VIP Customer,"Provide premium offers, loyalty rewards, and personalized recommendations."
13824.0,33,14,3273.36,4,5,5,455,VIP Customer,"Provide premium offers, loyalty rewards, and personalized recommendations."
13825.0,622,2,255.59,1,2,1,121,Regular Customer,Use personalized promotions and cross-selling to increase purchase frequency.
13826.0,159,2,174.65,3,2,1,321,Regular Customer,Use personalized promotions and cross-selling to increase purchase frequency.
13827.0,58,3,412.05,4,3,2,432,Regular Customer,Use personalized promotions and cross-selling to increase purchase frequency.
13828.0,23,1,209.49,4,1,1,411,Recent Customer,Send welcome offers and personalized product recommendations to encourage a second purchase.
13829.0,360,2,0.0,2,2,1,221,Regular Customer,Use personalized promotions and cross-selling to increase purchase frequency.
13830.0,575,2,135.95000000000002,1,2,1,121,Regular Customer,Use personalized promotions and cross-selling to increase purchase frequency.
13831.0,17,20,7009.18,5,5,5,555,VIP Customer,"Provide premium offers, loyalty rewards, and personalized recommendations."
13832.0,18,3,602.4399999999999,5,3,3,533,Regular Customer,Use personalized promotions and cross-selling to increase purchase frequency.
13833.0,160,2,701.36,3,2,3,323,Regular Customer,Use personalized promotions and cross-selling to increase purchase frequency.
13834.0,577,3,247.89,1,3,1,131,At Risk,"Launch re-engagement campaigns, targeted discounts, and reminders to bring customers back."
13835.0,26,8,1044.82,4,4,3,443,Loyal Customer,"Use loyalty programs, cross-selling, and repeat-purchase offers."
13836.0,400,3,602.52,2,3,3,233,At Risk,"Launch re-engagement campaigns, targeted discounts, and reminders to bring customers back."
13837.0,212,2,271.24,2,2,2,222,Regular Customer,Use personalized promotions and cross-selling to increase purchase frequency.
13838.0,6,10,1966.09,5,4,4,544,VIP Customer,"Provide premium offers, loyalty rewards, and personalized recommendations."
13839.0,487,1,139.95000000000002,1,1,1,111,Regular Customer,Use personalized promotions and cross-selling to increase purchase frequency.
13840.0,417,1,651.4,1,1,3,113,Regular Customer,Use personalized promotions and cross-selling to increase purchase frequency.
13841.0,253,1,85.0,2,1,1,211,Regular Customer,Use personalized promotions and cross-selling to increase purchase frequency.
13842.0,59,19,5604.96,4,5,5,455,VIP Customer,"Provide premium offers, loyalty rewards, and personalized recommendations."
13843.0,382,1,319.75,2,1,2,212,Regular Customer,Use personalized promotions and cross-selling to increase purchase frequency.
13844.0,12,1,361.62,5,1,2,512,Recent Customer,Send welcome offers and personalized product recommendations to encourage a second purchase.
13845.0,65,1,312.98,3,1,2,312,Regular Customer,Use personalized promotions and cross-selling to increase purchase frequency.
13846.0,25,5,1290.34,4,3,4,434,Regular Customer,Use personalized promotions and cross-selling to increase purchase frequency.
13847.0,720,1,310.72,1,1,2,112,Regular Customer,Use personalized promotions and cross-selling to increase purchase frequency.
13848.0,93,8,3335.0,3,4,5,345,Loyal Customer,"Use loyalty programs, cross-selling, and repeat-purchase offers."
13849.0,52,6,3443.8,4,4,5,445,VIP Customer,"Provide premium offers, loyalty rewards, and personalized recommendations."
13850.0,89,2,1586.81,3,2,4,324,Regular Customer,Use personalized promotions and cross-selling to increase purchase frequency.
13851.0,96,9,4516.76,3,4,5,345,Loyal Customer,"Use loyalty programs, cross-selling, and repeat-purchase offers."
13852.0,607,2,170.45000000000002,1,2,1,121,Regular Customer,Use personalized promotions and cross-selling to increase purchase frequency.
13853.0,9,2,1056.94,5,2,3,523,Recent Customer,Send welcome offers and personalized product recommendations to encourage a second purchase.
13854.0,9,45,12158.21,5,5,5,555,VIP Customer,"Provide premium offers, loyalty rewards, and personalized recommendations."
13855.0,501,5,1253.94,1,3,4,134,At Risk,"Launch re-engagement campaigns, targeted discounts, and reminders to bring customers back."
13856.0,169,15,1058.88,3,5,3,353,Loyal Customer,"Use loyalty programs, cross-selling, and repeat-purchase offers."
13857.0,394,7,997.11,2,4,3,243,At Risk,"Launch re-engagement campaigns, targeted discounts, and reminders to bring customers back."
13858.0,58,1,216.17,4,1,1,411,Recent Customer,Send welcome offers and personalized product recommendations to encourage a second purchase.
13859.0,327,2,515.86,2,2,2,222,Regular Customer,Use personalized promotions and cross-selling to increase purchase frequency.
13860.0,2,6,1240.0,5,4,4,544,VIP Customer,"Provide premium offers, loyalty rewards, and personalized recommendations."
13861.0,430,3,251.31,1,3,1,131,At Risk,"Launch re-engagement campaigns, targeted discounts, and reminders to bring customers back."
13862.0,19,11,2534.04,5,5,4,554,VIP Customer,"Provide premium offers, loyalty rewards, and personalized recommendations."
13863.0,246,6,1217.63,2,4,4,244,At Risk,"Launch re-engagement campaigns, targeted discounts, and reminders to bring customers back."
13864.0,387,1,662.4000000000001,2,1,3,213,Regular Customer,Use personalized promotions and cross-selling to increase purchase frequency.
13865.0,59,4,501.56,4,3,2,432,Regular Customer,Use personalized promotions and cross-selling to increase purchase frequency.
13866.0,75,1,145.67000000000002,3,1,1,311,Regular Customer,Use personalized promotions and cross-selling to increase purchase frequency.
13867.0,32,3,1015.29,4,3,3,433,Regular Customer,Use personalized promotions and cross-selling to increase purchase frequency.
13868.0,8,2,3192.54,5,2,5,525,Recent Customer,Send welcome offers and personalized product recommendations to encourage a second purchase.
13869.0,124,10,8111.57,3,4,5,345,Loyal Customer,"Use loyalty programs, cross-selling, and repeat-purchase offers."
13870.0,3,18,5689.84,5,5,5,555,VIP Customer,"Provide premium offers, loyalty rewards, and personalized recommendations."
13871.0,23,21,7804.95,4,5,5,455,VIP Customer,"Provide premium offers, loyalty rewards, and personalized recommendations."
13872.0,514,6,891.32,1,4,3,143,At Risk,"Launch re-engagement campaigns, targeted discounts, and reminders to bring customers back."
13873.0,120,9,1031.02,3,4,3,343,Loyal Customer,"Use loyalty programs, cross-selling, and repeat-purchase offers."
13874.0,359,10,1989.2,2,4,4,244,At Risk,"Launch re-engagement campaigns, targeted discounts, and reminders to bring customers back."
13875.0,54,14,4814.37,4,5,5,455,VIP Customer,"Provide premium offers, loyalty rewards, and personalized recommendations."
13876.0,64,1,122.7,3,1,1,311,Regular Customer,Use personalized promotions and cross-selling to increase purchase frequency.
13877.0,87,5,446.33,3,3,2,332,Regular Customer,Use personalized promotions and cross-selling to increase purchase frequency.
13878.0,55,4,2473.06,4,3,4,434,Regular Customer,Use personalized promotions and cross-selling to increase purchase frequency.
13879.0,646,1,395.5,1,1,2,112,Regular Customer,Use personalized promotions and cross-selling to increase purchase frequency.
13880.0,22,17,4391.66,4,5,5,455,VIP Customer,"Provide premium offers, loyalty rewards, and personalized recommendations."
13881.0,4,51,44392.5,5,5,5,555,VIP Customer,"Provide premium offers, loyalty rewards, and personalized recommendations."
13882.0,3,6,1131.28,5,4,3,543,Loyal Customer,"Use loyalty programs, cross-selling, and repeat-purchase offers."
13883.0,2,26,6342.74,5,5,5,555,VIP Customer,"Provide premium offers, loyalty rewards, and personalized recommendations."
13884.0,8,14,1852.38,5,5,4,554,VIP Customer,"Provide premium offers, loyalty rewards, and personalized recommendations."
13885.0,190,2,506.8,3,2,2,322,Regular Customer,Use personalized promotions and cross-selling to increase purchase frequency.
13886.0,72,1,243.56,3,1,1,311,Regular Customer,Use personalized promotions and cross-selling to increase purchase frequency.
13887.0,205,1,349.55,2,1,2,212,Regular Customer,Use personalized promotions and cross-selling to increase purchase frequency.
13888.0,120,7,2169.05,3,4,4,344,Loyal Customer,"Use loyalty programs, cross-selling, and repeat-purchase offers."
13889.0,93,8,1855.73,3,4,4,344,Loyal Customer,"Use loyalty programs, cross-selling, and repeat-purchase offers."
13890.0,2,22,2858.73,5,5,5,555,VIP Customer,"Provide premium offers, loyalty rewards, and personalized recommendations."
13891.0,379,3,863.5600000000001,2,3,3,233,At Risk,"Launch re-engagement campaigns, targeted discounts, and reminders to bring customers back."
13892.0,27,6,1267.6499999999999,4,4,4,444,VIP Customer,"Provide premium offers, loyalty rewards, and personalized recommendations."
13893.0,298,1,821.1,2,1,3,213,Regular Customer,Use personalized promotions and cross-selling to increase purchase frequency.
13894.0,23,5,535.97,4,3,2,432,Regular Customer,Use personalized promotions and cross-selling to increase purchase frequency.
13895.0,22,8,3923.62,4,4,5,445,VIP Customer,"Provide premium offers, loyalty rewards, and personalized recommendations."
13896.0,626,1,388.55,1,1,2,112,Regular Customer,Use personalized promotions and cross-selling to increase purchase frequency.
13897.0,51,3,1160.72,4,3,3,433,Regular Customer,Use personalized promotions and cross-selling to increase purchase frequency.
13898.0,326,2,686.4,2,2,3,223,Regular Customer,Use personalized promotions and cross-selling to increase purchase frequency.
13899.0,17,2,388.52,5,2,2,522,Recent Customer,Send welcome offers and personalized product recommendations to encourage a second purchase.
13900.0,184,7,1608.09,3,4,4,344,Loyal Customer,"Use loyalty programs, cross-selling, and repeat-purchase offers."
13901.0,73,20,5599.34,3,5,5,355,Loyal Customer,"Use loyalty programs, cross-selling, and repeat-purchase offers."
13902.0,633,8,30411.26,1,4,5,145,At Risk,"Launch re-engagement campaigns, targeted discounts, and reminders to bring customers back."
13903.0,401,1,165.45000000000002,2,1,1,211,Regular Customer,Use personalized promotions and cross-selling to increase purchase frequency.
13904.0,38,2,332.64,4,2,2,422,Recent Customer,Send welcome offers and personalized product recommendations to encourage a second purchase.
13905.0,572,3,244.45,1,3,1,131,At Risk,"Launch re-engagement campaigns, targeted discounts, and reminders to bring customers back."
13906.0,410,1,42.0,2,1,1,211,Regular Customer,Use personalized promotions and cross-selling to increase purchase frequency.
13907.0,692,1,136.8,1,1,1,111,Regular Customer,Use personalized promotions and cross-selling to increase purchase frequency.
13908.0,80,5,2347.05,3,3,4,334,Regular Customer,Use personalized promotions and cross-selling to increase purchase frequency.
13909.0,424,2,286.6,1,2,2,122,Regular Customer,Use personalized promotions and cross-selling to increase purchase frequency.
13910.0,444,1,-127.66,1,1,1,111,Regular Customer,Use personalized promotions and cross-selling to increase purchase frequency.
13911.0,58,22,4200.04,4,5,5,455,VIP Customer,"Provide premium offers, loyalty rewards, and personalized recommendations."
13912.0,424,1,124.95,1,1,1,111,Regular Customer,Use personalized promotions and cross-selling to increase purchase frequency.
13913.0,507,1,42.22,1,1,1,111,Regular Customer,Use personalized promotions and cross-selling to increase purchase frequency.
13914.0,4,3,613.95,5,3,3,533,Regular Customer,Use personalized promotions and cross-selling to increase purchase frequency.
13915.0,395,2,31.200000000000003,2,2,1,221,Regular Customer,Use personalized promotions and cross-selling to increase purchase frequency.
13916.0,464,5,1260.51,1,3,4,134,At Risk,"Launch re-engagement campaigns, targeted discounts, and reminders to bring customers back."
13917.0,50,2,272.04,4,2,2,422,Recent Customer,Send welcome offers and personalized product recommendations to encourage a second purchase.
13918.0,50,2,1212.8400000000001,4,2,4,424,Recent Customer,Send welcome offers and personalized product recommendations to encourage a second purchase.
13919.0,54,5,1326.03,4,3,4,434,Regular Customer,Use personalized promotions and cross-selling to increase purchase frequency.
13920.0,432,5,1734.88,1,3,4,134,At Risk,"Launch re-engagement campaigns, targeted discounts, and reminders to bring customers back."
13921.0,400,5,720.75,2,3,3,233,At Risk,"Launch re-engagement campaigns, targeted discounts, and reminders to bring customers back."
13922.0,352,5,824.7,2,3,3,233,At Risk,"Launch re-engagement campaigns, targeted discounts, and reminders to bring customers back."
13923.0,54,1,351.13,4,1,2,412,Recent Customer,Send welcome offers and personalized product recommendations to encourage a second purchase.
13924.0,2,11,1682.08,5,5,4,554,VIP Customer,"Provide premium offers, loyalty rewards, and personalized recommendations."
13925.0,37,6,616.65,4,4,3,443,Loyal Customer,"Use loyalty programs, cross-selling, and repeat-purchase offers."
13926.0,24,1,223.85000000000002,4,1,1,411,Recent Customer,Send welcome offers and personalized product recommendations to encourage a second purchase.
13927.0,75,3,689.96,3,3,3,333,Regular Customer,Use personalized promotions and cross-selling to increase purchase frequency.
13928.0,11,4,464.57,5,3,2,532,Regular Customer,Use personalized promotions and cross-selling to increase purchase frequency.
13929.0,170,14,3318.1,3,5,5,355,Loyal Customer,"Use loyalty programs, cross-selling, and repeat-purchase offers."
13930.0,58,2,337.34,4,2,2,422,Recent Customer,Send welcome offers and personalized product recommendations to encourage a second purchase.
13931.0,86,12,5250.78,3,5,5,355,Loyal Customer,"Use loyalty programs, cross-selling, and repeat-purchase offers."
13932.0,295,1,307.4,2,1,2,212,Regular Customer,Use personalized promotions and cross-selling to increase purchase frequency.
13933.0,110,2,608.7900000000001,3,2,3,323,Regular Customer,Use personalized promotions and cross-selling to increase purchase frequency.
13934.0,264,1,922.1,2,1,3,213,Regular Customer,Use personalized promotions and cross-selling to increase purchase frequency.
13935.0,597,3,6116.92,1,3,5,135,At Risk,"Launch re-engagement campaigns, targeted discounts, and reminders to bring customers back."
13936.0,172,4,924.36,3,3,3,333,Regular Customer,Use personalized promotions and cross-selling to increase purchase frequency.
13937.0,170,3,867.38,3,3,3,333,Regular Customer,Use personalized promotions and cross-selling to increase purchase frequency.
13938.0,36,1,71.66,4,1,1,411,Recent Customer,Send welcome offers and personalized product recommendations to encourage a second purchase.
13939.0,24,10,1533.66,4,4,4,444,VIP Customer,"Provide premium offers, loyalty rewards, and personalized recommendations."
13940.0,18,4,839.14,5,3,3,533,Regular Customer,Use personalized promotions and cross-selling to increase purchase frequency.
13941.0,22,17,10846.15,4,5,5,455,VIP Customer,"Provide premium offers, loyalty rewards, and personalized recommendations."
13942.0,535,1,320.0,1,1,2,112,Regular Customer,Use personalized promotions and cross-selling to increase purchase frequency.
13943.0,578,1,246.54,1,1,1,111,Regular Customer,Use personalized promotions and cross-selling to increase purchase frequency.
13944.0,654,1,200.43,1,1,1,111,Regular Customer,Use personalized promotions and cross-selling to increase purchase frequency.
13945.0,395,2,854.15,2,2,3,223,Regular Customer,Use personalized promotions and cross-selling to increase purchase frequency.
13946.0,80,7,1745.43,3,4,4,344,Loyal Customer,"Use loyalty programs, cross-selling, and repeat-purchase offers."
13947.0,66,1,90.6,3,1,1,311,Regular Customer,Use personalized promotions and cross-selling to increase purchase frequency.
13948.0,361,5,536.86,2,3,2,232,At Risk,"Launch re-engagement campaigns, targeted discounts, and reminders to bring customers back."
13949.0,3,6,2427.32,5,4,4,544,VIP Customer,"Provide premium offers, loyalty rewards, and personalized recommendations."
13950.0,12,5,728.56,5,3,3,533,Regular Customer,Use personalized promotions and cross-selling to increase purchase frequency.
13951.0,177,3,674.45,3,3,3,333,Regular Customer,Use personalized promotions and cross-selling to increase purchase frequency.
13952.0,212,17,12790.891,2,5,5,255,At Risk,"Launch re-engagement campaigns, targeted discounts, and reminders to bring customers back."
13953.0,8,12,6640.68,5,5,5,555,VIP Customer,"Provide premium offers, loyalty rewards, and personalized recommendations."
13954.0,2,3,378.59,5,3,2,532,Regular Customer,Use personalized promotions and cross-selling to increase purchase frequency.
13955.0,155,3,545.17,3,3,2,332,Regular Customer,Use personalized promotions and cross-selling to increase purchase frequency.
13956.0,6,5,1026.42,5,3,3,533,Regular Customer,Use personalized promotions and cross-selling to increase purchase frequency.
13957.0,418,3,458.25,1,3,2,132,At Risk,"Launch re-engagement campaigns, targeted discounts, and reminders to bring customers back."
13958.0,373,12,4402.33,2,5,5,255,At Risk,"Launch re-engagement campaigns, targeted discounts, and reminders to bring customers back."
13959.0,80,6,1076.18,3,4,3,343,Loyal Customer,"Use loyalty programs, cross-selling, and repeat-purchase offers."
13960.0,22,2,230.22,4,2,1,421,Recent Customer,Send welcome offers and personalized product recommendations to encourage a second purchase.
13961.0,386,2,498.7,2,2,2,222,Regular Customer,Use personalized promotions and cross-selling to increase purchase frequency.
13962.0,22,3,362.8,4,3,2,432,Regular Customer,Use personalized promotions and cross-selling to increase purchase frequency.
13963.0,309,18,2899.62,2,5,5,255,At Risk,"Launch re-engagement campaigns, targeted discounts, and reminders to bring customers back."
13964.0,388,3,421.9,2,3,2,232,At Risk,"Launch re-engagement campaigns, targeted discounts, and reminders to bring customers back."
13965.0,456,5,777.6600000000001,1,3,3,133,At Risk,"Launch re-engagement campaigns, targeted discounts, and reminders to bring customers back."
13966.0,436,1,390.86,1,1,2,112,Regular Customer,Use personalized promotions and cross-selling to increase purchase frequency.
13967.0,146,2,166.3,3,2,1,321,Regular Customer,Use personalized promotions and cross-selling to increase purchase frequency.
13968.0,424,1,123.66,1,1,1,111,Regular Customer,Use personalized promotions and cross-selling to increase purchase frequency.
13969.0,8,39,13212.77,5,5,5,555,VIP Customer,"Provide premium offers, loyalty rewards, and personalized recommendations."
13970.0,387,2,846.55,2,2,3,223,Regular Customer,Use personalized promotions and cross-selling to increase purchase frequency.
13971.0,9,18,4593.83,5,5,5,555,VIP Customer,"Provide premium offers, loyalty rewards, and personalized recommendations."
13972.0,71,2,190.25,3,2,1,321,Regular Customer,Use personalized promotions and cross-selling to increase purchase frequency.
13973.0,288,1,264.7,2,1,2,212,Regular Customer,Use personalized promotions and cross-selling to increase purchase frequency.
13974.0,50,4,663.52,4,3,3,433,Regular Customer,Use personalized promotions and cross-selling to increase purchase frequency.
13975.0,32,14,5327.29,4,5,5,455,VIP Customer,"Provide premium offers, loyalty rewards, and personalized recommendations."
13976.0,207,4,1192.36,2,3,4,234,At Risk,"Launch re-engagement campaigns, targeted discounts, and reminders to bring customers back."
13977.0,412,1,519.8100000000001,2,1,2,212,Regular Customer,Use personalized promotions and cross-selling to increase purchase frequency.
13978.0,15,2,196.79000000000002,5,2,1,521,Recent Customer,Send welcome offers and personalized product recommendations to encourage a second purchase.
13979.0,74,11,3326.83,3,5,5,355,Loyal Customer,"Use loyalty programs, cross-selling, and repeat-purchase offers."
13980.0,61,9,753.12,3,4,3,343,Loyal Customer,"Use loyalty programs, cross-selling, and repeat-purchase offers."
13981.0,401,2,327.39,2,2,2,222,Regular Customer,Use personalized promotions and cross-selling to increase purchase frequency.
13982.0,40,13,4418.79,4,5,5,455,VIP Customer,"Provide premium offers, loyalty rewards, and personalized recommendations."
13983.0,30,30,6993.41,4,5,5,455,VIP Customer,"Provide premium offers, loyalty rewards, and personalized recommendations."
13984.0,27,13,1616.1200000000001,4,5,4,454,VIP Customer,"Provide premium offers, loyalty rewards, and personalized recommendations."
13985.0,5,24,9982.31,5,5,5,555,VIP Customer,"Provide premium offers, loyalty rewards, and personalized recommendations."
13986.0,18,1,320.46,5,1,2,512,Recent Customer,Send welcome offers and personalized product recommendations to encourage a second purchase.
13987.0,380,2,682.54,2,2,3,223,Regular Customer,Use personalized promotions and cross-selling to increase purchase frequency.
13988.0,20,11,4708.64,4,5,5,455,VIP Customer,"Provide premium offers, loyalty rewards, and personalized recommendations."
13989.0,66,5,2026.06,3,3,4,334,Regular Customer,Use personalized promotions and cross-selling to increase purchase frequency.
13990.0,214,1,311.3,2,1,2,212,Regular Customer,Use personalized promotions and cross-selling to increase purchase frequency.
13991.0,13,7,850.63,5,4,3,543,Loyal Customer,"Use loyalty programs, cross-selling, and repeat-purchase offers."
13992.0,31,3,219.5,4,3,1,431,Regular Customer,Use personalized promotions and cross-selling to increase purchase frequency.
13993.0,33,24,6690.36,4,5,5,455,VIP Customer,"Provide premium offers, loyalty rewards, and personalized recommendations."
13994.0,4,6,2313.14,5,4,4,544,VIP Customer,"Provide premium offers, loyalty rewards, and personalized recommendations."
13995.0,16,18,3836.26,5,5,5,555,VIP Customer,"Provide premium offers, loyalty rewards, and personalized recommendations."
13996.0,387,2,895.76,2,2,3,223,Regular Customer,Use personalized promotions and cross-selling to increase purchase frequency.
13997.0,520,3,382.31,1,3,2,132,At Risk,"Launch re-engagement campaigns, targeted discounts, and reminders to bring customers back."
13998.0,447,3,566.7,1,3,2,132,At Risk,"Launch re-engagement campaigns, targeted discounts, and reminders to bring customers back."
13999.0,11,36,9438.01,5,5,5,555,VIP Customer,"Provide premium offers, loyalty rewards, and personalized recommendations."
14000.0,207,8,1877.5900000000001,2,4,4,244,At Risk,"Launch re-engagement campaigns, targeted discounts, and reminders to bring customers back."
14001.0,46,10,4517.34,4,4,5,445,VIP Customer,"Provide premium offers, loyalty rewards, and personalized recommendations."
14002.0,135,2,529.73,3,2,2,322,Regular Customer,Use personalized promotions and cross-selling to increase purchase frequency.
14003.0,733,1,209.41,1,1,1,111,Regular Customer,Use personalized promotions and cross-selling to increase purchase frequency.
14004.0,44,11,6258.45,4,5,5,455,VIP Customer,"Provide premium offers, loyalty rewards, and personalized recommendations."
14005.0,10,5,2874.72,5,3,5,535,Regular Customer,Use personalized promotions and cross-selling to increase purchase frequency.
14006.0,116,7,2196.67,3,4,4,344,Loyal Customer,"Use loyalty programs, cross-selling, and repeat-purchase offers."
14007.0,513,1,79.48,1,1,1,111,Regular Customer,Use personalized promotions and cross-selling to increase purchase frequency.
14008.0,376,2,493.74,2,2,2,222,Regular Customer,Use personalized promotions and cross-selling to increase purchase frequency.
14009.0,199,4,1090.23,2,3,3,233,At Risk,"Launch re-engagement campaigns, targeted discounts, and reminders to bring customers back."
14010.0,566,3,288.09999999999997,1,3,2,132,At Risk,"Launch re-engagement campaigns, targeted discounts, and reminders to bring customers back."
14011.0,481,3,451.91999999999996,1,3,2,132,At Risk,"Launch re-engagement campaigns, targeted discounts, and reminders to bring customers back."
14012.0,278,1,328.8,2,1,2,212,Regular Customer,Use personalized promotions and cross-selling to increase purchase frequency.
14013.0,111,6,1006.22,3,4,3,343,Loyal Customer,"Use loyalty programs, cross-selling, and repeat-purchase offers."
14014.0,78,3,1948.21,3,3,4,334,Regular Customer,Use personalized promotions and cross-selling to increase purchase frequency.
14015.0,53,1,917.34,4,1,3,413,Recent Customer,Send welcome offers and personalized product recommendations to encourage a second purchase.
14016.0,155,13,11379.71,3,5,5,355,Loyal Customer,"Use loyalty programs, cross-selling, and repeat-purchase offers."
14017.0,572,1,229.75,1,1,1,111,Regular Customer,Use personalized promotions and cross-selling to increase purchase frequency.
14018.0,646,1,367.15000000000003,1,1,2,112,Regular Customer,Use personalized promotions and cross-selling to increase purchase frequency.
14019.0,47,4,1398.96,4,3,4,434,Regular Customer,Use personalized promotions and cross-selling to increase purchase frequency.
14020.0,17,5,1213.26,5,3,4,534,Regular Customer,Use personalized promotions and cross-selling to increase purchase frequency.
14021.0,156,7,1716.58,3,4,4,344,Loyal Customer,"Use loyalty programs, cross-selling, and repeat-purchase offers."
14022.0,226,2,792.15,2,2,3,223,Regular Customer,Use personalized promotions and cross-selling to increase purchase frequency.
14023.0,8,2,584.07,5,2,2,522,Recent Customer,Send welcome offers and personalized product recommendations to encourage a second purchase.
14024.0,122,3,645.74,3,3,3,333,Regular Customer,Use personalized promotions and cross-selling to increase purchase frequency.
14025.0,465,10,3969.1,1,4,5,145,At Risk,"Launch re-engagement campaigns, targeted discounts, and reminders to bring customers back."
14026.0,471,2,713.11,1,2,3,123,Regular Customer,Use personalized promotions and cross-selling to increase purchase frequency.
14027.0,61,1,104.82,3,1,1,311,Regular Customer,Use personalized promotions and cross-selling to increase purchase frequency.
14028.0,499,5,3175.5,1,3,5,135,At Risk,"Launch re-engagement campaigns, targeted discounts, and reminders to bring customers back."
14029.0,64,2,467.66,3,2,2,322,Regular Customer,Use personalized promotions and cross-selling to increase purchase frequency.
14030.0,19,22,8145.59,5,5,5,555,VIP Customer,"Provide premium offers, loyalty rewards, and personalized recommendations."
14031.0,8,55,38025.97,5,5,5,555,VIP Customer,"Provide premium offers, loyalty rewards, and personalized recommendations."
14032.0,3,25,4786.07,5,5,5,555,VIP Customer,"Provide premium offers, loyalty rewards, and personalized recommendations."
14033.0,556,1,109.44,1,1,1,111,Regular Customer,Use personalized promotions and cross-selling to increase purchase frequency.
14034.0,23,4,512.02,4,3,2,432,Regular Customer,Use personalized promotions and cross-selling to increase purchase frequency.
14035.0,29,11,2852.47,4,5,4,454,VIP Customer,"Provide premium offers, loyalty rewards, and personalized recommendations."
14036.0,285,1,626.65,2,1,3,213,Regular Customer,Use personalized promotions and cross-selling to increase purchase frequency.
14037.0,177,7,755.95,3,4,3,343,Loyal Customer,"Use loyalty programs, cross-selling, and repeat-purchase offers."
14038.0,79,8,3000.93,3,4,5,345,Loyal Customer,"Use loyalty programs, cross-selling, and repeat-purchase offers."
14039.0,34,2,267.28000000000003,4,2,2,422,Recent Customer,Send welcome offers and personalized product recommendations to encourage a second purchase.
14040.0,41,42,12457.84,4,5,5,455,VIP Customer,"Provide premium offers, loyalty rewards, and personalized recommendations."
14041.0,267,1,141.41,2,1,1,211,Regular Customer,Use personalized promotions and cross-selling to increase purchase frequency.
14042.0,726,1,431.98,1,1,2,112,Regular Customer,Use personalized promotions and cross-selling to increase purchase frequency.
14043.0,492,3,301.3,1,3,2,132,At Risk,"Launch re-engagement campaigns, targeted discounts, and reminders to bring customers back."
14044.0,27,11,3106.15,4,5,5,455,VIP Customer,"Provide premium offers, loyalty rewards, and personalized recommendations."
14045.0,110,19,9660.63,3,5,5,355,Loyal Customer,"Use loyalty programs, cross-selling, and repeat-purchase offers."
14046.0,285,1,154.99,2,1,1,211,Regular Customer,Use personalized promotions and cross-selling to increase purchase frequency.
14047.0,9,19,4158.7300000000005,5,5,5,555,VIP Customer,"Provide premium offers, loyalty rewards, and personalized recommendations."
14048.0,278,4,713.89,2,3,3,233,At Risk,"Launch re-engagement campaigns, targeted discounts, and reminders to bring customers back."
14049.0,17,18,13064.03,5,5,5,555,VIP Customer,"Provide premium offers, loyalty rewards, and personalized recommendations."
14050.0,32,2,746.36,4,2,3,423,Recent Customer,Send welcome offers and personalized product recommendations to encourage a second purchase.
14051.0,1,42,22104.5,5,5,5,555,VIP Customer,"Provide premium offers, loyalty rewards, and personalized recommendations."
14052.0,20,2,480.81,4,2,2,422,Recent Customer,Send welcome offers and personalized product recommendations to encourage a second purchase.
14053.0,125,4,572.3,3,3,2,332,Regular Customer,Use personalized promotions and cross-selling to increase purchase frequency.
14054.0,66,1,92.46,3,1,1,311,Regular Customer,Use personalized promotions and cross-selling to increase purchase frequency.
14055.0,107,3,1520.96,3,3,4,334,Regular Customer,Use personalized promotions and cross-selling to increase purchase frequency.
14056.0,2,29,8124.4,5,5,5,555,VIP Customer,"Provide premium offers, loyalty rewards, and personalized recommendations."
14057.0,24,23,8338.28,4,5,5,455,VIP Customer,"Provide premium offers, loyalty rewards, and personalized recommendations."
14058.0,463,2,469.19,1,2,2,122,Regular Customer,Use personalized promotions and cross-selling to increase purchase frequency.
14059.0,267,1,183.6,2,1,1,211,Regular Customer,Use personalized promotions and cross-selling to increase purchase frequency.
14060.0,5,32,9503.14,5,5,5,555,VIP Customer,"Provide premium offers, loyalty rewards, and personalized recommendations."
14061.0,508,3,917.4300000000001,1,3,3,133,At Risk,"Launch re-engagement campaigns, targeted discounts, and reminders to bring customers back."
14062.0,10,27,25434.83,5,5,5,555,VIP Customer,"Provide premium offers, loyalty rewards, and personalized recommendations."
14063.0,431,13,-3767.1999999999994,1,5,1,151,At Risk,"Launch re-engagement campaigns, targeted discounts, and reminders to bring customers back."
14064.0,30,21,3039.75,4,5,5,455,VIP Customer,"Provide premium offers, loyalty rewards, and personalized recommendations."
14065.0,390,4,889.37,2,3,3,233,At Risk,"Launch re-engagement campaigns, targeted discounts, and reminders to bring customers back."
14066.0,267,1,152.55,2,1,1,211,Regular Customer,Use personalized promotions and cross-selling to increase purchase frequency.
14067.0,64,2,374.7,3,2,2,322,Regular Customer,Use personalized promotions and cross-selling to increase purchase frequency.
14068.0,321,5,1504.97,2,3,4,234,At Risk,"Launch re-engagement campaigns, targeted discounts, and reminders to bring customers back."
14069.0,515,2,230.06,1,2,1,121,Regular Customer,Use personalized promotions and cross-selling to increase purchase frequency.
14070.0,685,1,326.55,1,1,2,112,Regular Customer,Use personalized promotions and cross-selling to increase purchase frequency.
14071.0,4,9,1307.41,5,4,4,544,VIP Customer,"Provide premium offers, loyalty rewards, and personalized recommendations."
14072.0,667,1,390.85,1,1,2,112,Regular Customer,Use personalized promotions and cross-selling to increase purchase frequency.
14073.0,22,2,139.54,4,2,1,421,Recent Customer,Send welcome offers and personalized product recommendations to encourage a second purchase.
14074.0,624,1,219.39999999999998,1,1,1,111,Regular Customer,Use personalized promotions and cross-selling to increase purchase frequency.
14075.0,5,6,1734.87,5,4,4,544,VIP Customer,"Provide premium offers, loyalty rewards, and personalized recommendations."
14076.0,130,1,122.47,3,1,1,311,Regular Customer,Use personalized promotions and cross-selling to increase purchase frequency.
14077.0,41,6,615.0799999999999,4,4,3,443,Loyal Customer,"Use loyalty programs, cross-selling, and repeat-purchase offers."
14078.0,102,9,1692.6299999999999,3,4,4,344,Loyal Customer,"Use loyalty programs, cross-selling, and repeat-purchase offers."
14079.0,125,2,618.73,3,2,3,323,Regular Customer,Use personalized promotions and cross-selling to increase purchase frequency.
14080.0,33,6,1075.73,4,4,3,443,Loyal Customer,"Use loyalty programs, cross-selling, and repeat-purchase offers."
14081.0,268,16,5250.05,2,5,5,255,At Risk,"Launch re-engagement campaigns, targeted discounts, and reminders to bring customers back."
14082.0,365,2,413.36,2,2,2,222,Regular Customer,Use personalized promotions and cross-selling to increase purchase frequency.
14083.0,5,11,1407.26,5,5,4,554,VIP Customer,"Provide premium offers, loyalty rewards, and personalized recommendations."
14084.0,513,1,150.5,1,1,1,111,Regular Customer,Use personalized promotions and cross-selling to increase purchase frequency.
14085.0,3,34,10092.22,5,5,5,555,VIP Customer,"Provide premium offers, loyalty rewards, and personalized recommendations."
14086.0,463,1,39.95,1,1,1,111,Regular Customer,Use personalized promotions and cross-selling to increase purchase frequency.
14087.0,3,5,803.47,5,3,3,533,Regular Customer,Use personalized promotions and cross-selling to increase purchase frequency.
14088.0,11,20,62400.02,5,5,5,555,VIP Customer,"Provide premium offers, loyalty rewards, and personalized recommendations."
14089.0,57,1,161.0,4,1,1,411,Recent Customer,Send welcome offers and personalized product recommendations to encourage a second purchase.
14090.0,325,1,76.32000000000001,2,1,1,211,Regular Customer,Use personalized promotions and cross-selling to increase purchase frequency.
14091.0,655,2,9530.08,1,2,5,125,Regular Customer,Use personalized promotions and cross-selling to increase purchase frequency.
14092.0,8,27,7209.74,5,5,5,555,VIP Customer,"Provide premium offers, loyalty rewards, and personalized recommendations."
14093.0,13,1,442.85,5,1,2,512,Recent Customer,Send welcome offers and personalized product recommendations to encourage a second purchase.
14094.0,440,2,334.27,1,2,2,122,Regular Customer,Use personalized promotions and cross-selling to increase purchase frequency.
14095.0,723,1,2.95,1,1,1,111,Regular Customer,Use personalized promotions and cross-selling to increase purchase frequency.
14096.0,5,34,57120.909999999996,5,5,5,555,VIP Customer,"Provide premium offers, loyalty rewards, and personalized recommendations."
14097.0,482,2,422.85999999999996,1,2,2,122,Regular Customer,Use personalized promotions and cross-selling to increase purchase frequency.
14098.0,37,1,147.35,4,1,1,411,Recent Customer,Send welcome offers and personalized product recommendations to encourage a second purchase.
14099.0,17,22,5700.51,5,5,5,555,VIP Customer,"Provide premium offers, loyalty rewards, and personalized recommendations."
14100.0,138,1,194.9,3,1,1,311,Regular Customer,Use personalized promotions and cross-selling to increase purchase frequency.
14101.0,74,14,9942.13,3,5,5,355,Loyal Customer,"Use loyalty programs, cross-selling, and repeat-purchase offers."
14102.0,6,8,1314.73,5,4,4,544,VIP Customer,"Provide premium offers, loyalty rewards, and personalized recommendations."
14103.0,666,1,0.0,1,1,1,111,Regular Customer,Use personalized promotions and cross-selling to increase purchase frequency.
14104.0,155,5,771.5799999999999,3,3,3,333,Regular Customer,Use personalized promotions and cross-selling to increase purchase frequency.
14105.0,86,9,5703.9800000000005,3,4,5,345,Loyal Customer,"Use loyalty programs, cross-selling, and repeat-purchase offers."
14106.0,738,1,214.79999999999998,1,1,1,111,Regular Customer,Use personalized promotions and cross-selling to increase purchase frequency.
14107.0,52,13,4853.7,4,5,5,455,VIP Customer,"Provide premium offers, loyalty rewards, and personalized recommendations."
14108.0,31,5,1041.21,4,3,3,433,Regular Customer,Use personalized promotions and cross-selling to increase purchase frequency.
14109.0,24,2,80.2,4,2,1,421,Recent Customer,Send welcome offers and personalized product recommendations to encourage a second purchase.
14110.0,4,35,12957.6,5,5,5,555,VIP Customer,"Provide premium offers, loyalty rewards, and personalized recommendations."
14111.0,15,5,688.6,5,3,3,533,Regular Customer,Use personalized promotions and cross-selling to increase purchase frequency.
14112.0,23,27,5524.51,4,5,5,455,VIP Customer,"Provide premium offers, loyalty rewards, and personalized recommendations."
14113.0,4,31,6156.75,5,5,5,555,VIP Customer,"Provide premium offers, loyalty rewards, and personalized recommendations."
14114.0,274,7,1364.09,2,4,4,244,At Risk,"Launch re-engagement campaigns, targeted discounts, and reminders to bring customers back."
14115.0,502,2,622.6700000000001,1,2,3,123,Regular Customer,Use personalized promotions and cross-selling to increase purchase frequency.
14116.0,20,5,1382.74,4,3,4,434,Regular Customer,Use personalized promotions and cross-selling to increase purchase frequency.
14117.0,144,1,90.0,3,1,1,311,Regular Customer,Use personalized promotions and cross-selling to increase purchase frequency.
14118.0,429,1,458.45,1,1,2,112,Regular Customer,Use personalized promotions and cross-selling to increase purchase frequency.
14119.0,355,3,163.47,2,3,1,231,At Risk,"Launch re-engagement campaigns, targeted discounts, and reminders to bring customers back."
14120.0,431,1,-23.8,1,1,1,111,Regular Customer,Use personalized promotions and cross-selling to increase purchase frequency.
14121.0,4,6,2740.3,5,4,4,544,VIP Customer,"Provide premium offers, loyalty rewards, and personalized recommendations."
14122.0,395,5,309.77,2,4,2,242,At Risk,"Launch re-engagement campaigns, targeted discounts, and reminders to bring customers back."
14123.0,734,1,436.18,1,1,2,112,Regular Customer,Use personalized promotions and cross-selling to increase purchase frequency.
14124.0,85,1,419.58000000000004,3,1,2,312,Regular Customer,Use personalized promotions and cross-selling to increase purchase frequency.
14125.0,11,3,2740.43,5,3,4,534,Regular Customer,Use personalized promotions and cross-selling to increase purchase frequency.
14126.0,8,5,1109.96,5,4,3,543,Loyal Customer,"Use loyalty programs, cross-selling, and repeat-purchase offers."
14127.0,123,6,1900.0800000000002,3,4,4,344,Loyal Customer,"Use loyalty programs, cross-selling, and repeat-purchase offers."
14128.0,61,4,909.36,3,3,3,333,Regular Customer,Use personalized promotions and cross-selling to increase purchase frequency.
14129.0,2,9,2591.34,5,4,4,544,VIP Customer,"Provide premium offers, loyalty rewards, and personalized recommendations."
14130.0,320,4,1882.67,2,3,4,234,At Risk,"Launch re-engagement campaigns, targeted discounts, and reminders to bring customers back."
14131.0,649,1,187.87,1,1,1,111,Regular Customer,Use personalized promotions and cross-selling to increase purchase frequency.
14132.0,3,12,3580.13,5,5,5,555,VIP Customer,"Provide premium offers, loyalty rewards, and personalized recommendations."
14133.0,130,6,895.8399999999999,3,4,3,343,Loyal Customer,"Use loyalty programs, cross-selling, and repeat-purchase offers."
14134.0,383,15,11123.35,2,5,5,255,At Risk,"Launch re-engagement campaigns, targeted discounts, and reminders to bring customers back."
14135.0,2,25,9605.05,5,5,5,555,VIP Customer,"Provide premium offers, loyalty rewards, and personalized recommendations."
14136.0,401,7,1553.96,2,4,4,244,At Risk,"Launch re-engagement campaigns, targeted discounts, and reminders to bring customers back."
14137.0,682,2,294.1,1,2,2,122,Regular Customer,Use personalized promotions and cross-selling to increase purchase frequency.
14138.0,2,2,982.3800000000001,5,2,3,523,Recent Customer,Send welcome offers and personalized product recommendations to encourage a second purchase.
14139.0,47,4,1086.8,4,3,3,433,Regular Customer,Use personalized promotions and cross-selling to increase purchase frequency.
14140.0,4,3,920.05,5,3,3,533,Regular Customer,Use personalized promotions and cross-selling to increase purchase frequency.
14141.0,3,6,879.0300000000001,5,4,3,543,Loyal Customer,"Use loyalty programs, cross-selling, and repeat-purchase offers."
14142.0,374,4,967.75,2,3,3,233,At Risk,"Launch re-engagement campaigns, targeted discounts, and reminders to bring customers back."
14143.0,134,1,115.8,3,1,1,311,Regular Customer,Use personalized promotions and cross-selling to increase purchase frequency.
14144.0,487,1,30.599999999999998,1,1,1,111,Regular Customer,Use personalized promotions and cross-selling to increase purchase frequency.
14145.0,47,8,7006.05,4,4,5,445,VIP Customer,"Provide premium offers, loyalty rewards, and personalized recommendations."
14146.0,9,13,8208.87,5,5,5,555,VIP Customer,"Provide premium offers, loyalty rewards, and personalized recommendations."
14147.0,50,12,2019.3,4,5,4,454,VIP Customer,"Provide premium offers, loyalty rewards, and personalized recommendations."
14148.0,234,2,466.29,2,2,2,222,Regular Customer,Use personalized promotions and cross-selling to increase purchase frequency.
14149.0,213,3,259.43,2,3,2,232,At Risk,"Launch re-engagement campaigns, targeted discounts, and reminders to bring customers back."
14150.0,36,2,658.64,4,2,3,423,Recent Customer,Send welcome offers and personalized product recommendations to encourage a second purchase.
14151.0,674,3,666.7,1,3,3,133,At Risk,"Launch re-engagement campaigns, targeted discounts, and reminders to bring customers back."
14152.0,76,9,1975.44,3,4,4,344,Loyal Customer,"Use loyalty programs, cross-selling, and repeat-purchase offers."
14153.0,484,1,233.4,1,1,1,111,Regular Customer,Use personalized promotions and cross-selling to increase purchase frequency.
14154.0,240,10,6263.6,2,4,5,245,At Risk,"Launch re-engagement campaigns, targeted discounts, and reminders to bring customers back."
14155.0,267,1,118.75,2,1,1,211,Regular Customer,Use personalized promotions and cross-selling to increase purchase frequency.
14156.0,10,202,296564.69,5,5,5,555,VIP Customer,"Provide premium offers, loyalty rewards, and personalized recommendations."
14157.0,20,6,970.33,4,4,3,443,Loyal Customer,"Use loyalty programs, cross-selling, and repeat-purchase offers."
14158.0,41,1,507.66,4,1,2,412,Recent Customer,Send welcome offers and personalized product recommendations to encourage a second purchase.
14159.0,20,25,7571.88,4,5,5,455,VIP Customer,"Provide premium offers, loyalty rewards, and personalized recommendations."
14160.0,611,7,8421.47,1,4,5,145,At Risk,"Launch re-engagement campaigns, targeted discounts, and reminders to bring customers back."
14161.0,216,7,3318.88,2,4,5,245,At Risk,"Launch re-engagement campaigns, targeted discounts, and reminders to bring customers back."
14162.0,174,2,289.36,3,2,2,322,Regular Customer,Use personalized promotions and cross-selling to increase purchase frequency.
14163.0,88,5,2594.62,3,4,4,344,Loyal Customer,"Use loyalty programs, cross-selling, and repeat-purchase offers."
14164.0,71,2,1631.77,3,2,4,324,Regular Customer,Use personalized promotions and cross-selling to increase purchase frequency.
14165.0,276,1,122.53999999999999,2,1,1,211,Regular Customer,Use personalized promotions and cross-selling to increase purchase frequency.
14166.0,506,2,256.85,1,2,1,121,Regular Customer,Use personalized promotions and cross-selling to increase purchase frequency.
14167.0,40,8,1296.49,4,4,4,444,VIP Customer,"Provide premium offers, loyalty rewards, and personalized recommendations."
14168.0,421,3,305.9,1,3,2,132,At Risk,"Launch re-engagement campaigns, targeted discounts, and reminders to bring customers back."
14169.0,431,2,624.4300000000001,1,2,3,123,Regular Customer,Use personalized promotions and cross-selling to increase purchase frequency.
14170.0,376,3,597.33,2,3,3,233,At Risk,"Launch re-engagement campaigns, targeted discounts, and reminders to bring customers back."
14171.0,99,2,498.79,3,2,2,322,Regular Customer,Use personalized promotions and cross-selling to increase purchase frequency.
14172.0,606,4,389.97,1,3,2,132,At Risk,"Launch re-engagement campaigns, targeted discounts, and reminders to bring customers back."
14173.0,11,7,566.95,5,4,2,542,Loyal Customer,"Use loyalty programs, cross-selling, and repeat-purchase offers."
14174.0,34,1,134.46,4,1,1,411,Recent Customer,Send welcome offers and personalized product recommendations to encourage a second purchase.
14175.0,52,17,7350.44,4,5,5,455,VIP Customer,"Provide premium offers, loyalty rewards, and personalized recommendations."
14176.0,298,6,913.11,2,4,3,243,At Risk,"Launch re-engagement campaigns, targeted discounts, and reminders to bring customers back."
14177.0,85,14,2224.39,3,5,4,354,Loyal Customer,"Use loyalty programs, cross-selling, and repeat-purchase offers."
14178.0,9,7,1620.93,5,4,4,544,VIP Customer,"Provide premium offers, loyalty rewards, and personalized recommendations."
14179.0,41,2,719.78,4,2,3,423,Recent Customer,Send welcome offers and personalized product recommendations to encourage a second purchase.
14180.0,11,42,6110.75,5,5,5,555,VIP Customer,"Provide premium offers, loyalty rewards, and personalized recommendations."
14181.0,411,2,310.55,2,2,2,222,Regular Customer,Use personalized promotions and cross-selling to increase purchase frequency.
14182.0,444,5,660.07,1,4,3,143,At Risk,"Launch re-engagement campaigns, targeted discounts, and reminders to bring customers back."
14183.0,412,2,286.29,2,2,2,222,Regular Customer,Use personalized promotions and cross-selling to increase purchase frequency.
14184.0,67,1,452.89,3,1,2,312,Regular Customer,Use personalized promotions and cross-selling to increase purchase frequency.
14185.0,332,1,197.65,2,1,1,211,Regular Customer,Use personalized promotions and cross-selling to increase purchase frequency.
14186.0,428,5,1550.63,1,4,4,144,At Risk,"Launch re-engagement campaigns, targeted discounts, and reminders to bring customers back."
14187.0,474,1,123.5,1,1,1,111,Regular Customer,Use personalized promotions and cross-selling to increase purchase frequency.
14188.0,9,10,2018.91,5,4,4,544,VIP Customer,"Provide premium offers, loyalty rewards, and personalized recommendations."
14189.0,3,25,5764.62,5,5,5,555,VIP Customer,"Provide premium offers, loyalty rewards, and personalized recommendations."
14190.0,667,1,79.9,1,1,1,111,Regular Customer,Use personalized promotions and cross-selling to increase purchase frequency.
14191.0,2,17,4713.41,5,5,5,555,VIP Customer,"Provide premium offers, loyalty rewards, and personalized recommendations."
14192.0,389,1,293.74,2,1,2,212,Regular Customer,Use personalized promotions and cross-selling to increase purchase frequency.
14193.0,68,3,1210.19,3,3,4,334,Regular Customer,Use personalized promotions and cross-selling to increase purchase frequency.
14194.0,5,54,18442.87,5,5,5,555,VIP Customer,"Provide premium offers, loyalty rewards, and personalized recommendations."
14195.0,202,10,2381.24,2,4,4,244,At Risk,"Launch re-engagement campaigns, targeted discounts, and reminders to bring customers back."
14196.0,107,1,335.52,3,1,2,312,Regular Customer,Use personalized promotions and cross-selling to increase purchase frequency.
14197.0,411,1,390.05,2,1,2,212,Regular Customer,Use personalized promotions and cross-selling to increase purchase frequency.
14198.0,5,13,1527.58,5,5,4,554,VIP Customer,"Provide premium offers, loyalty rewards, and personalized recommendations."
14199.0,219,6,916.4999999999999,2,4,3,243,At Risk,"Launch re-engagement campaigns, targeted discounts, and reminders to bring customers back."
14200.0,618,1,379.2,1,1,2,112,Regular Customer,Use personalized promotions and cross-selling to increase purchase frequency.
14201.0,61,12,1134.14,3,5,3,353,Loyal Customer,"Use loyalty programs, cross-selling, and repeat-purchase offers."
14202.0,382,3,847.76,2,3,3,233,At Risk,"Launch re-engagement campaigns, targeted discounts, and reminders to bring customers back."
14203.0,398,1,339.34,2,1,2,212,Regular Customer,Use personalized promotions and cross-selling to increase purchase frequency.
14204.0,3,4,1062.96,5,3,3,533,Regular Customer,Use personalized promotions and cross-selling to increase purchase frequency.
14205.0,11,12,1908.38,5,5,4,554,VIP Customer,"Provide premium offers, loyalty rewards, and personalized recommendations."
14206.0,240,5,1145.21,2,4,3,243,At Risk,"Launch re-engagement campaigns, targeted discounts, and reminders to bring customers back."
14207.0,688,1,157.8,1,1,1,111,Regular Customer,Use personalized promotions and cross-selling to increase purchase frequency.
14208.0,95,2,567.05,3,2,2,322,Regular Customer,Use personalized promotions and cross-selling to increase purchase frequency.
14209.0,11,19,4937.37,5,5,5,555,VIP Customer,"Provide premium offers, loyalty rewards, and personalized recommendations."
14210.0,92,21,5814.320000000001,3,5,5,355,Loyal Customer,"Use loyalty programs, cross-selling, and repeat-purchase offers."
14211.0,54,26,4301.69,4,5,5,455,VIP Customer,"Provide premium offers, loyalty rewards, and personalized recommendations."
14212.0,90,2,2190.14,3,2,4,324,Regular Customer,Use personalized promotions and cross-selling to increase purchase frequency.
14213.0,372,2,-1192.2,2,2,1,221,Regular Customer,Use personalized promotions and cross-selling to increase purchase frequency.
14214.0,31,7,1000.23,4,4,3,443,Loyal Customer,"Use loyalty programs, cross-selling, and repeat-purchase offers."
14215.0,12,10,3404.53,5,4,5,545,VIP Customer,"Provide premium offers, loyalty rewards, and personalized recommendations."
14216.0,4,6,2142.39,5,4,4,544,VIP Customer,"Provide premium offers, loyalty rewards, and personalized recommendations."
14217.0,2,33,3206.87,5,5,5,555,VIP Customer,"Provide premium offers, loyalty rewards, and personalized recommendations."
14218.0,43,1,169.48000000000002,4,1,1,411,Recent Customer,Send welcome offers and personalized product recommendations to encourage a second purchase.
14219.0,5,3,633.83,5,3,3,533,Regular Customer,Use personalized promotions and cross-selling to increase purchase frequency.
14220.0,248,4,1515.0,2,3,4,234,At Risk,"Launch re-engagement campaigns, targeted discounts, and reminders to bring customers back."
14221.0,43,19,6506.59,4,5,5,455,VIP Customer,"Provide premium offers, loyalty rewards, and personalized recommendations."
14222.0,178,1,683.17,3,1,3,313,Regular Customer,Use personalized promotions and cross-selling to increase purchase frequency.
14223.0,93,4,975.23,3,3,3,333,Regular Customer,Use personalized promotions and cross-selling to increase purchase frequency.
14224.0,111,9,1897.9,3,4,4,344,Loyal Customer,"Use loyalty programs, cross-selling, and repeat-purchase offers."
14225.0,435,5,2015.12,1,4,4,144,At Risk,"Launch re-engagement campaigns, targeted discounts, and reminders to bring customers back."
14226.0,29,9,2967.78,4,4,5,445,VIP Customer,"Provide premium offers, loyalty rewards, and personalized recommendations."
14227.0,27,22,6327.31,4,5,5,455,VIP Customer,"Provide premium offers, loyalty rewards, and personalized recommendations."
14228.0,438,3,745.5,1,3,3,133,At Risk,"Launch re-engagement campaigns, targeted discounts, and reminders to bring customers back."
14229.0,52,11,2468.99,4,5,4,454,VIP Customer,"Provide premium offers, loyalty rewards, and personalized recommendations."
14230.0,436,3,979.8000000000001,1,3,3,133,At Risk,"Launch re-engagement campaigns, targeted discounts, and reminders to bring customers back."
14231.0,180,6,1131.97,3,4,3,343,Loyal Customer,"Use loyalty programs, cross-selling, and repeat-purchase offers."
14232.0,32,8,2043.93,4,4,4,444,VIP Customer,"Provide premium offers, loyalty rewards, and personalized recommendations."
14233.0,44,10,2766.96,4,4,4,444,VIP Customer,"Provide premium offers, loyalty rewards, and personalized recommendations."
14234.0,23,4,775.46,4,3,3,433,Regular Customer,Use personalized promotions and cross-selling to increase purchase frequency.
14235.0,11,10,4666.99,5,4,5,545,VIP Customer,"Provide premium offers, loyalty rewards, and personalized recommendations."
14236.0,81,7,1732.74,3,4,4,344,Loyal Customer,"Use loyalty programs, cross-selling, and repeat-purchase offers."
14237.0,374,3,627.04,2,3,3,233,At Risk,"Launch re-engagement campaigns, targeted discounts, and reminders to bring customers back."
14238.0,327,3,434.23,2,3,2,232,At Risk,"Launch re-engagement campaigns, targeted discounts, and reminders to bring customers back."
14239.0,44,24,4203.72,4,5,5,455,VIP Customer,"Provide premium offers, loyalty rewards, and personalized recommendations."
14240.0,31,3,1247.49,4,3,4,434,Regular Customer,Use personalized promotions and cross-selling to increase purchase frequency.
14241.0,184,2,333.70000000000005,3,2,2,322,Regular Customer,Use personalized promotions and cross-selling to increase purchase frequency.
14242.0,235,2,280.55,2,2,2,222,Regular Customer,Use personalized promotions and cross-selling to increase purchase frequency.
14243.0,9,23,7365.36,5,5,5,555,VIP Customer,"Provide premium offers, loyalty rewards, and personalized recommendations."
14244.0,660,2,354.82,1,2,2,122,Regular Customer,Use personalized promotions and cross-selling to increase purchase frequency.
14245.0,177,5,1677.48,3,4,4,344,Loyal Customer,"Use loyalty programs, cross-selling, and repeat-purchase offers."
14246.0,111,3,1474.06,3,3,4,334,Regular Customer,Use personalized promotions and cross-selling to increase purchase frequency.
14247.0,279,6,769.71,2,4,3,243,At Risk,"Launch re-engagement campaigns, targeted discounts, and reminders to bring customers back."
14248.0,319,3,1032.95,2,3,3,233,At Risk,"Launch re-engagement campaigns, targeted discounts, and reminders to bring customers back."
14249.0,411,12,5625.461,2,5,5,255,At Risk,"Launch re-engagement campaigns, targeted discounts, and reminders to bring customers back."
14250.0,8,3,1904.05,5,3,4,534,Regular Customer,Use personalized promotions and cross-selling to increase purchase frequency.
14251.0,2,5,2879.7000000000003,5,4,5,545,VIP Customer,"Provide premium offers, loyalty rewards, and personalized recommendations."
14252.0,382,1,350.99,2,1,2,212,Regular Customer,Use personalized promotions and cross-selling to increase purchase frequency.
14253.0,494,2,363.40000000000003,1,2,2,122,Regular Customer,Use personalized promotions and cross-selling to increase purchase frequency.
14254.0,433,1,601.03,1,1,3,113,Regular Customer,Use personalized promotions and cross-selling to increase purchase frequency.
14255.0,547,4,-1441.6,1,3,1,131,At Risk,"Launch re-engagement campaigns, targeted discounts, and reminders to bring customers back."
14256.0,255,9,2397.34,2,4,4,244,At Risk,"Launch re-engagement campaigns, targeted discounts, and reminders to bring customers back."
14257.0,52,10,5942.0,4,4,5,445,VIP Customer,"Provide premium offers, loyalty rewards, and personalized recommendations."
14258.0,10,32,31027.35,5,5,5,555,VIP Customer,"Provide premium offers, loyalty rewards, and personalized recommendations."
14259.0,142,1,120.0,3,1,1,311,Regular Customer,Use personalized promotions and cross-selling to increase purchase frequency.
14260.0,472,3,824.28,1,3,3,133,At Risk,"Launch re-engagement campaigns, targeted discounts, and reminders to bring customers back."
14261.0,51,2,1163.45,4,2,3,423,Recent Customer,Send welcome offers and personalized product recommendations to encourage a second purchase.
14262.0,9,8,2618.23,5,4,4,544,VIP Customer,"Provide premium offers, loyalty rewards, and personalized recommendations."
14263.0,424,1,322.93,1,1,2,112,Regular Customer,Use personalized promotions and cross-selling to increase purchase frequency.
14264.0,155,8,1461.3600000000001,3,4,4,344,Loyal Customer,"Use loyalty programs, cross-selling, and repeat-purchase offers."
14265.0,110,4,1373.35,3,3,4,334,Regular Customer,Use personalized promotions and cross-selling to increase purchase frequency.
14266.0,429,1,40.56,1,1,1,111,Regular Customer,Use personalized promotions and cross-selling to increase purchase frequency.
14267.0,151,9,1259.19,3,4,4,344,Loyal Customer,"Use loyalty programs, cross-selling, and repeat-purchase offers."
14268.0,471,1,354.85,1,1,2,112,Regular Customer,Use personalized promotions and cross-selling to increase purchase frequency.
14269.0,436,2,261.68,1,2,2,122,Regular Customer,Use personalized promotions and cross-selling to increase purchase frequency.
14270.0,332,1,492.65000000000003,2,1,2,212,Regular Customer,Use personalized promotions and cross-selling to increase purchase frequency.
14271.0,226,2,219.13,2,2,1,221,Regular Customer,Use personalized promotions and cross-selling to increase purchase frequency.
14272.0,74,4,920.81,3,3,3,333,Regular Customer,Use personalized promotions and cross-selling to increase purchase frequency.
14273.0,52,4,559.97,4,3,2,432,Regular Customer,Use personalized promotions and cross-selling to increase purchase frequency.
14274.0,687,1,256.6,1,1,1,111,Regular Customer,Use personalized promotions and cross-selling to increase purchase frequency.
14275.0,396,6,1189.3799999999999,2,4,4,244,At Risk,"Launch re-engagement campaigns, targeted discounts, and reminders to bring customers back."
14276.0,89,13,1929.32,3,5,4,354,Loyal Customer,"Use loyalty programs, cross-selling, and repeat-purchase offers."
14277.0,16,14,4324.47,5,5,5,555,VIP Customer,"Provide premium offers, loyalty rewards, and personalized recommendations."
14278.0,410,1,205.83,2,1,1,211,Regular Customer,Use personalized promotions and cross-selling to increase purchase frequency.
14279.0,521,2,191.86,1,2,1,121,Regular Customer,Use personalized promotions and cross-selling to increase purchase frequency.
14280.0,197,1,134.04,2,1,1,211,Regular Customer,Use personalized promotions and cross-selling to increase purchase frequency.
14281.0,409,1,245.15,2,1,1,211,Regular Customer,Use personalized promotions and cross-selling to increase purchase frequency.
14282.0,4,26,7844.66,5,5,5,555,VIP Customer,"Provide premium offers, loyalty rewards, and personalized recommendations."
14283.0,464,4,628.4399999999999,1,3,3,133,At Risk,"Launch re-engagement campaigns, targeted discounts, and reminders to bring customers back."
14284.0,31,4,1282.85,4,3,4,434,Regular Customer,Use personalized promotions and cross-selling to increase purchase frequency.
14285.0,22,9,3158.64,4,4,5,445,VIP Customer,"Provide premium offers, loyalty rewards, and personalized recommendations."
14286.0,24,12,8396.7,4,5,5,455,VIP Customer,"Provide premium offers, loyalty rewards, and personalized recommendations."
14287.0,9,4,151.23000000000002,5,3,1,531,Regular Customer,Use personalized promotions and cross-selling to increase purchase frequency.
14288.0,213,2,413.85,2,2,2,222,Regular Customer,Use personalized promotions and cross-selling to increase purchase frequency.
14289.0,9,6,911.26,5,4,3,543,Loyal Customer,"Use loyalty programs, cross-selling, and repeat-purchase offers."
14290.0,12,14,4208.93,5,5,5,555,VIP Customer,"Provide premium offers, loyalty rewards, and personalized recommendations."
14291.0,2,25,7844.4,5,5,5,555,VIP Customer,"Provide premium offers, loyalty rewards, and personalized recommendations."
14292.0,8,27,8887.9,5,5,5,555,VIP Customer,"Provide premium offers, loyalty rewards, and personalized recommendations."
14293.0,4,10,3174.33,5,4,5,545,VIP Customer,"Provide premium offers, loyalty rewards, and personalized recommendations."
14294.0,408,1,375.34,2,1,2,212,Regular Customer,Use personalized promotions and cross-selling to increase purchase frequency.
14295.0,41,8,2316.06,4,4,4,444,VIP Customer,"Provide premium offers, loyalty rewards, and personalized recommendations."
14296.0,414,3,448.45,2,3,2,232,At Risk,"Launch re-engagement campaigns, targeted discounts, and reminders to bring customers back."
14297.0,18,6,1284.06,5,4,4,544,VIP Customer,"Provide premium offers, loyalty rewards, and personalized recommendations."
14298.0,4,84,90489.31,5,5,5,555,VIP Customer,"Provide premium offers, loyalty rewards, and personalized recommendations."
14299.0,9,41,12827.77,5,5,5,555,VIP Customer,"Provide premium offers, loyalty rewards, and personalized recommendations."
14300.0,19,1,43.2,5,1,1,511,Recent Customer,Send welcome offers and personalized product recommendations to encourage a second purchase.
14301.0,108,7,1956.23,3,4,4,344,Loyal Customer,"Use loyalty programs, cross-selling, and repeat-purchase offers."
14302.0,431,3,742.9000000000001,1,3,3,133,At Risk,"Launch re-engagement campaigns, targeted discounts, and reminders to bring customers back."
14303.0,408,2,277.94,2,2,2,222,Regular Customer,Use personalized promotions and cross-selling to increase purchase frequency.
14304.0,223,5,1523.81,2,4,4,244,At Risk,"Launch re-engagement campaigns, targeted discounts, and reminders to bring customers back."
14305.0,72,5,1803.76,3,4,4,344,Loyal Customer,"Use loyalty programs, cross-selling, and repeat-purchase offers."
14306.0,52,7,3141.5,4,4,5,445,VIP Customer,"Provide premium offers, loyalty rewards, and personalized recommendations."
14307.0,89,11,5063.08,3,5,5,355,Loyal Customer,"Use loyalty programs, cross-selling, and repeat-purchase offers."
14308.0,550,5,-849.45,1,4,1,141,At Risk,"Launch re-engagement campaigns, targeted discounts, and reminders to bring customers back."
14309.0,9,12,3747.96,5,5,5,555,VIP Customer,"Provide premium offers, loyalty rewards, and personalized recommendations."
14310.0,433,1,492.1,1,1,2,112,Regular Customer,Use personalized promotions and cross-selling to increase purchase frequency.
14311.0,226,3,435.90000000000003,2,3,2,232,At Risk,"Launch re-engagement campaigns, targeted discounts, and reminders to bring customers back."
14312.0,47,11,3090.29,4,5,5,455,VIP Customer,"Provide premium offers, loyalty rewards, and personalized recommendations."
14313.0,625,1,-302.31,1,1,1,111,Regular Customer,Use personalized promotions and cross-selling to increase purchase frequency.
14314.0,107,3,221.9,3,3,1,331,Regular Customer,Use personalized promotions and cross-selling to increase purchase frequency.
14315.0,22,10,3168.72,4,4,5,445,VIP Customer,"Provide premium offers, loyalty rewards, and personalized recommendations."
14316.0,423,6,1355.34,1,4,4,144,At Risk,"Launch re-engagement campaigns, targeted discounts, and reminders to bring customers back."
14317.0,65,1,508.58000000000004,3,1,2,312,Regular Customer,Use personalized promotions and cross-selling to increase purchase frequency.
14318.0,461,1,158.02,1,1,1,111,Regular Customer,Use personalized promotions and cross-selling to increase purchase frequency.
14319.0,425,2,476.95000000000005,1,2,2,122,Regular Customer,Use personalized promotions and cross-selling to increase purchase frequency.
14320.0,207,7,1204.1200000000001,2,4,4,244,At Risk,"Launch re-engagement campaigns, targeted discounts, and reminders to bring customers back."
14321.0,11,8,2198.58,5,4,4,544,VIP Customer,"Provide premium offers, loyalty rewards, and personalized recommendations."
14322.0,428,6,384.3,1,4,2,142,At Risk,"Launch re-engagement campaigns, targeted discounts, and reminders to bring customers back."
14323.0,115,4,574.26,3,3,2,332,Regular Customer,Use personalized promotions and cross-selling to increase purchase frequency.
14324.0,410,2,701.61,2,2,3,223,Regular Customer,Use personalized promotions and cross-selling to increase purchase frequency.
14325.0,570,1,245.48000000000002,1,1,1,111,Regular Customer,Use personalized promotions and cross-selling to increase purchase frequency.
14326.0,235,4,923.98,2,3,3,233,At Risk,"Launch re-engagement campaigns, targeted discounts, and reminders to bring customers back."
14327.0,164,6,1894.93,3,4,4,344,Loyal Customer,"Use loyalty programs, cross-selling, and repeat-purchase offers."
14328.0,431,3,-445.06,1,3,1,131,At Risk,"Launch re-engagement campaigns, targeted discounts, and reminders to bring customers back."
14329.0,9,28,9735.52,5,5,5,555,VIP Customer,"Provide premium offers, loyalty rewards, and personalized recommendations."
14330.0,624,1,200.63,1,1,1,111,Regular Customer,Use personalized promotions and cross-selling to increase purchase frequency.
14331.0,125,2,462.65999999999997,3,2,2,322,Regular Customer,Use personalized promotions and cross-selling to increase purchase frequency.
14332.0,23,5,1943.51,4,4,4,444,VIP Customer,"Provide premium offers, loyalty rewards, and personalized recommendations."
14333.0,65,2,351.45,3,2,2,322,Regular Customer,Use personalized promotions and cross-selling to increase purchase frequency.
14334.0,17,14,4292.98,5,5,5,555,VIP Customer,"Provide premium offers, loyalty rewards, and personalized recommendations."
14335.0,17,2,468.26,5,2,2,522,Recent Customer,Send welcome offers and personalized product recommendations to encourage a second purchase.
14336.0,17,4,1614.91,5,3,4,534,Regular Customer,Use personalized promotions and cross-selling to increase purchase frequency.
14337.0,732,1,-658.63,1,1,1,111,Regular Customer,Use personalized promotions and cross-selling to increase purchase frequency.
14338.0,159,5,894.1,3,4,3,343,Loyal Customer,"Use loyalty programs, cross-selling, and repeat-purchase offers."
14339.0,235,5,600.66,2,4,3,243,At Risk,"Launch re-engagement campaigns, targeted discounts, and reminders to bring customers back."
14340.0,219,1,134.7,2,1,1,211,Regular Customer,Use personalized promotions and cross-selling to increase purchase frequency.
14341.0,46,20,4443.47,4,5,5,455,VIP Customer,"Provide premium offers, loyalty rewards, and personalized recommendations."
14342.0,22,9,842.74,4,4,3,443,Loyal Customer,"Use loyalty programs, cross-selling, and repeat-purchase offers."
14343.0,422,4,1088.91,1,3,3,133,At Risk,"Launch re-engagement campaigns, targeted discounts, and reminders to bring customers back."
14344.0,128,20,3333.7000000000003,3,5,5,355,Loyal Customer,"Use loyalty programs, cross-selling, and repeat-purchase offers."
14345.0,39,1,108.97999999999999,4,1,1,411,Recent Customer,Send welcome offers and personalized product recommendations to encourage a second purchase.
14346.0,121,5,2315.75,3,4,4,344,Loyal Customer,"Use loyalty programs, cross-selling, and repeat-purchase offers."
14347.0,737,1,82.6,1,1,1,111,Regular Customer,Use personalized promotions and cross-selling to increase purchase frequency.
14348.0,261,1,409.57,2,1,2,212,Regular Customer,Use personalized promotions and cross-selling to increase purchase frequency.
14349.0,11,1,133.5,5,1,1,511,Recent Customer,Send welcome offers and personalized product recommendations to encourage a second purchase.
14350.0,271,4,947.8,2,3,3,233,At Risk,"Launch re-engagement campaigns, targeted discounts, and reminders to bring customers back."
14351.0,165,1,51.0,3,1,1,311,Regular Customer,Use personalized promotions and cross-selling to increase purchase frequency.
14352.0,158,4,1078.96,3,3,3,333,Regular Customer,Use personalized promotions and cross-selling to increase purchase frequency.
14353.0,216,3,376.5,2,3,2,232,At Risk,"Launch re-engagement campaigns, targeted discounts, and reminders to bring customers back."
14354.0,6,2,163.62,5,2,1,521,Recent Customer,Send welcome offers and personalized product recommendations to encourage a second purchase.
14355.0,366,3,1014.45,2,3,3,233,At Risk,"Launch re-engagement campaigns, targeted discounts, and reminders to bring customers back."
14356.0,61,4,666.9399999999999,3,3,3,333,Regular Customer,Use personalized promotions and cross-selling to increase purchase frequency.
14357.0,44,1,225.77,4,1,1,411,Recent Customer,Send welcome offers and personalized product recommendations to encourage a second purchase.
14358.0,390,3,384.29999999999995,2,3,2,232,At Risk,"Launch re-engagement campaigns, targeted discounts, and reminders to bring customers back."
14359.0,20,6,882.58,4,4,3,443,Loyal Customer,"Use loyalty programs, cross-selling, and repeat-purchase offers."
14360.0,32,4,2128.23,4,3,4,434,Regular Customer,Use personalized promotions and cross-selling to increase purchase frequency.
14361.0,579,1,214.70999999999998,1,1,1,111,Regular Customer,Use personalized promotions and cross-selling to increase purchase frequency.
14362.0,23,1,161.2,4,1,1,411,Recent Customer,Send welcome offers and personalized product recommendations to encourage a second purchase.
14363.0,403,2,227.47000000000003,2,2,1,221,Regular Customer,Use personalized promotions and cross-selling to increase purchase frequency.
14364.0,109,8,3717.35,3,4,5,345,Loyal Customer,"Use loyalty programs, cross-selling, and repeat-purchase offers."
14365.0,395,2,634.68,2,2,3,223,Regular Customer,Use personalized promotions and cross-selling to increase purchase frequency.
14366.0,526,1,136.0,1,1,1,111,Regular Customer,Use personalized promotions and cross-selling to increase purchase frequency.
14367.0,9,19,9167.82,5,5,5,555,VIP Customer,"Provide premium offers, loyalty rewards, and personalized recommendations."
14368.0,320,1,155.0,2,1,1,211,Regular Customer,Use personalized promotions and cross-selling to increase purchase frequency.
14369.0,643,2,469.13,1,2,2,122,Regular Customer,Use personalized promotions and cross-selling to increase purchase frequency.
14370.0,451,9,1092.13,1,4,3,143,At Risk,"Launch re-engagement campaigns, targeted discounts, and reminders to bring customers back."
14371.0,296,1,100.5,2,1,1,211,Regular Customer,Use personalized promotions and cross-selling to increase purchase frequency.
14372.0,444,3,830.1800000000001,1,3,3,133,At Risk,"Launch re-engagement campaigns, targeted discounts, and reminders to bring customers back."
14373.0,359,1,76.55,2,1,1,211,Regular Customer,Use personalized promotions and cross-selling to increase purchase frequency.
14374.0,542,1,108.0,1,1,1,111,Regular Customer,Use personalized promotions and cross-selling to increase purchase frequency.
14375.0,186,3,1132.99,3,3,3,333,Regular Customer,Use personalized promotions and cross-selling to increase purchase frequency.
14376.0,684,1,215.46,1,1,1,111,Regular Customer,Use personalized promotions and cross-selling to increase purchase frequency.
14377.0,192,2,617.05,2,2,3,223,Regular Customer,Use personalized promotions and cross-selling to increase purchase frequency.
14378.0,622,1,131.25,1,1,1,111,Regular Customer,Use personalized promotions and cross-selling to increase purchase frequency.
14379.0,45,4,1268.91,4,3,4,434,Regular Customer,Use personalized promotions and cross-selling to increase purchase frequency.
14380.0,604,2,-99.72999999999999,1,2,1,121,Regular Customer,Use personalized promotions and cross-selling to increase purchase frequency.
14381.0,53,2,631.34,4,2,3,423,Recent Customer,Send welcome offers and personalized product recommendations to encourage a second purchase.
14382.0,27,3,1240.85,4,3,4,434,Regular Customer,Use personalized promotions and cross-selling to increase purchase frequency.
14383.0,39,3,1247.69,4,3,4,434,Regular Customer,Use personalized promotions and cross-selling to increase purchase frequency.
14384.0,501,1,58.5,1,1,1,111,Regular Customer,Use personalized promotions and cross-selling to increase purchase frequency.
14385.0,10,3,202.11,5,3,1,531,Regular Customer,Use personalized promotions and cross-selling to increase purchase frequency.
14386.0,297,1,142.4,2,1,1,211,Regular Customer,Use personalized promotions and cross-selling to increase purchase frequency.
14387.0,33,3,1770.56,4,3,4,434,Regular Customer,Use personalized promotions and cross-selling to increase purchase frequency.
14388.0,9,20,6589.3,5,5,5,555,VIP Customer,"Provide premium offers, loyalty rewards, and personalized recommendations."
14389.0,9,11,1821.07,5,5,4,554,VIP Customer,"Provide premium offers, loyalty rewards, and personalized recommendations."
14390.0,11,18,6323.33,5,5,5,555,VIP Customer,"Provide premium offers, loyalty rewards, and personalized recommendations."
14391.0,577,1,135.6,1,1,1,111,Regular Customer,Use personalized promotions and cross-selling to increase purchase frequency.
14392.0,433,1,266.4,1,1,2,112,Regular Customer,Use personalized promotions and cross-selling to increase purchase frequency.
14393.0,219,1,67.95,2,1,1,211,Regular Customer,Use personalized promotions and cross-selling to increase purchase frequency.
14394.0,565,1,93.8,1,1,1,111,Regular Customer,Use personalized promotions and cross-selling to increase purchase frequency.
14395.0,3,24,8160.81,5,5,5,555,VIP Customer,"Provide premium offers, loyalty rewards, and personalized recommendations."
14396.0,66,7,2121.93,3,4,4,344,Loyal Customer,"Use loyalty programs, cross-selling, and repeat-purchase offers."
14397.0,1,23,2556.68,5,5,4,554,VIP Customer,"Provide premium offers, loyalty rewards, and personalized recommendations."
14398.0,402,2,707.79,2,2,3,223,Regular Customer,Use personalized promotions and cross-selling to increase purchase frequency.
14399.0,395,9,2098.16,2,4,4,244,At Risk,"Launch re-engagement campaigns, targeted discounts, and reminders to bring customers back."
14400.0,142,5,1703.0,3,4,4,344,Loyal Customer,"Use loyalty programs, cross-selling, and repeat-purchase offers."
14401.0,5,25,6703.4,5,5,5,555,VIP Customer,"Provide premium offers, loyalty rewards, and personalized recommendations."
14402.0,653,1,285.6,1,1,2,112,Regular Customer,Use personalized promotions and cross-selling to increase purchase frequency.
14403.0,131,9,1822.76,3,4,4,344,Loyal Customer,"Use loyalty programs, cross-selling, and repeat-purchase offers."
14404.0,34,15,2800.11,4,5,4,454,VIP Customer,"Provide premium offers, loyalty rewards, and personalized recommendations."
14405.0,387,1,195.0,2,1,1,211,Regular Customer,Use personalized promotions and cross-selling to increase purchase frequency.
14406.0,120,1,156.75,3,1,1,311,Regular Customer,Use personalized promotions and cross-selling to increase purchase frequency.
14407.0,108,9,2111.08,3,4,4,344,Loyal Customer,"Use loyalty programs, cross-selling, and repeat-purchase offers."
14408.0,11,11,4109.77,5,5,5,555,VIP Customer,"Provide premium offers, loyalty rewards, and personalized recommendations."
14409.0,72,10,3453.69,3,4,5,345,Loyal Customer,"Use loyalty programs, cross-selling, and repeat-purchase offers."
14410.0,16,17,2122.37,5,5,4,554,VIP Customer,"Provide premium offers, loyalty rewards, and personalized recommendations."
14411.0,311,1,1063.0,2,1,3,213,Regular Customer,Use personalized promotions and cross-selling to increase purchase frequency.
14412.0,36,4,1417.49,4,3,4,434,Regular Customer,Use personalized promotions and cross-selling to increase purchase frequency.
14413.0,363,4,770.37,2,3,3,233,At Risk,"Launch re-engagement campaigns, targeted discounts, and reminders to bring customers back."
14414.0,92,9,2387.48,3,4,4,344,Loyal Customer,"Use loyalty programs, cross-selling, and repeat-purchase offers."
14415.0,2,32,11915.13,5,5,5,555,VIP Customer,"Provide premium offers, loyalty rewards, and personalized recommendations."
14416.0,23,2,490.22,4,2,2,422,Recent Customer,Send welcome offers and personalized product recommendations to encourage a second purchase.
14417.0,388,1,604.2,2,1,3,213,Regular Customer,Use personalized promotions and cross-selling to increase purchase frequency.
14418.0,4,3,1937.25,5,3,4,534,Regular Customer,Use personalized promotions and cross-selling to increase purchase frequency.
14419.0,11,7,1260.91,5,4,4,544,VIP Customer,"Provide premium offers, loyalty rewards, and personalized recommendations."
14420.0,86,7,1627.72,3,4,4,344,Loyal Customer,"Use loyalty programs, cross-selling, and repeat-purchase offers."
14421.0,58,7,2456.62,4,4,4,444,VIP Customer,"Provide premium offers, loyalty rewards, and personalized recommendations."
14422.0,1,21,10200.92,5,5,5,555,VIP Customer,"Provide premium offers, loyalty rewards, and personalized recommendations."
14423.0,219,4,914.9599999999999,2,3,3,233,At Risk,"Launch re-engagement campaigns, targeted discounts, and reminders to bring customers back."
14424.0,18,1,322.08,5,1,2,512,Recent Customer,Send welcome offers and personalized product recommendations to encourage a second purchase.
14425.0,428,5,635.89,1,4,3,143,At Risk,"Launch re-engagement campaigns, targeted discounts, and reminders to bring customers back."
14426.0,19,27,11103.97,5,5,5,555,VIP Customer,"Provide premium offers, loyalty rewards, and personalized recommendations."
14427.0,51,4,1263.52,4,3,4,434,Regular Customer,Use personalized promotions and cross-selling to increase purchase frequency.
14428.0,8,7,1230.14,5,4,4,544,VIP Customer,"Provide premium offers, loyalty rewards, and personalized recommendations."
14429.0,404,1,516.28,2,1,2,212,Regular Customer,Use personalized promotions and cross-selling to increase purchase frequency.
14430.0,512,5,956.4000000000001,1,4,3,143,At Risk,"Launch re-engagement campaigns, targeted discounts, and reminders to bring customers back."
14431.0,299,5,2541.6,2,4,4,244,At Risk,"Launch re-engagement campaigns, targeted discounts, and reminders to bring customers back."
14432.0,10,6,2255.51,5,4,4,544,VIP Customer,"Provide premium offers, loyalty rewards, and personalized recommendations."
14433.0,466,1,289.6,1,1,2,112,Regular Customer,Use personalized promotions and cross-selling to increase purchase frequency.
14434.0,22,6,1372.8,4,4,4,444,VIP Customer,"Provide premium offers, loyalty rewards, and personalized recommendations."
14435.0,502,1,90.42,1,1,1,111,Regular Customer,Use personalized promotions and cross-selling to increase purchase frequency.
14436.0,99,2,271.70000000000005,3,2,2,322,Regular Customer,Use personalized promotions and cross-selling to increase purchase frequency.
14437.0,144,7,829.94,3,4,3,343,Loyal Customer,"Use loyalty programs, cross-selling, and repeat-purchase offers."
14438.0,307,1,131.9,2,1,1,211,Regular Customer,Use personalized promotions and cross-selling to increase purchase frequency.
14439.0,320,5,9443.04,2,4,5,245,At Risk,"Launch re-engagement campaigns, targeted discounts, and reminders to bring customers back."
14440.0,9,15,6526.83,5,5,5,555,VIP Customer,"Provide premium offers, loyalty rewards, and personalized recommendations."
14441.0,1,19,4361.59,5,5,5,555,VIP Customer,"Provide premium offers, loyalty rewards, and personalized recommendations."
14442.0,2,12,5272.02,5,5,5,555,VIP Customer,"Provide premium offers, loyalty rewards, and personalized recommendations."
14443.0,54,8,2351.58,4,4,4,444,VIP Customer,"Provide premium offers, loyalty rewards, and personalized recommendations."
14444.0,457,1,132.04,1,1,1,111,Regular Customer,Use personalized promotions and cross-selling to increase purchase frequency.
14445.0,456,1,221.65,1,1,1,111,Regular Customer,Use personalized promotions and cross-selling to increase purchase frequency.
14446.0,1,5,1241.31,5,4,4,544,VIP Customer,"Provide premium offers, loyalty rewards, and personalized recommendations."
14447.0,19,6,1711.73,5,4,4,544,VIP Customer,"Provide premium offers, loyalty rewards, and personalized recommendations."
14448.0,10,2,375.35,5,2,2,522,Recent Customer,Send welcome offers and personalized product recommendations to encourage a second purchase.
14449.0,19,8,2482.8,5,4,4,544,VIP Customer,"Provide premium offers, loyalty rewards, and personalized recommendations."
14450.0,181,7,1128.44,3,4,3,343,Loyal Customer,"Use loyalty programs, cross-selling, and repeat-purchase offers."
14451.0,61,18,3265.59,3,5,5,355,Loyal Customer,"Use loyalty programs, cross-selling, and repeat-purchase offers."
14452.0,11,4,665.59,5,3,3,533,Regular Customer,Use personalized promotions and cross-selling to increase purchase frequency.
14453.0,191,1,119.93,3,1,1,311,Regular Customer,Use personalized promotions and cross-selling to increase purchase frequency.
14454.0,377,6,970.7,2,4,3,243,At Risk,"Launch re-engagement campaigns, targeted discounts, and reminders to bring customers back."
14455.0,433,5,594.86,1,4,3,143,At Risk,"Launch re-engagement campaigns, targeted discounts, and reminders to bring customers back."
14456.0,6,14,3047.63,5,5,5,555,VIP Customer,"Provide premium offers, loyalty rewards, and personalized recommendations."
14457.0,311,1,113.64,2,1,1,211,Regular Customer,Use personalized promotions and cross-selling to increase purchase frequency.
14458.0,381,1,237.42,2,1,1,211,Regular Customer,Use personalized promotions and cross-selling to increase purchase frequency.
14459.0,156,3,5339.1410000000005,3,3,5,335,Regular Customer,Use personalized promotions and cross-selling to increase purchase frequency.
14460.0,111,12,919.6,3,5,3,353,Loyal Customer,"Use loyalty programs, cross-selling, and repeat-purchase offers."
14461.0,149,14,6697.6,3,5,5,355,Loyal Customer,"Use loyalty programs, cross-selling, and repeat-purchase offers."
14462.0,64,16,2231.89,3,5,4,354,Loyal Customer,"Use loyalty programs, cross-selling, and repeat-purchase offers."
14463.0,99,4,786.5699999999999,3,3,3,333,Regular Customer,Use personalized promotions and cross-selling to increase purchase frequency.
14464.0,569,2,111.0,1,2,1,121,Regular Customer,Use personalized promotions and cross-selling to increase purchase frequency.
14465.0,247,11,3946.03,2,5,5,255,At Risk,"Launch re-engagement campaigns, targeted discounts, and reminders to bring customers back."
14466.0,30,13,4646.9,4,5,5,455,VIP Customer,"Provide premium offers, loyalty rewards, and personalized recommendations."
14467.0,18,12,2220.9900000000002,5,5,4,554,VIP Customer,"Provide premium offers, loyalty rewards, and personalized recommendations."
14468.0,734,1,204.24,1,1,1,111,Regular Customer,Use personalized promotions and cross-selling to increase purchase frequency.
14469.0,417,4,2112.21,1,3,4,134,At Risk,"Launch re-engagement campaigns, targeted discounts, and reminders to bring customers back."
14470.0,12,3,712.04,5,3,3,533,Regular Customer,Use personalized promotions and cross-selling to increase purchase frequency.
14471.0,592,2,400.95,1,2,2,122,Regular Customer,Use personalized promotions and cross-selling to increase purchase frequency.
14472.0,104,9,2228.22,3,4,4,344,Loyal Customer,"Use loyalty programs, cross-selling, and repeat-purchase offers."
14473.0,75,2,234.34000000000003,3,2,1,321,Regular Customer,Use personalized promotions and cross-selling to increase purchase frequency.
14474.0,44,3,1268.1299999999999,4,3,4,434,Regular Customer,Use personalized promotions and cross-selling to increase purchase frequency.
14475.0,72,7,1025.1200000000001,3,4,3,343,Loyal Customer,"Use loyalty programs, cross-selling, and repeat-purchase offers."
14476.0,258,1,215.7,2,1,1,211,Regular Customer,Use personalized promotions and cross-selling to increase purchase frequency.
14477.0,20,10,1960.61,4,4,4,444,VIP Customer,"Provide premium offers, loyalty rewards, and personalized recommendations."
14478.0,383,4,1276.66,2,3,4,234,At Risk,"Launch re-engagement campaigns, targeted discounts, and reminders to bring customers back."
14479.0,254,4,1299.11,2,3,4,234,At Risk,"Launch re-engagement campaigns, targeted discounts, and reminders to bring customers back."
14480.0,12,5,1295.27,5,4,4,544,VIP Customer,"Provide premium offers, loyalty rewards, and personalized recommendations."
14481.0,165,6,1935.32,3,4,4,344,Loyal Customer,"Use loyalty programs, cross-selling, and repeat-purchase offers."
14482.0,19,14,4192.25,5,5,5,555,VIP Customer,"Provide premium offers, loyalty rewards, and personalized recommendations."
14483.0,150,3,249.2,3,3,1,331,Regular Customer,Use personalized promotions and cross-selling to increase purchase frequency.
14484.0,51,4,1070.98,4,3,3,433,Regular Customer,Use personalized promotions and cross-selling to increase purchase frequency.
14485.0,39,1,165.75,4,1,1,411,Recent Customer,Send welcome offers and personalized product recommendations to encourage a second purchase.
14486.0,512,2,175.5,1,2,1,121,Regular Customer,Use personalized promotions and cross-selling to increase purchase frequency.
14487.0,27,8,1428.11,4,4,4,444,VIP Customer,"Provide premium offers, loyalty rewards, and personalized recommendations."
14488.0,52,2,1047.43,4,2,3,423,Recent Customer,Send welcome offers and personalized product recommendations to encourage a second purchase.
14489.0,208,4,1574.93,2,3,4,234,At Risk,"Launch re-engagement campaigns, targeted discounts, and reminders to bring customers back."
14490.0,407,2,1273.47,2,2,4,224,Regular Customer,Use personalized promotions and cross-selling to increase purchase frequency.
14491.0,176,2,468.13,3,2,2,322,Regular Customer,Use personalized promotions and cross-selling to increase purchase frequency.
14492.0,431,10,1574.3600000000001,1,4,4,144,At Risk,"Launch re-engagement campaigns, targeted discounts, and reminders to bring customers back."
14493.0,8,14,5036.05,5,5,5,555,VIP Customer,"Provide premium offers, loyalty rewards, and personalized recommendations."
14494.0,26,3,401.46,4,3,2,432,Regular Customer,Use personalized promotions and cross-selling to increase purchase frequency.
14495.0,51,4,166.3,4,3,1,431,Regular Customer,Use personalized promotions and cross-selling to increase purchase frequency.
14496.0,312,10,2645.88,2,4,4,244,At Risk,"Launch re-engagement campaigns, targeted discounts, and reminders to bring customers back."
14497.0,302,3,679.16,2,3,3,233,At Risk,"Launch re-engagement campaigns, targeted discounts, and reminders to bring customers back."
14498.0,43,10,3911.27,4,4,5,445,VIP Customer,"Provide premium offers, loyalty rewards, and personalized recommendations."
14499.0,27,10,2120.62,4,4,4,444,VIP Customer,"Provide premium offers, loyalty rewards, and personalized recommendations."
14500.0,89,3,356.85,3,3,2,332,Regular Customer,Use personalized promotions and cross-selling to increase purchase frequency.
14501.0,65,3,190.31,3,3,1,331,Regular Customer,Use personalized promotions and cross-selling to increase purchase frequency.
14502.0,20,14,2351.02,4,5,4,454,VIP Customer,"Provide premium offers, loyalty rewards, and personalized recommendations."
14503.0,4,6,3543.26,5,4,5,545,VIP Customer,"Provide premium offers, loyalty rewards, and personalized recommendations."
14504.0,48,4,673.26,4,3,3,433,Regular Customer,Use personalized promotions and cross-selling to increase purchase frequency.
14505.0,18,27,11718.8,5,5,5,555,VIP Customer,"Provide premium offers, loyalty rewards, and personalized recommendations."
14506.0,18,7,3290.67,5,4,5,545,VIP Customer,"Provide premium offers, loyalty rewards, and personalized recommendations."
14507.0,24,14,3172.4900000000002,4,5,5,455,VIP Customer,"Provide premium offers, loyalty rewards, and personalized recommendations."
14508.0,23,6,856.09,4,4,3,443,Loyal Customer,"Use loyalty programs, cross-selling, and repeat-purchase offers."
14509.0,535,1,110.95,1,1,1,111,Regular Customer,Use personalized promotions and cross-selling to increase purchase frequency.
14510.0,376,4,991.98,2,3,3,233,At Risk,"Launch re-engagement campaigns, targeted discounts, and reminders to bring customers back."
14511.0,12,6,1267.4099999999999,5,4,4,544,VIP Customer,"Provide premium offers, loyalty rewards, and personalized recommendations."
14512.0,188,7,1223.47,3,4,4,344,Loyal Customer,"Use loyalty programs, cross-selling, and repeat-purchase offers."
14513.0,101,7,770.9100000000001,3,4,3,343,Loyal Customer,"Use loyalty programs, cross-selling, and repeat-purchase offers."
14514.0,62,10,4594.7300000000005,3,4,5,345,Loyal Customer,"Use loyalty programs, cross-selling, and repeat-purchase offers."
14515.0,18,15,3718.9,5,5,5,555,VIP Customer,"Provide premium offers, loyalty rewards, and personalized recommendations."
14516.0,517,1,163.92,1,1,1,111,Regular Customer,Use personalized promotions and cross-selling to increase purchase frequency.
14517.0,34,2,330.45,4,2,2,422,Recent Customer,Send welcome offers and personalized product recommendations to encourage a second purchase.
14518.0,65,1,174.37,3,1,1,311,Regular Customer,Use personalized promotions and cross-selling to increase purchase frequency.
14519.0,684,2,206.09,1,2,1,121,Regular Customer,Use personalized promotions and cross-selling to increase purchase frequency.
14520.0,2,2,270.6,5,2,2,522,Recent Customer,Send welcome offers and personalized product recommendations to encourage a second purchase.
14521.0,478,2,167.65,1,2,1,121,Regular Customer,Use personalized promotions and cross-selling to increase purchase frequency.
14522.0,25,8,1758.6200000000001,4,4,4,444,VIP Customer,"Provide premium offers, loyalty rewards, and personalized recommendations."
14523.0,109,1,241.09,3,1,1,311,Regular Customer,Use personalized promotions and cross-selling to increase purchase frequency.
14524.0,32,13,2933.71,4,5,5,455,VIP Customer,"Provide premium offers, loyalty rewards, and personalized recommendations."
14525.0,9,21,8129.8099999999995,5,5,5,555,VIP Customer,"Provide premium offers, loyalty rewards, and personalized recommendations."
14526.0,390,1,262.4,2,1,2,212,Regular Customer,Use personalized promotions and cross-selling to increase purchase frequency.
14527.0,3,190,25774.54,5,5,5,555,VIP Customer,"Provide premium offers, loyalty rewards, and personalized recommendations."
14528.0,38,1,364.21999999999997,4,1,2,412,Recent Customer,Send welcome offers and personalized product recommendations to encourage a second purchase.
14529.0,61,3,620.04,3,3,3,333,Regular Customer,Use personalized promotions and cross-selling to increase purchase frequency.
14530.0,26,19,6077.15,4,5,5,455,VIP Customer,"Provide premium offers, loyalty rewards, and personalized recommendations."
14531.0,480,1,376.34,1,1,2,112,Regular Customer,Use personalized promotions and cross-selling to increase purchase frequency.
14532.0,237,12,3846.4300000000003,2,5,5,255,At Risk,"Launch re-engagement campaigns, targeted discounts, and reminders to bring customers back."
14533.0,25,15,3185.12,4,5,5,455,VIP Customer,"Provide premium offers, loyalty rewards, and personalized recommendations."
14534.0,3,38,5786.42,5,5,5,555,VIP Customer,"Provide premium offers, loyalty rewards, and personalized recommendations."
14535.0,60,11,5872.63,3,5,5,355,Loyal Customer,"Use loyalty programs, cross-selling, and repeat-purchase offers."
14536.0,260,1,171.8,2,1,1,211,Regular Customer,Use personalized promotions and cross-selling to increase purchase frequency.
14537.0,58,3,635.45,4,3,3,433,Regular Customer,Use personalized promotions and cross-selling to increase purchase frequency.
14538.0,65,5,1370.8400000000001,3,4,4,344,Loyal Customer,"Use loyalty programs, cross-selling, and repeat-purchase offers."
14539.0,16,2,537.48,5,2,2,522,Recent Customer,Send welcome offers and personalized product recommendations to encourage a second purchase.
14540.0,10,12,3785.44,5,5,5,555,VIP Customer,"Provide premium offers, loyalty rewards, and personalized recommendations."
14541.0,59,14,2499.68,4,5,4,454,VIP Customer,"Provide premium offers, loyalty rewards, and personalized recommendations."
14542.0,186,1,103.25,3,1,1,311,Regular Customer,Use personalized promotions and cross-selling to increase purchase frequency.
14543.0,4,50,12194.01,5,5,5,555,VIP Customer,"Provide premium offers, loyalty rewards, and personalized recommendations."
14544.0,25,3,2982.43,4,3,5,435,Regular Customer,Use personalized promotions and cross-selling to increase purchase frequency.
14545.0,675,1,349.25,1,1,2,112,Regular Customer,Use personalized promotions and cross-selling to increase purchase frequency.
14546.0,5,20,5001.03,5,5,5,555,VIP Customer,"Provide premium offers, loyalty rewards, and personalized recommendations."
14547.0,4,9,3986.7400000000002,5,4,5,545,VIP Customer,"Provide premium offers, loyalty rewards, and personalized recommendations."
14548.0,151,9,2627.49,3,4,4,344,Loyal Customer,"Use loyalty programs, cross-selling, and repeat-purchase offers."
14549.0,312,4,916.5500000000001,2,3,3,233,At Risk,"Launch re-engagement campaigns, targeted discounts, and reminders to bring customers back."
14550.0,11,4,1353.31,5,3,4,534,Regular Customer,Use personalized promotions and cross-selling to increase purchase frequency.
14551.0,19,9,858.59,5,4,3,543,Loyal Customer,"Use loyalty programs, cross-selling, and repeat-purchase offers."
14552.0,152,3,511.28000000000003,3,3,2,332,Regular Customer,Use personalized promotions and cross-selling to increase purchase frequency.
14553.0,20,10,1816.04,4,4,4,444,VIP Customer,"Provide premium offers, loyalty rewards, and personalized recommendations."
14554.0,11,4,2381.04,5,3,4,534,Regular Customer,Use personalized promotions and cross-selling to increase purchase frequency.
14555.0,58,7,2306.48,4,4,4,444,VIP Customer,"Provide premium offers, loyalty rewards, and personalized recommendations."
14556.0,597,3,835.34,1,3,3,133,At Risk,"Launch re-engagement campaigns, targeted discounts, and reminders to bring customers back."
14557.0,65,2,0.0,3,2,1,321,Regular Customer,Use personalized promotions and cross-selling to increase purchase frequency.
14558.0,654,5,614.1,1,4,3,143,At Risk,"Launch re-engagement campaigns, targeted discounts, and reminders to bring customers back."
14559.0,391,1,75.6,2,1,1,211,Regular Customer,Use personalized promotions and cross-selling to increase purchase frequency.
14560.0,8,46,6050.44,5,5,5,555,VIP Customer,"Provide premium offers, loyalty rewards, and personalized recommendations."
14561.0,76,3,1080.76,3,3,3,333,Regular Customer,Use personalized promotions and cross-selling to increase purchase frequency.
14562.0,4,30,6363.85,5,5,5,555,VIP Customer,"Provide premium offers, loyalty rewards, and personalized recommendations."
14563.0,510,2,679.44,1,2,3,123,Regular Customer,Use personalized promotions and cross-selling to increase purchase frequency.
14564.0,428,5,2519.32,1,4,4,144,At Risk,"Launch re-engagement campaigns, targeted discounts, and reminders to bring customers back."
14565.0,96,7,3833.87,3,4,5,345,Loyal Customer,"Use loyalty programs, cross-selling, and repeat-purchase offers."
14566.0,111,4,4092.0,3,3,5,335,Regular Customer,Use personalized promotions and cross-selling to increase purchase frequency.
14567.0,36,3,1524.46,4,3,4,434,Regular Customer,Use personalized promotions and cross-selling to increase purchase frequency.
14568.0,425,2,909.5,1,2,3,123,Regular Customer,Use personalized promotions and cross-selling to increase purchase frequency.
14569.0,2,4,598.98,5,3,3,533,Regular Customer,Use personalized promotions and cross-selling to increase purchase frequency.
14570.0,281,3,613.75,2,3,3,233,At Risk,"Launch re-engagement campaigns, targeted discounts, and reminders to bring customers back."
14571.0,426,1,161.65,1,1,1,111,Regular Customer,Use personalized promotions and cross-selling to increase purchase frequency.
14572.0,4,15,5573.28,5,5,5,555,VIP Customer,"Provide premium offers, loyalty rewards, and personalized recommendations."
14573.0,180,17,2571.72,3,5,4,354,Loyal Customer,"Use loyalty programs, cross-selling, and repeat-purchase offers."
14574.0,733,1,143.70000000000002,1,1,1,111,Regular Customer,Use personalized promotions and cross-selling to increase purchase frequency.
14575.0,489,1,460.71,1,1,2,112,Regular Customer,Use personalized promotions and cross-selling to increase purchase frequency.
14576.0,373,1,70.80000000000001,2,1,1,211,Regular Customer,Use personalized promotions and cross-selling to increase purchase frequency.
14577.0,13,7,1374.25,5,4,4,544,VIP Customer,"Provide premium offers, loyalty rewards, and personalized recommendations."
14578.0,4,1,168.63,5,1,1,511,Recent Customer,Send welcome offers and personalized product recommendations to encourage a second purchase.
14579.0,433,1,105.56,1,1,1,111,Regular Customer,Use personalized promotions and cross-selling to increase purchase frequency.
14580.0,519,1,14.850000000000001,1,1,1,111,Regular Customer,Use personalized promotions and cross-selling to increase purchase frequency.
14581.0,17,2,433.8,5,2,2,522,Recent Customer,Send welcome offers and personalized product recommendations to encourage a second purchase.
14582.0,41,1,114.11,4,1,1,411,Recent Customer,Send welcome offers and personalized product recommendations to encourage a second purchase.
14583.0,6,8,1781.03,5,4,4,544,VIP Customer,"Provide premium offers, loyalty rewards, and personalized recommendations."
14584.0,170,9,1734.91,3,4,4,344,Loyal Customer,"Use loyalty programs, cross-selling, and repeat-purchase offers."
14585.0,51,5,1143.27,4,4,3,443,Loyal Customer,"Use loyalty programs, cross-selling, and repeat-purchase offers."
14586.0,228,3,134.16,2,3,1,231,At Risk,"Launch re-engagement campaigns, targeted discounts, and reminders to bring customers back."
14587.0,19,10,1598.24,5,4,4,544,VIP Customer,"Provide premium offers, loyalty rewards, and personalized recommendations."
14588.0,579,1,135.39,1,1,1,111,Regular Customer,Use personalized promotions and cross-selling to increase purchase frequency.
14589.0,372,1,79.5,2,1,1,211,Regular Customer,Use personalized promotions and cross-selling to increase purchase frequency.
14590.0,425,28,2884.29,1,5,5,155,At Risk,"Launch re-engagement campaigns, targeted discounts, and reminders to bring customers back."
14591.0,16,4,1447.14,5,3,4,534,Regular Customer,Use personalized promotions and cross-selling to increase purchase frequency.
14592.0,36,3,570.46,4,3,2,432,Regular Customer,Use personalized promotions and cross-selling to increase purchase frequency.
14593.0,22,18,3615.17,4,5,5,455,VIP Customer,"Provide premium offers, loyalty rewards, and personalized recommendations."
14594.0,8,2,634.83,5,2,3,523,Recent Customer,Send welcome offers and personalized product recommendations to encourage a second purchase.
14595.0,20,8,2164.45,4,4,4,444,VIP Customer,"Provide premium offers, loyalty rewards, and personalized recommendations."
14596.0,627,1,229.47,1,1,1,111,Regular Customer,Use personalized promotions and cross-selling to increase purchase frequency.
14597.0,12,6,2201.54,5,4,4,544,VIP Customer,"Provide premium offers, loyalty rewards, and personalized recommendations."
14598.0,45,3,221.97,4,3,1,431,Regular Customer,Use personalized promotions and cross-selling to increase purchase frequency.
14599.0,391,2,474.54,2,2,2,222,Regular Customer,Use personalized promotions and cross-selling to increase purchase frequency.
14600.0,306,2,865.1700000000001,2,2,3,223,Regular Customer,Use personalized promotions and cross-selling to increase purchase frequency.
14601.0,11,1,213.96,5,1,1,511,Recent Customer,Send welcome offers and personalized product recommendations to encourage a second purchase.
14602.0,657,1,205.35999999999999,1,1,1,111,Regular Customer,Use personalized promotions and cross-selling to increase purchase frequency.
14603.0,275,1,660.0,2,1,3,213,Regular Customer,Use personalized promotions and cross-selling to increase purchase frequency.
14604.0,634,1,143.85999999999999,1,1,1,111,Regular Customer,Use personalized promotions and cross-selling to increase purchase frequency.
14605.0,375,4,937.16,2,3,3,233,At Risk,"Launch re-engagement campaigns, targeted discounts, and reminders to bring customers back."
14606.0,2,259,30094.38,5,5,5,555,VIP Customer,"Provide premium offers, loyalty rewards, and personalized recommendations."
14607.0,16,27,18745.56,5,5,5,555,VIP Customer,"Provide premium offers, loyalty rewards, and personalized recommendations."
14608.0,5,12,3273.44,5,5,5,555,VIP Customer,"Provide premium offers, loyalty rewards, and personalized recommendations."
14609.0,73,11,1366.2,3,5,4,354,Loyal Customer,"Use loyalty programs, cross-selling, and repeat-purchase offers."
14610.0,396,2,24.35,2,2,1,221,Regular Customer,Use personalized promotions and cross-selling to increase purchase frequency.
14611.0,440,3,599.38,1,3,3,133,At Risk,"Launch re-engagement campaigns, targeted discounts, and reminders to bring customers back."
14612.0,416,1,877.7,1,1,3,113,Regular Customer,Use personalized promotions and cross-selling to increase purchase frequency.
14613.0,681,1,76.32000000000001,1,1,1,111,Regular Customer,Use personalized promotions and cross-selling to increase purchase frequency.
14614.0,387,1,295.13,2,1,2,212,Regular Customer,Use personalized promotions and cross-selling to increase purchase frequency.
14615.0,395,6,934.26,2,4,3,243,At Risk,"Launch re-engagement campaigns, targeted discounts, and reminders to bring customers back."
14616.0,243,5,527.78,2,4,2,242,At Risk,"Launch re-engagement campaigns, targeted discounts, and reminders to bring customers back."
14617.0,403,2,190.47000000000003,2,2,1,221,Regular Customer,Use personalized promotions and cross-selling to increase purchase frequency.
14618.0,10,9,1295.67,5,4,4,544,VIP Customer,"Provide premium offers, loyalty rewards, and personalized recommendations."
14619.0,240,3,1276.31,2,3,4,234,At Risk,"Launch re-engagement campaigns, targeted discounts, and reminders to bring customers back."
14620.0,205,3,393.28000000000003,2,3,2,232,At Risk,"Launch re-engagement campaigns, targeted discounts, and reminders to bring customers back."
14621.0,2,16,2878.27,5,5,5,555,VIP Customer,"Provide premium offers, loyalty rewards, and personalized recommendations."
14622.0,185,1,320.58000000000004,3,1,2,312,Regular Customer,Use personalized promotions and cross-selling to increase purchase frequency.
14623.0,33,12,2030.83,4,5,4,454,VIP Customer,"Provide premium offers, loyalty rewards, and personalized recommendations."
14624.0,58,6,814.07,4,4,3,443,Loyal Customer,"Use loyalty programs, cross-selling, and repeat-purchase offers."
14625.0,186,18,4391.53,3,5,5,355,Loyal Customer,"Use loyalty programs, cross-selling, and repeat-purchase offers."
14626.0,9,15,5374.77,5,5,5,555,VIP Customer,"Provide premium offers, loyalty rewards, and personalized recommendations."
14627.0,312,3,406.40000000000003,2,3,2,232,At Risk,"Launch re-engagement campaigns, targeted discounts, and reminders to bring customers back."
14628.0,92,5,1998.0,3,4,4,344,Loyal Customer,"Use loyalty programs, cross-selling, and repeat-purchase offers."
14629.0,5,3,939.21,5,3,3,533,Regular Customer,Use personalized promotions and cross-selling to increase purchase frequency.
14630.0,485,1,338.65,1,1,2,112,Regular Customer,Use personalized promotions and cross-selling to increase purchase frequency.
14631.0,51,7,2023.17,4,4,4,444,VIP Customer,"Provide premium offers, loyalty rewards, and personalized recommendations."
14632.0,263,1,114.56,2,1,1,211,Regular Customer,Use personalized promotions and cross-selling to increase purchase frequency.
14633.0,267,1,344.90000000000003,2,1,2,212,Regular Customer,Use personalized promotions and cross-selling to increase purchase frequency.
14634.0,438,7,1971.82,1,4,4,144,At Risk,"Launch re-engagement campaigns, targeted discounts, and reminders to bring customers back."
14635.0,454,1,215.22,1,1,1,111,Regular Customer,Use personalized promotions and cross-selling to increase purchase frequency.
14636.0,37,2,609.85,4,2,3,423,Recent Customer,Send welcome offers and personalized product recommendations to encourage a second purchase.
14637.0,678,1,106.67999999999999,1,1,1,111,Regular Customer,Use personalized promotions and cross-selling to increase purchase frequency.
14638.0,51,1,443.6,4,1,2,412,Recent Customer,Send welcome offers and personalized product recommendations to encourage a second purchase.
14639.0,53,11,4946.81,4,5,5,455,VIP Customer,"Provide premium offers, loyalty rewards, and personalized recommendations."
14640.0,16,16,3464.03,5,5,5,555,VIP Customer,"Provide premium offers, loyalty rewards, and personalized recommendations."
14641.0,22,1,110.46,4,1,1,411,Recent Customer,Send welcome offers and personalized product recommendations to encourage a second purchase.
14642.0,59,1,96.12,4,1,1,411,Recent Customer,Send welcome offers and personalized product recommendations to encourage a second purchase.
14643.0,171,6,1654.69,3,4,4,344,Loyal Customer,"Use loyalty programs, cross-selling, and repeat-purchase offers."
14644.0,10,12,2077.47,5,5,4,554,VIP Customer,"Provide premium offers, loyalty rewards, and personalized recommendations."
14645.0,157,4,840.24,3,3,3,333,Regular Customer,Use personalized promotions and cross-selling to increase purchase frequency.
14646.0,2,164,523342.07,5,5,5,555,VIP Customer,"Provide premium offers, loyalty rewards, and personalized recommendations."
14647.0,202,2,519.97,2,2,2,222,Regular Customer,Use personalized promotions and cross-selling to increase purchase frequency.
14648.0,404,19,4458.21,2,5,5,255,At Risk,"Launch re-engagement campaigns, targeted discounts, and reminders to bring customers back."
14649.0,5,11,3754.16,5,5,5,555,VIP Customer,"Provide premium offers, loyalty rewards, and personalized recommendations."
14650.0,590,1,62.5,1,1,1,111,Regular Customer,Use personalized promotions and cross-selling to increase purchase frequency.
14651.0,68,9,2034.1200000000001,3,4,4,344,Loyal Customer,"Use loyalty programs, cross-selling, and repeat-purchase offers."
14652.0,78,1,114.18,3,1,1,311,Regular Customer,Use personalized promotions and cross-selling to increase purchase frequency.
14653.0,2,12,3614.54,5,5,5,555,VIP Customer,"Provide premium offers, loyalty rewards, and personalized recommendations."
14654.0,739,1,246.86,1,1,1,111,Regular Customer,Use personalized promotions and cross-selling to increase purchase frequency.
14655.0,4,12,3829.23,5,5,5,555,VIP Customer,"Provide premium offers, loyalty rewards, and personalized recommendations."
14656.0,170,5,814.65,3,4,3,343,Loyal Customer,"Use loyalty programs, cross-selling, and repeat-purchase offers."
14657.0,18,7,1450.92,5,4,4,544,VIP Customer,"Provide premium offers, loyalty rewards, and personalized recommendations."
14658.0,6,2,247.15,5,2,1,521,Recent Customer,Send welcome offers and personalized product recommendations to encourage a second purchase.
14659.0,9,12,2456.53,5,5,4,554,VIP Customer,"Provide premium offers, loyalty rewards, and personalized recommendations."
14660.0,87,2,285.74,3,2,2,322,Regular Customer,Use personalized promotions and cross-selling to increase purchase frequency.
14661.0,27,1,107.95,4,1,1,411,Recent Customer,Send welcome offers and personalized product recommendations to encourage a second purchase.
14662.0,29,7,1416.33,4,4,4,444,VIP Customer,"Provide premium offers, loyalty rewards, and personalized recommendations."
14663.0,431,2,490.6,1,2,2,122,Regular Customer,Use personalized promotions and cross-selling to increase purchase frequency.
14664.0,20,2,637.89,4,2,3,423,Recent Customer,Send welcome offers and personalized product recommendations to encourage a second purchase.
14665.0,61,9,2172.33,3,4,4,344,Loyal Customer,"Use loyalty programs, cross-selling, and repeat-purchase offers."
14666.0,25,1,195.25,4,1,1,411,Recent Customer,Send welcome offers and personalized product recommendations to encourage a second purchase.
14667.0,11,61,21720.59,5,5,5,555,VIP Customer,"Provide premium offers, loyalty rewards, and personalized recommendations."
14668.0,446,1,111.63,1,1,1,111,Regular Customer,Use personalized promotions and cross-selling to increase purchase frequency.
14669.0,242,7,3243.93,2,4,5,245,At Risk,"Launch re-engagement campaigns, targeted discounts, and reminders to bring customers back."
14670.0,281,3,602.0,2,3,3,233,At Risk,"Launch re-engagement campaigns, targeted discounts, and reminders to bring customers back."
14671.0,550,2,1127.45,1,2,3,123,Regular Customer,Use personalized promotions and cross-selling to increase purchase frequency.
14672.0,235,4,1113.14,2,3,3,233,At Risk,"Launch re-engagement campaigns, targeted discounts, and reminders to bring customers back."
14673.0,4,7,3410.81,5,4,5,545,VIP Customer,"Provide premium offers, loyalty rewards, and personalized recommendations."
14674.0,510,1,173.66,1,1,1,111,Regular Customer,Use personalized promotions and cross-selling to increase purchase frequency.
14675.0,17,2,1066.9,5,2,3,523,Recent Customer,Send welcome offers and personalized product recommendations to encourage a second purchase.
14676.0,32,16,8285.49,4,5,5,455,VIP Customer,"Provide premium offers, loyalty rewards, and personalized recommendations."
14677.0,593,1,184.91,1,1,1,111,Regular Customer,Use personalized promotions and cross-selling to increase purchase frequency.
14678.0,572,2,386.44,1,2,2,122,Regular Customer,Use personalized promotions and cross-selling to increase purchase frequency.
14679.0,372,5,1270.3999999999999,2,4,4,244,At Risk,"Launch re-engagement campaigns, targeted discounts, and reminders to bring customers back."
14680.0,26,87,54801.34,4,5,5,455,VIP Customer,"Provide premium offers, loyalty rewards, and personalized recommendations."
14681.0,72,6,875.1500000000001,3,4,3,343,Loyal Customer,"Use loyalty programs, cross-selling, and repeat-purchase offers."
14682.0,188,6,1514.81,3,4,4,344,Loyal Customer,"Use loyalty programs, cross-selling, and repeat-purchase offers."
14683.0,589,1,146.56,1,1,1,111,Regular Customer,Use personalized promotions and cross-selling to increase purchase frequency.
14684.0,26,6,1468.55,4,4,4,444,VIP Customer,"Provide premium offers, loyalty rewards, and personalized recommendations."
14685.0,577,13,4324.31,1,5,5,155,At Risk,"Launch re-engagement campaigns, targeted discounts, and reminders to bring customers back."
14686.0,415,6,877.88,1,4,3,143,At Risk,"Launch re-engagement campaigns, targeted discounts, and reminders to bring customers back."
14687.0,107,3,1402.06,3,3,4,334,Regular Customer,Use personalized promotions and cross-selling to increase purchase frequency.
14688.0,8,34,7190.08,5,5,5,555,VIP Customer,"Provide premium offers, loyalty rewards, and personalized recommendations."
14689.0,209,1,112.8,2,1,1,211,Regular Customer,Use personalized promotions and cross-selling to increase purchase frequency.
14690.0,45,5,781.24,4,4,3,443,Loyal Customer,"Use loyalty programs, cross-selling, and repeat-purchase offers."
14691.0,31,5,2114.33,4,4,4,444,VIP Customer,"Provide premium offers, loyalty rewards, and personalized recommendations."
14692.0,138,13,1735.59,3,5,4,354,Loyal Customer,"Use loyalty programs, cross-selling, and repeat-purchase offers."
14693.0,265,8,1139.86,2,4,3,243,At Risk,"Launch re-engagement campaigns, targeted discounts, and reminders to bring customers back."
14694.0,618,1,244.31,1,1,1,111,Regular Customer,Use personalized promotions and cross-selling to increase purchase frequency.
14695.0,520,4,1552.57,1,3,4,134,At Risk,"Launch re-engagement campaigns, targeted discounts, and reminders to bring customers back."
14696.0,5,10,2758.67,5,4,4,544,VIP Customer,"Provide premium offers, loyalty rewards, and personalized recommendations."
14697.0,219,2,188.60999999999999,2,2,1,221,Regular Customer,Use personalized promotions and cross-selling to increase purchase frequency.
14698.0,2,5,1250.76,5,4,4,544,VIP Customer,"Provide premium offers, loyalty rewards, and personalized recommendations."
14699.0,215,4,702.6,2,3,3,233,At Risk,"Launch re-engagement campaigns, targeted discounts, and reminders to bring customers back."
14700.0,33,5,3116.26,4,4,5,445,VIP Customer,"Provide premium offers, loyalty rewards, and personalized recommendations."
14701.0,11,18,4498.94,5,5,5,555,VIP Customer,"Provide premium offers, loyalty rewards, and personalized recommendations."
14702.0,2,32,6695.72,5,5,5,555,VIP Customer,"Provide premium offers, loyalty rewards, and personalized recommendations."
14703.0,15,1,318.17,5,1,2,512,Recent Customer,Send welcome offers and personalized product recommendations to encourage a second purchase.
14704.0,12,11,1813.57,5,5,4,554,VIP Customer,"Provide premium offers, loyalty rewards, and personalized recommendations."
14705.0,199,1,179.0,2,1,1,211,Regular Customer,Use personalized promotions and cross-selling to increase purchase frequency.
14706.0,619,1,390.69,1,1,2,112,Regular Customer,Use personalized promotions and cross-selling to increase purchase frequency.
14707.0,436,2,139.2,1,2,1,121,Regular Customer,Use personalized promotions and cross-selling to increase purchase frequency.
14708.0,3,6,2182.58,5,4,4,544,VIP Customer,"Provide premium offers, loyalty rewards, and personalized recommendations."
14709.0,16,27,8866.48,5,5,5,555,VIP Customer,"Provide premium offers, loyalty rewards, and personalized recommendations."
14710.0,15,13,1922.59,5,5,4,554,VIP Customer,"Provide premium offers, loyalty rewards, and personalized recommendations."
14711.0,11,12,2838.2,5,5,4,554,VIP Customer,"Provide premium offers, loyalty rewards, and personalized recommendations."
14712.0,30,4,1328.0700000000002,4,3,4,434,Regular Customer,Use personalized promotions and cross-selling to increase purchase frequency.
14713.0,10,25,5372.47,5,5,5,555,VIP Customer,"Provide premium offers, loyalty rewards, and personalized recommendations."
14714.0,25,7,896.4,4,4,3,443,Loyal Customer,"Use loyalty programs, cross-selling, and repeat-purchase offers."
14715.0,25,8,1840.45,4,4,4,444,VIP Customer,"Provide premium offers, loyalty rewards, and personalized recommendations."
14716.0,44,3,565.45,4,3,2,432,Regular Customer,Use personalized promotions and cross-selling to increase purchase frequency.
14717.0,734,2,72.8,1,2,1,121,Regular Customer,Use personalized promotions and cross-selling to increase purchase frequency.
14718.0,411,1,226.42,2,1,1,211,Regular Customer,Use personalized promotions and cross-selling to increase purchase frequency.
14719.0,2,6,1592.18,5,4,4,544,VIP Customer,"Provide premium offers, loyalty rewards, and personalized recommendations."
14720.0,6,3,663.81,5,3,3,533,Regular Customer,Use personalized promotions and cross-selling to increase purchase frequency.
14721.0,380,1,115.77,2,1,1,211,Regular Customer,Use personalized promotions and cross-selling to increase purchase frequency.
14722.0,148,3,513.37,3,3,2,332,Regular Customer,Use personalized promotions and cross-selling to increase purchase frequency.
14723.0,11,11,2093.06,5,5,4,554,VIP Customer,"Provide premium offers, loyalty rewards, and personalized recommendations."
14724.0,591,1,345.25,1,1,2,112,Regular Customer,Use personalized promotions and cross-selling to increase purchase frequency.
14725.0,25,5,1264.84,4,4,4,444,VIP Customer,"Provide premium offers, loyalty rewards, and personalized recommendations."
14726.0,655,1,124.75,1,1,1,111,Regular Customer,Use personalized promotions and cross-selling to increase purchase frequency.
14727.0,275,4,291.13,2,3,2,232,At Risk,"Launch re-engagement campaigns, targeted discounts, and reminders to bring customers back."
14728.0,414,1,190.58,2,1,1,211,Regular Customer,Use personalized promotions and cross-selling to increase purchase frequency.
14729.0,374,3,907.38,2,3,3,233,At Risk,"Launch re-engagement campaigns, targeted discounts, and reminders to bring customers back."
14730.0,2,8,2005.06,5,4,4,544,VIP Customer,"Provide premium offers, loyalty rewards, and personalized recommendations."
14731.0,48,3,380.02,4,3,2,432,Regular Customer,Use personalized promotions and cross-selling to increase purchase frequency.
14732.0,9,24,5447.52,5,5,5,555,VIP Customer,"Provide premium offers, loyalty rewards, and personalized recommendations."
14733.0,10,18,16050.6,5,5,5,555,VIP Customer,"Provide premium offers, loyalty rewards, and personalized recommendations."
14734.0,417,5,1045.47,1,4,3,143,At Risk,"Launch re-engagement campaigns, targeted discounts, and reminders to bring customers back."
14735.0,4,59,11909.710000000001,5,5,5,555,VIP Customer,"Provide premium offers, loyalty rewards, and personalized recommendations."
14736.0,486,2,401.08,1,2,2,122,Regular Customer,Use personalized promotions and cross-selling to increase purchase frequency.
14737.0,4,4,3554.17,5,3,5,535,Regular Customer,Use personalized promotions and cross-selling to increase purchase frequency.
14738.0,40,12,1763.64,4,5,4,454,VIP Customer,"Provide premium offers, loyalty rewards, and personalized recommendations."
14739.0,3,28,12269.57,5,5,5,555,VIP Customer,"Provide premium offers, loyalty rewards, and personalized recommendations."
14740.0,192,13,4068.86,2,5,5,255,At Risk,"Launch re-engagement campaigns, targeted discounts, and reminders to bring customers back."
14741.0,12,7,1897.59,5,4,4,544,VIP Customer,"Provide premium offers, loyalty rewards, and personalized recommendations."
14742.0,436,1,579.85,1,1,2,112,Regular Customer,Use personalized promotions and cross-selling to increase purchase frequency.
14743.0,593,1,50.48,1,1,1,111,Regular Customer,Use personalized promotions and cross-selling to increase purchase frequency.
14744.0,17,17,3821.02,5,5,5,555,VIP Customer,"Provide premium offers, loyalty rewards, and personalized recommendations."
14745.0,113,17,2491.46,3,5,4,354,Loyal Customer,"Use loyalty programs, cross-selling, and repeat-purchase offers."
14746.0,407,4,593.5,2,3,3,233,At Risk,"Launch re-engagement campaigns, targeted discounts, and reminders to bring customers back."
14747.0,248,2,294.3,2,2,2,222,Regular Customer,Use personalized promotions and cross-selling to increase purchase frequency.
14748.0,30,16,2672.25,4,5,4,454,VIP Customer,"Provide premium offers, loyalty rewards, and personalized recommendations."
14749.0,480,1,310.15,1,1,2,112,Regular Customer,Use personalized promotions and cross-selling to increase purchase frequency.
14750.0,737,1,112.03,1,1,1,111,Regular Customer,Use personalized promotions and cross-selling to increase purchase frequency.
14751.0,685,2,126.45,1,2,1,121,Regular Customer,Use personalized promotions and cross-selling to increase purchase frequency.
14752.0,44,1,389.64,4,1,2,412,Recent Customer,Send welcome offers and personalized product recommendations to encourage a second purchase.
14753.0,88,2,869.51,3,2,3,323,Regular Customer,Use personalized promotions and cross-selling to increase purchase frequency.
14754.0,45,7,1546.28,4,4,4,444,VIP Customer,"Provide premium offers, loyalty rewards, and personalized recommendations."
14755.0,10,30,9851.45,5,5,5,555,VIP Customer,"Provide premium offers, loyalty rewards, and personalized recommendations."
14756.0,16,4,2613.46,5,3,4,534,Regular Customer,Use personalized promotions and cross-selling to increase purchase frequency.
14757.0,76,1,420.5,3,1,2,312,Regular Customer,Use personalized promotions and cross-selling to increase purchase frequency.
14758.0,145,7,2864.97,3,4,5,345,Loyal Customer,"Use loyalty programs, cross-selling, and repeat-purchase offers."
14759.0,5,3,1625.97,5,3,4,534,Regular Customer,Use personalized promotions and cross-selling to increase purchase frequency.
14760.0,295,2,53.8,2,2,1,221,Regular Customer,Use personalized promotions and cross-selling to increase purchase frequency.
14761.0,59,3,447.92,4,3,2,432,Regular Customer,Use personalized promotions and cross-selling to increase purchase frequency.
14762.0,264,2,417.57,2,2,2,222,Regular Customer,Use personalized promotions and cross-selling to increase purchase frequency.
14763.0,733,1,-9.95,1,1,1,111,Regular Customer,Use personalized promotions and cross-selling to increase purchase frequency.
14764.0,44,2,250.55,4,2,1,421,Recent Customer,Send welcome offers and personalized product recommendations to encourage a second purchase.
14765.0,30,3,254.11,4,3,1,431,Regular Customer,Use personalized promotions and cross-selling to increase purchase frequency.
14766.0,9,14,6431.9800000000005,5,5,5,555,VIP Customer,"Provide premium offers, loyalty rewards, and personalized recommendations."
14767.0,475,1,382.81,1,1,2,112,Regular Customer,Use personalized promotions and cross-selling to increase purchase frequency.
14768.0,18,3,139.5,5,3,1,531,Regular Customer,Use personalized promotions and cross-selling to increase purchase frequency.
14769.0,3,21,15696.67,5,5,5,555,VIP Customer,"Provide premium offers, loyalty rewards, and personalized recommendations."
14770.0,233,9,3624.89,2,4,5,245,At Risk,"Launch re-engagement campaigns, targeted discounts, and reminders to bring customers back."
14771.0,606,3,579.92,1,3,2,132,At Risk,"Launch re-engagement campaigns, targeted discounts, and reminders to bring customers back."
14772.0,113,1,139.26,3,1,1,311,Regular Customer,Use personalized promotions and cross-selling to increase purchase frequency.
14773.0,589,2,125.7,1,2,1,121,Regular Customer,Use personalized promotions and cross-selling to increase purchase frequency.
14774.0,529,1,241.45,1,1,1,111,Regular Customer,Use personalized promotions and cross-selling to increase purchase frequency.
14775.0,59,3,1418.46,4,3,4,434,Regular Customer,Use personalized promotions and cross-selling to increase purchase frequency.
14776.0,52,19,3339.02,4,5,5,455,VIP Customer,"Provide premium offers, loyalty rewards, and personalized recommendations."
14777.0,5,4,239.26,5,3,1,531,Regular Customer,Use personalized promotions and cross-selling to increase purchase frequency.
14778.0,128,2,730.86,3,2,3,323,Regular Customer,Use personalized promotions and cross-selling to increase purchase frequency.
14779.0,281,3,386.15,2,3,2,232,At Risk,"Launch re-engagement campaigns, targeted discounts, and reminders to bring customers back."
14780.0,55,2,447.68,4,2,2,422,Recent Customer,Send welcome offers and personalized product recommendations to encourage a second purchase.
14781.0,421,1,-530.31,1,1,1,111,Regular Customer,Use personalized promotions and cross-selling to increase purchase frequency.
14782.0,320,1,200.10000000000002,2,1,1,211,Regular Customer,Use personalized promotions and cross-selling to increase purchase frequency.
14783.0,656,2,305.35,1,2,2,122,Regular Customer,Use personalized promotions and cross-selling to increase purchase frequency.
14784.0,27,3,449.93,4,3,2,432,Regular Customer,Use personalized promotions and cross-selling to increase purchase frequency.
14785.0,11,2,77.4,5,2,1,521,Recent Customer,Send welcome offers and personalized product recommendations to encourage a second purchase.
14786.0,551,1,90.96,1,1,1,111,Regular Customer,Use personalized promotions and cross-selling to increase purchase frequency.
14787.0,472,1,110.65,1,1,1,111,Regular Customer,Use personalized promotions and cross-selling to increase purchase frequency.
14788.0,8,3,1156.32,5,3,3,533,Regular Customer,Use personalized promotions and cross-selling to increase purchase frequency.
14789.0,29,1,197.64,4,1,1,411,Recent Customer,Send welcome offers and personalized product recommendations to encourage a second purchase.
14790.0,17,10,2526.62,5,4,4,544,VIP Customer,"Provide premium offers, loyalty rewards, and personalized recommendations."
14791.0,607,1,303.63,1,1,2,112,Regular Customer,Use personalized promotions and cross-selling to increase purchase frequency.
14792.0,64,2,0.0,3,2,1,321,Regular Customer,Use personalized promotions and cross-selling to increase purchase frequency.
14793.0,5,3,611.0500000000001,5,3,3,533,Regular Customer,Use personalized promotions and cross-selling to increase purchase frequency.
14794.0,3,13,1889.15,5,5,4,554,VIP Customer,"Provide premium offers, loyalty rewards, and personalized recommendations."
14795.0,167,1,131.45000000000002,3,1,1,311,Regular Customer,Use personalized promotions and cross-selling to increase purchase frequency.
14796.0,2,39,10691.12,5,5,5,555,VIP Customer,"Provide premium offers, loyalty rewards, and personalized recommendations."
14797.0,508,1,300.31,1,1,2,112,Regular Customer,Use personalized promotions and cross-selling to increase purchase frequency.
14798.0,53,9,715.11,4,4,3,443,Loyal Customer,"Use loyalty programs, cross-selling, and repeat-purchase offers."
14799.0,52,2,338.15,4,2,2,422,Recent Customer,Send welcome offers and personalized product recommendations to encourage a second purchase.
14800.0,48,23,7415.59,4,5,5,455,VIP Customer,"Provide premium offers, loyalty rewards, and personalized recommendations."
14801.0,62,1,193.14,3,1,1,311,Regular Customer,Use personalized promotions and cross-selling to increase purchase frequency.
14802.0,431,6,-1502.98,1,4,1,141,At Risk,"Launch re-engagement campaigns, targeted discounts, and reminders to bring customers back."
14803.0,163,3,845.55,3,3,3,333,Regular Customer,Use personalized promotions and cross-selling to increase purchase frequency.
14804.0,9,1,353.27,5,1,2,512,Recent Customer,Send welcome offers and personalized product recommendations to encourage a second purchase.
14805.0,16,7,1104.64,5,4,3,543,Loyal Customer,"Use loyalty programs, cross-selling, and repeat-purchase offers."
14806.0,76,2,303.43,3,2,2,322,Regular Customer,Use personalized promotions and cross-selling to increase purchase frequency.
14807.0,391,2,519.29,2,2,2,222,Regular Customer,Use personalized promotions and cross-selling to increase purchase frequency.
14808.0,40,15,2175.37,4,5,4,454,VIP Customer,"Provide premium offers, loyalty rewards, and personalized recommendations."
14809.0,622,2,686.76,1,2,3,123,Regular Customer,Use personalized promotions and cross-selling to increase purchase frequency.
14810.0,41,13,2537.02,4,5,4,454,VIP Customer,"Provide premium offers, loyalty rewards, and personalized recommendations."
14811.0,388,1,170.5,2,1,1,211,Regular Customer,Use personalized promotions and cross-selling to increase purchase frequency.
14812.0,599,1,185.8,1,1,1,111,Regular Customer,Use personalized promotions and cross-selling to increase purchase frequency.
14813.0,370,4,1090.87,2,3,3,233,At Risk,"Launch re-engagement campaigns, targeted discounts, and reminders to bring customers back."
14814.0,582,1,160.46,1,1,1,111,Regular Customer,Use personalized promotions and cross-selling to increase purchase frequency.
14815.0,37,2,778.5,4,2,3,423,Recent Customer,Send welcome offers and personalized product recommendations to encourage a second purchase.
14816.0,198,1,271.85,2,1,2,212,Regular Customer,Use personalized promotions and cross-selling to increase purchase frequency.
14817.0,201,9,3889.21,2,4,5,245,At Risk,"Launch re-engagement campaigns, targeted discounts, and reminders to bring customers back."
14818.0,74,6,1170.41,3,4,3,343,Loyal Customer,"Use loyalty programs, cross-selling, and repeat-purchase offers."
14819.0,65,4,470.16,3,3,2,332,Regular Customer,Use personalized promotions and cross-selling to increase purchase frequency.
14820.0,22,9,1274.76,4,4,4,444,VIP Customer,"Provide premium offers, loyalty rewards, and personalized recommendations."
14821.0,367,7,1286.45,2,4,4,244,At Risk,"Launch re-engagement campaigns, targeted discounts, and reminders to bring customers back."
14822.0,486,1,157.70000000000002,1,1,1,111,Regular Customer,Use personalized promotions and cross-selling to increase purchase frequency.
14823.0,181,3,321.43,3,3,2,332,Regular Customer,Use personalized promotions and cross-selling to increase purchase frequency.
14824.0,11,12,3952.51,5,5,5,555,VIP Customer,"Provide premium offers, loyalty rewards, and personalized recommendations."
14825.0,4,27,4886.28,5,5,5,555,VIP Customer,"Provide premium offers, loyalty rewards, and personalized recommendations."
14826.0,582,2,385.2,1,2,2,122,Regular Customer,Use personalized promotions and cross-selling to increase purchase frequency.
14827.0,666,1,0.0,1,1,1,111,Regular Customer,Use personalized promotions and cross-selling to increase purchase frequency.
14828.0,197,14,9803.460000000001,2,5,5,255,At Risk,"Launch re-engagement campaigns, targeted discounts, and reminders to bring customers back."
14829.0,30,9,1639.94,4,4,4,444,VIP Customer,"Provide premium offers, loyalty rewards, and personalized recommendations."
14830.0,54,1,197.13,4,1,1,411,Recent Customer,Send welcome offers and personalized product recommendations to encourage a second purchase.
14831.0,575,7,1623.97,1,4,4,144,At Risk,"Launch re-engagement campaigns, targeted discounts, and reminders to bring customers back."
14832.0,631,3,-274.63,1,3,1,131,At Risk,"Launch re-engagement campaigns, targeted discounts, and reminders to bring customers back."
14833.0,499,1,94.8,1,1,1,111,Regular Customer,Use personalized promotions and cross-selling to increase purchase frequency.
14834.0,18,9,2184.21,5,4,4,544,VIP Customer,"Provide premium offers, loyalty rewards, and personalized recommendations."
14835.0,528,3,293.09999999999997,1,3,2,132,At Risk,"Launch re-engagement campaigns, targeted discounts, and reminders to bring customers back."
14836.0,11,3,102.44999999999999,5,3,1,531,Regular Customer,Use personalized promotions and cross-selling to increase purchase frequency.
14837.0,90,12,3445.82,3,5,5,355,Loyal Customer,"Use loyalty programs, cross-selling, and repeat-purchase offers."
14838.0,424,2,773.6700000000001,1,2,3,123,Regular Customer,Use personalized promotions and cross-selling to increase purchase frequency.
14839.0,419,3,915.28,1,3,3,133,At Risk,"Launch re-engagement campaigns, targeted discounts, and reminders to bring customers back."
14840.0,268,3,340.21,2,3,2,232,At Risk,"Launch re-engagement campaigns, targeted discounts, and reminders to bring customers back."
14841.0,54,14,7163.0,4,5,5,455,VIP Customer,"Provide premium offers, loyalty rewards, and personalized recommendations."
14842.0,36,8,2456.8,4,4,4,444,VIP Customer,"Provide premium offers, loyalty rewards, and personalized recommendations."
14843.0,437,1,211.79999999999998,1,1,1,111,Regular Customer,Use personalized promotions and cross-selling to increase purchase frequency.
14844.0,64,12,6688.43,3,5,5,355,Loyal Customer,"Use loyalty programs, cross-selling, and repeat-purchase offers."
14845.0,600,1,150.0,1,1,1,111,Regular Customer,Use personalized promotions and cross-selling to increase purchase frequency.
14846.0,424,2,406.79999999999995,1,2,2,122,Regular Customer,Use personalized promotions and cross-selling to increase purchase frequency.
14847.0,149,4,1320.6,3,3,4,334,Regular Customer,Use personalized promotions and cross-selling to increase purchase frequency.
14848.0,405,1,310.56,2,1,2,212,Regular Customer,Use personalized promotions and cross-selling to increase purchase frequency.
14849.0,22,50,15542.44,4,5,5,455,VIP Customer,"Provide premium offers, loyalty rewards, and personalized recommendations."
14850.0,312,9,1575.21,2,4,4,244,At Risk,"Launch re-engagement campaigns, targeted discounts, and reminders to bring customers back."
14851.0,24,3,829.4100000000001,4,3,3,433,Regular Customer,Use personalized promotions and cross-selling to increase purchase frequency.
14852.0,59,21,6123.63,4,5,5,455,VIP Customer,"Provide premium offers, loyalty rewards, and personalized recommendations."
14853.0,9,7,1351.37,5,4,4,544,VIP Customer,"Provide premium offers, loyalty rewards, and personalized recommendations."
14854.0,79,14,4302.17,3,5,5,355,Loyal Customer,"Use loyalty programs, cross-selling, and repeat-purchase offers."
14855.0,120,7,6520.3,3,4,5,345,Loyal Customer,"Use loyalty programs, cross-selling, and repeat-purchase offers."
14856.0,37,3,1311.3799999999999,4,3,4,434,Regular Customer,Use personalized promotions and cross-selling to increase purchase frequency.
14857.0,60,10,3578.931,3,5,5,355,Loyal Customer,"Use loyalty programs, cross-selling, and repeat-purchase offers."
14858.0,506,1,180.75,1,1,1,111,Regular Customer,Use personalized promotions and cross-selling to increase purchase frequency.
14859.0,13,6,1703.94,5,4,4,544,VIP Customer,"Provide premium offers, loyalty rewards, and personalized recommendations."
14860.0,9,2,168.62,5,2,1,521,Recent Customer,Send welcome offers and personalized product recommendations to encourage a second purchase.
14861.0,53,14,1318.4,4,5,4,454,VIP Customer,"Provide premium offers, loyalty rewards, and personalized recommendations."
14862.0,26,2,841.1999999999999,4,2,3,423,Recent Customer,Send welcome offers and personalized product recommendations to encourage a second purchase.
14863.0,30,1,266.76,4,1,2,412,Recent Customer,Send welcome offers and personalized product recommendations to encourage a second purchase.
14864.0,732,1,-48.75,1,1,1,111,Regular Customer,Use personalized promotions and cross-selling to increase purchase frequency.
14865.0,8,4,129.72,5,3,1,531,Regular Customer,Use personalized promotions and cross-selling to increase purchase frequency.
14866.0,11,20,20657.77,5,5,5,555,VIP Customer,"Provide premium offers, loyalty rewards, and personalized recommendations."
14867.0,186,19,2901.46,3,5,5,355,Loyal Customer,"Use loyalty programs, cross-selling, and repeat-purchase offers."
14868.0,4,13,4170.06,5,5,5,555,VIP Customer,"Provide premium offers, loyalty rewards, and personalized recommendations."
14869.0,4,9,2776.8,5,4,4,544,VIP Customer,"Provide premium offers, loyalty rewards, and personalized recommendations."
14870.0,262,9,1794.6000000000001,2,4,4,244,At Risk,"Launch re-engagement campaigns, targeted discounts, and reminders to bring customers back."
14871.0,4,9,1258.97,5,4,4,544,VIP Customer,"Provide premium offers, loyalty rewards, and personalized recommendations."
14872.0,481,4,802.6800000000001,1,3,3,133,At Risk,"Launch re-engagement campaigns, targeted discounts, and reminders to bring customers back."
14873.0,211,2,854.13,2,2,3,223,Regular Customer,Use personalized promotions and cross-selling to increase purchase frequency.
14874.0,536,1,116.18,1,1,1,111,Regular Customer,Use personalized promotions and cross-selling to increase purchase frequency.
14875.0,10,7,2841.55,5,4,4,544,VIP Customer,"Provide premium offers, loyalty rewards, and personalized recommendations."
14876.0,522,2,256.7,1,2,1,121,Regular Customer,Use personalized promotions and cross-selling to increase purchase frequency.
14877.0,419,2,437.0,1,2,2,122,Regular Customer,Use personalized promotions and cross-selling to increase purchase frequency.
14878.0,13,28,3812.2200000000003,5,5,5,555,VIP Customer,"Provide premium offers, loyalty rewards, and personalized recommendations."
14879.0,685,1,185.06,1,1,1,111,Regular Customer,Use personalized promotions and cross-selling to increase purchase frequency.
14880.0,78,3,706.19,3,3,3,333,Regular Customer,Use personalized promotions and cross-selling to increase purchase frequency.
14881.0,20,1,255.4,4,1,1,411,Recent Customer,Send welcome offers and personalized product recommendations to encourage a second purchase.
14882.0,27,15,3426.55,4,5,5,455,VIP Customer,"Provide premium offers, loyalty rewards, and personalized recommendations."
14883.0,19,7,756.64,5,4,3,543,Loyal Customer,"Use loyalty programs, cross-selling, and repeat-purchase offers."
14884.0,670,1,120.6,1,1,1,111,Regular Customer,Use personalized promotions and cross-selling to increase purchase frequency.
14885.0,132,4,1496.12,3,3,4,334,Regular Customer,Use personalized promotions and cross-selling to increase purchase frequency.
14886.0,253,1,364.8,2,1,2,212,Regular Customer,Use personalized promotions and cross-selling to increase purchase frequency.
14887.0,80,1,1862.0,3,1,4,314,Regular Customer,Use personalized promotions and cross-selling to increase purchase frequency.
14888.0,208,1,369.2,2,1,2,212,Regular Customer,Use personalized promotions and cross-selling to increase purchase frequency.
14889.0,337,1,135.9,2,1,1,211,Regular Customer,Use personalized promotions and cross-selling to increase purchase frequency.
14890.0,254,3,817.25,2,3,3,233,At Risk,"Launch re-engagement campaigns, targeted discounts, and reminders to bring customers back."
14891.0,149,4,1106.73,3,3,3,333,Regular Customer,Use personalized promotions and cross-selling to increase purchase frequency.
14892.0,691,1,202.35000000000002,1,1,1,111,Regular Customer,Use personalized promotions and cross-selling to increase purchase frequency.
14893.0,10,6,1782.26,5,4,4,544,VIP Customer,"Provide premium offers, loyalty rewards, and personalized recommendations."
14894.0,86,5,1412.21,3,4,4,344,Loyal Customer,"Use loyalty programs, cross-selling, and repeat-purchase offers."
14895.0,8,48,24488.82,5,5,5,555,VIP Customer,"Provide premium offers, loyalty rewards, and personalized recommendations."
14896.0,205,10,1973.47,2,5,4,254,At Risk,"Launch re-engagement campaigns, targeted discounts, and reminders to bring customers back."
14897.0,8,9,3100.7400000000002,5,4,5,545,VIP Customer,"Provide premium offers, loyalty rewards, and personalized recommendations."
14898.0,24,18,3356.86,4,5,5,455,VIP Customer,"Provide premium offers, loyalty rewards, and personalized recommendations."
14899.0,396,1,1384.88,2,1,4,214,Regular Customer,Use personalized promotions and cross-selling to increase purchase frequency.
14900.0,523,1,13.919999999999998,1,1,1,111,Regular Customer,Use personalized promotions and cross-selling to increase purchase frequency.
14901.0,12,13,2277.05,5,5,4,554,VIP Customer,"Provide premium offers, loyalty rewards, and personalized recommendations."
14902.0,22,5,1000.27,4,4,3,443,Loyal Customer,"Use loyalty programs, cross-selling, and repeat-purchase offers."
14903.0,22,10,2744.48,4,5,4,454,VIP Customer,"Provide premium offers, loyalty rewards, and personalized recommendations."
14904.0,3,4,1640.64,5,3,4,534,Regular Customer,Use personalized promotions and cross-selling to increase purchase frequency.
14905.0,155,10,1939.69,3,5,4,354,Loyal Customer,"Use loyalty programs, cross-selling, and repeat-purchase offers."
14906.0,446,3,-66.98,1,3,1,131,At Risk,"Launch re-engagement campaigns, targeted discounts, and reminders to bring customers back."
14907.0,4,23,6094.6900000000005,5,5,5,555,VIP Customer,"Provide premium offers, loyalty rewards, and personalized recommendations."
14908.0,75,2,381.9,3,2,2,322,Regular Customer,Use personalized promotions and cross-selling to increase purchase frequency.
14909.0,429,5,1380.98,1,4,4,144,At Risk,"Launch re-engagement campaigns, targeted discounts, and reminders to bring customers back."
14910.0,3,7,389.86,5,4,2,542,Loyal Customer,"Use loyalty programs, cross-selling, and repeat-purchase offers."
14911.0,2,510,270248.53,5,5,5,555,VIP Customer,"Provide premium offers, loyalty rewards, and personalized recommendations."
14912.0,17,11,748.5799999999998,5,5,3,553,Loyal Customer,"Use loyalty programs, cross-selling, and repeat-purchase offers."
14913.0,36,8,4073.13,4,4,5,445,VIP Customer,"Provide premium offers, loyalty rewards, and personalized recommendations."
14914.0,606,1,-5.85,1,1,1,111,Regular Customer,Use personalized promotions and cross-selling to increase purchase frequency.
14915.0,86,13,1752.65,3,5,4,354,Loyal Customer,"Use loyalty programs, cross-selling, and repeat-purchase offers."
14916.0,71,11,2888.21,3,5,5,355,Loyal Customer,"Use loyalty programs, cross-selling, and repeat-purchase offers."
14917.0,597,2,1123.75,1,2,3,123,Regular Customer,Use personalized promotions and cross-selling to increase purchase frequency.
14918.0,116,9,5955.81,3,4,5,345,Loyal Customer,"Use loyalty programs, cross-selling, and repeat-purchase offers."
14919.0,540,1,359.35,1,1,2,112,Regular Customer,Use personalized promotions and cross-selling to increase purchase frequency.
14920.0,213,3,1607.17,2,3,4,234,At Risk,"Launch re-engagement campaigns, targeted discounts, and reminders to bring customers back."
14921.0,31,2,1316.07,4,2,4,424,Recent Customer,Send welcome offers and personalized product recommendations to encourage a second purchase.
14922.0,394,2,843.74,2,2,3,223,Regular Customer,Use personalized promotions and cross-selling to increase purchase frequency.
14923.0,51,1,749.1,4,1,3,413,Recent Customer,Send welcome offers and personalized product recommendations to encourage a second purchase.
14924.0,246,3,931.01,2,3,3,233,At Risk,"Launch re-engagement campaigns, targeted discounts, and reminders to bring customers back."
14925.0,732,1,-7.95,1,1,1,111,Regular Customer,Use personalized promotions and cross-selling to increase purchase frequency.
14926.0,382,3,337.65,2,3,2,232,At Risk,"Launch re-engagement campaigns, targeted discounts, and reminders to bring customers back."
14927.0,397,1,308.2,2,1,2,212,Regular Customer,Use personalized promotions and cross-selling to increase purchase frequency.
14928.0,620,2,204.46,1,2,1,121,Regular Customer,Use personalized promotions and cross-selling to increase purchase frequency.
14929.0,33,2,836.69,4,2,3,423,Recent Customer,Send welcome offers and personalized product recommendations to encourage a second purchase.
14930.0,109,9,5136.64,3,4,5,345,Loyal Customer,"Use loyalty programs, cross-selling, and repeat-purchase offers."
14931.0,5,6,964.6800000000001,5,4,3,543,Loyal Customer,"Use loyalty programs, cross-selling, and repeat-purchase offers."
14932.0,366,2,1029.66,2,2,3,223,Regular Customer,Use personalized promotions and cross-selling to increase purchase frequency.
14933.0,444,5,885.0,1,4,3,143,At Risk,"Launch re-engagement campaigns, targeted discounts, and reminders to bring customers back."
14934.0,73,9,2444.1,3,4,4,344,Loyal Customer,"Use loyalty programs, cross-selling, and repeat-purchase offers."
14935.0,298,2,2849.83,2,2,4,224,Regular Customer,Use personalized promotions and cross-selling to increase purchase frequency.
14936.0,10,14,12378.46,5,5,5,555,VIP Customer,"Provide premium offers, loyalty rewards, and personalized recommendations."
14937.0,57,4,1617.63,4,3,4,434,Regular Customer,Use personalized promotions and cross-selling to increase purchase frequency.
14938.0,503,4,2289.43,1,3,4,134,At Risk,"Launch re-engagement campaigns, targeted discounts, and reminders to bring customers back."
14939.0,631,1,-934.66,1,1,1,111,Regular Customer,Use personalized promotions and cross-selling to increase purchase frequency.
14940.0,418,2,531.49,1,2,2,122,Regular Customer,Use personalized promotions and cross-selling to increase purchase frequency.
14941.0,579,1,182.1,1,1,1,111,Regular Customer,Use personalized promotions and cross-selling to increase purchase frequency.
14942.0,402,5,706.56,2,4,3,243,At Risk,"Launch re-engagement campaigns, targeted discounts, and reminders to bring customers back."
14943.0,664,1,107.62,1,1,1,111,Regular Customer,Use personalized promotions and cross-selling to increase purchase frequency.
14944.0,30,24,9674.92,4,5,5,455,VIP Customer,"Provide premium offers, loyalty rewards, and personalized recommendations."
14945.0,414,1,179.4,2,1,1,211,Regular Customer,Use personalized promotions and cross-selling to increase purchase frequency.
14946.0,15,1,100.9,5,1,1,511,Recent Customer,Send welcome offers and personalized product recommendations to encourage a second purchase.
14947.0,73,6,1049.79,3,4,3,343,Loyal Customer,"Use loyalty programs, cross-selling, and repeat-purchase offers."
14948.0,24,7,1066.57,4,4,3,443,Loyal Customer,"Use loyalty programs, cross-selling, and repeat-purchase offers."
14949.0,460,6,498.55,1,4,2,142,At Risk,"Launch re-engagement campaigns, targeted discounts, and reminders to bring customers back."
14950.0,9,2,361.25,5,2,2,522,Recent Customer,Send welcome offers and personalized product recommendations to encourage a second purchase.
14951.0,80,1,311.69,3,1,2,312,Regular Customer,Use personalized promotions and cross-selling to increase purchase frequency.
14952.0,47,43,17244.25,4,5,5,455,VIP Customer,"Provide premium offers, loyalty rewards, and personalized recommendations."
14953.0,26,5,1005.37,4,4,3,443,Loyal Customer,"Use loyalty programs, cross-selling, and repeat-purchase offers."
14954.0,13,2,503.44,5,2,2,522,Recent Customer,Send welcome offers and personalized product recommendations to encourage a second purchase.
14955.0,733,1,163.77,1,1,1,111,Regular Customer,Use personalized promotions and cross-selling to increase purchase frequency.
14956.0,422,1,1325.0,1,1,4,114,Regular Customer,Use personalized promotions and cross-selling to increase purchase frequency.
14957.0,254,2,333.29,2,2,2,222,Regular Customer,Use personalized promotions and cross-selling to increase purchase frequency.
14958.0,148,6,957.9399999999999,3,4,3,343,Loyal Customer,"Use loyalty programs, cross-selling, and repeat-purchase offers."
14959.0,60,5,684.97,3,4,3,343,Loyal Customer,"Use loyalty programs, cross-selling, and repeat-purchase offers."
14960.0,9,2,221.27,5,2,1,521,Recent Customer,Send welcome offers and personalized product recommendations to encourage a second purchase.
14961.0,11,28,16328.9,5,5,5,555,VIP Customer,"Provide premium offers, loyalty rewards, and personalized recommendations."
14962.0,271,4,366.91,2,3,2,232,At Risk,"Launch re-engagement campaigns, targeted discounts, and reminders to bring customers back."
14963.0,10,13,3158.63,5,5,5,555,VIP Customer,"Provide premium offers, loyalty rewards, and personalized recommendations."
14964.0,248,1,206.21,2,1,1,211,Regular Customer,Use personalized promotions and cross-selling to increase purchase frequency.
14965.0,97,2,599.0,3,2,3,323,Regular Customer,Use personalized promotions and cross-selling to increase purchase frequency.
14966.0,15,6,1115.8400000000001,5,4,3,543,Loyal Customer,"Use loyalty programs, cross-selling, and repeat-purchase offers."
14967.0,50,7,1680.52,4,4,4,444,VIP Customer,"Provide premium offers, loyalty rewards, and personalized recommendations."
14968.0,31,2,504.99,4,2,2,422,Recent Customer,Send welcome offers and personalized product recommendations to encourage a second purchase.
14969.0,704,1,906.23,1,1,3,113,Regular Customer,Use personalized promotions and cross-selling to increase purchase frequency.
14970.0,69,16,3593.4,3,5,5,355,Loyal Customer,"Use loyalty programs, cross-selling, and repeat-purchase offers."
14971.0,36,3,1116.57,4,3,3,433,Regular Customer,Use personalized promotions and cross-selling to increase purchase frequency.
14972.0,129,2,145.07,3,2,1,321,Regular Customer,Use personalized promotions and cross-selling to increase purchase frequency.
14973.0,108,3,1314.45,3,3,4,334,Regular Customer,Use personalized promotions and cross-selling to increase purchase frequency.
14974.0,38,1,114.39,4,1,1,411,Recent Customer,Send welcome offers and personalized product recommendations to encourage a second purchase.
14975.0,58,2,472.39,4,2,2,422,Recent Customer,Send welcome offers and personalized product recommendations to encourage a second purchase.
14976.0,58,8,765.86,4,4,3,443,Loyal Customer,"Use loyalty programs, cross-selling, and repeat-purchase offers."
14977.0,726,1,31.929999999999996,1,1,1,111,Regular Customer,Use personalized promotions and cross-selling to increase purchase frequency.
14978.0,73,12,3106.34,3,5,5,355,Loyal Customer,"Use loyalty programs, cross-selling, and repeat-purchase offers."
14979.0,736,1,439.46,1,1,2,112,Regular Customer,Use personalized promotions and cross-selling to increase purchase frequency.
14980.0,738,1,150.68,1,1,1,111,Regular Customer,Use personalized promotions and cross-selling to increase purchase frequency.
14981.0,247,3,313.52,2,3,2,232,At Risk,"Launch re-engagement campaigns, targeted discounts, and reminders to bring customers back."
14982.0,573,1,237.78,1,1,1,111,Regular Customer,Use personalized promotions and cross-selling to increase purchase frequency.
14983.0,690,1,183.20000000000002,1,1,1,111,Regular Customer,Use personalized promotions and cross-selling to increase purchase frequency.
14984.0,20,6,1271.41,4,4,4,444,VIP Customer,"Provide premium offers, loyalty rewards, and personalized recommendations."
14985.0,199,2,296.75,2,2,2,222,Regular Customer,Use personalized promotions and cross-selling to increase purchase frequency.
14986.0,377,2,566.9,2,2,2,222,Regular Customer,Use personalized promotions and cross-selling to increase purchase frequency.
14987.0,16,9,1632.25,5,4,4,544,VIP Customer,"Provide premium offers, loyalty rewards, and personalized recommendations."
14988.0,212,7,2066.6,2,4,4,244,At Risk,"Launch re-engagement campaigns, targeted discounts, and reminders to bring customers back."
14989.0,662,1,342.4,1,1,2,112,Regular Customer,Use personalized promotions and cross-selling to increase purchase frequency.
14990.0,613,2,305.42,1,2,2,122,Regular Customer,Use personalized promotions and cross-selling to increase purchase frequency.
14991.0,431,1,314.67,1,1,2,112,Regular Customer,Use personalized promotions and cross-selling to increase purchase frequency.
14992.0,443,1,210.5,1,1,1,111,Regular Customer,Use personalized promotions and cross-selling to increase purchase frequency.
14993.0,564,1,36.13,1,1,1,111,Regular Customer,Use personalized promotions and cross-selling to increase purchase frequency.
14994.0,383,8,886.33,2,4,3,243,At Risk,"Launch re-engagement campaigns, targeted discounts, and reminders to bring customers back."
14995.0,39,2,233.23000000000002,4,2,1,421,Recent Customer,Send welcome offers and personalized product recommendations to encourage a second purchase.
14996.0,482,2,442.28999999999996,1,2,2,122,Regular Customer,Use personalized promotions and cross-selling to increase purchase frequency.
14997.0,47,5,771.38,4,4,3,443,Loyal Customer,"Use loyalty programs, cross-selling, and repeat-purchase offers."
14998.0,171,4,770.73,3,3,3,333,Regular Customer,Use personalized promotions and cross-selling to increase purchase frequency.
14999.0,593,1,129.48000000000002,1,1,1,111,Regular Customer,Use personalized promotions and cross-selling to increase purchase frequency.
15000.0,48,1,490.52,4,1,2,412,Recent Customer,Send welcome offers and personalized product recommendations to encourage a second purchase.
15001.0,395,2,230.85999999999999,2,2,1,221,Regular Customer,Use personalized promotions and cross-selling to increase purchase frequency.
15002.0,116,9,4817.28,3,4,5,345,Loyal Customer,"Use loyalty programs, cross-selling, and repeat-purchase offers."
15003.0,474,7,1055.7,1,4,3,143,At Risk,"Launch re-engagement campaigns, targeted discounts, and reminders to bring customers back."
15004.0,148,1,1246.32,3,1,4,314,Regular Customer,Use personalized promotions and cross-selling to increase purchase frequency.
15005.0,16,76,13763.27,5,5,5,555,VIP Customer,"Provide premium offers, loyalty rewards, and personalized recommendations."
15006.0,52,2,825.14,4,2,3,423,Recent Customer,Send welcome offers and personalized product recommendations to encourage a second purchase.
15007.0,160,1,156.91,3,1,1,311,Regular Customer,Use personalized promotions and cross-selling to increase purchase frequency.
15008.0,481,2,360.0,1,2,2,122,Regular Customer,Use personalized promotions and cross-selling to increase purchase frequency.
15009.0,13,3,1261.78,5,3,4,534,Regular Customer,Use personalized promotions and cross-selling to increase purchase frequency.
15010.0,36,1,308.94,4,1,2,412,Recent Customer,Send welcome offers and personalized product recommendations to encourage a second purchase.
15011.0,396,2,416.6,2,2,2,222,Regular Customer,Use personalized promotions and cross-selling to increase purchase frequency.
15012.0,54,3,860.62,4,3,3,433,Regular Customer,Use personalized promotions and cross-selling to increase purchase frequency.
15013.0,488,10,1641.3,1,5,4,154,At Risk,"Launch re-engagement campaigns, targeted discounts, and reminders to bring customers back."
15014.0,44,2,260.17,4,2,2,422,Recent Customer,Send welcome offers and personalized product recommendations to encourage a second purchase.
15015.0,502,20,2275.82,1,5,4,154,At Risk,"Launch re-engagement campaigns, targeted discounts, and reminders to bring customers back."
15016.0,173,6,622.3,3,4,3,343,Loyal Customer,"Use loyalty programs, cross-selling, and repeat-purchase offers."
15017.0,34,1,125.58,4,1,1,411,Recent Customer,Send welcome offers and personalized product recommendations to encourage a second purchase.
15018.0,39,4,567.51,4,3,2,432,Regular Customer,Use personalized promotions and cross-selling to increase purchase frequency.
15019.0,267,1,266.0,2,1,2,212,Regular Customer,Use personalized promotions and cross-selling to increase purchase frequency.
15020.0,380,1,203.42,2,1,1,211,Regular Customer,Use personalized promotions and cross-selling to increase purchase frequency.
15021.0,9,17,2689.59,5,5,4,554,VIP Customer,"Provide premium offers, loyalty rewards, and personalized recommendations."
15022.0,12,5,1186.09,5,4,4,544,VIP Customer,"Provide premium offers, loyalty rewards, and personalized recommendations."
15023.0,4,23,12092.19,5,5,5,555,VIP Customer,"Provide premium offers, loyalty rewards, and personalized recommendations."
15024.0,10,16,4075.51,5,5,5,555,VIP Customer,"Provide premium offers, loyalty rewards, and personalized recommendations."
15025.0,34,2,1013.09,4,2,3,423,Recent Customer,Send welcome offers and personalized product recommendations to encourage a second purchase.
15026.0,81,5,1061.61,3,4,3,343,Loyal Customer,"Use loyalty programs, cross-selling, and repeat-purchase offers."
15027.0,31,13,2974.04,4,5,5,455,VIP Customer,"Provide premium offers, loyalty rewards, and personalized recommendations."
15028.0,9,6,1157.71,5,4,3,543,Loyal Customer,"Use loyalty programs, cross-selling, and repeat-purchase offers."
15029.0,619,2,362.15,1,2,2,122,Regular Customer,Use personalized promotions and cross-selling to increase purchase frequency.
15030.0,72,9,1964.66,3,4,4,344,Loyal Customer,"Use loyalty programs, cross-selling, and repeat-purchase offers."
15031.0,5,16,2857.37,5,5,4,554,VIP Customer,"Provide premium offers, loyalty rewards, and personalized recommendations."
15032.0,257,10,13285.65,2,5,5,255,At Risk,"Launch re-engagement campaigns, targeted discounts, and reminders to bring customers back."
15033.0,5,11,2571.02,5,5,4,554,VIP Customer,"Provide premium offers, loyalty rewards, and personalized recommendations."
15034.0,16,17,8282.45,5,5,5,555,VIP Customer,"Provide premium offers, loyalty rewards, and personalized recommendations."
15035.0,90,1,252.73000000000002,3,1,1,311,Regular Customer,Use personalized promotions and cross-selling to increase purchase frequency.
15036.0,73,3,465.55,3,3,2,332,Regular Customer,Use personalized promotions and cross-selling to increase purchase frequency.
15037.0,377,2,402.51,2,2,2,222,Regular Customer,Use personalized promotions and cross-selling to increase purchase frequency.
15038.0,44,10,1269.96,4,5,4,454,VIP Customer,"Provide premium offers, loyalty rewards, and personalized recommendations."
15039.0,10,107,39742.99,5,5,5,555,VIP Customer,"Provide premium offers, loyalty rewards, and personalized recommendations."
15040.0,542,1,7.49,1,1,1,111,Regular Customer,Use personalized promotions and cross-selling to increase purchase frequency.
15041.0,171,2,294.02,3,2,2,322,Regular Customer,Use personalized promotions and cross-selling to increase purchase frequency.
15042.0,200,2,315.45,2,2,2,222,Regular Customer,Use personalized promotions and cross-selling to increase purchase frequency.
15043.0,32,6,2873.7999999999997,4,4,5,445,VIP Customer,"Provide premium offers, loyalty rewards, and personalized recommendations."
15044.0,20,47,15841.53,4,5,5,455,VIP Customer,"Provide premium offers, loyalty rewards, and personalized recommendations."
15045.0,152,3,633.66,3,3,3,333,Regular Customer,Use personalized promotions and cross-selling to increase purchase frequency.
15046.0,10,28,7583.38,5,5,5,555,VIP Customer,"Provide premium offers, loyalty rewards, and personalized recommendations."
15047.0,270,1,343.62,2,1,2,212,Regular Customer,Use personalized promotions and cross-selling to increase purchase frequency.
15048.0,66,5,479.27,3,4,2,342,Loyal Customer,"Use loyalty programs, cross-selling, and repeat-purchase offers."
15049.0,274,1,121.17000000000002,2,1,1,211,Regular Customer,Use personalized promotions and cross-selling to increase purchase frequency.
15050.0,26,7,4138.87,4,4,5,445,VIP Customer,"Provide premium offers, loyalty rewards, and personalized recommendations."
15051.0,24,10,3920.16,4,5,5,455,VIP Customer,"Provide premium offers, loyalty rewards, and personalized recommendations."
15052.0,320,1,215.78,2,1,1,211,Regular Customer,Use personalized promotions and cross-selling to increase purchase frequency.
15053.0,5,3,697.79,5,3,3,533,Regular Customer,Use personalized promotions and cross-selling to increase purchase frequency.
15054.0,13,2,302.1,5,2,2,522,Recent Customer,Send welcome offers and personalized product recommendations to encourage a second purchase.
15055.0,475,3,560.07,1,3,2,132,At Risk,"Launch re-engagement campaigns, targeted discounts, and reminders to bring customers back."
15056.0,521,1,133.45,1,1,1,111,Regular Customer,Use personalized promotions and cross-selling to increase purchase frequency.
15057.0,276,6,3184.56,2,4,5,245,At Risk,"Launch re-engagement campaigns, targeted discounts, and reminders to bring customers back."
15058.0,26,17,3377.18,4,5,5,455,VIP Customer,"Provide premium offers, loyalty rewards, and personalized recommendations."
15059.0,41,27,3427.62,4,5,5,455,VIP Customer,"Provide premium offers, loyalty rewards, and personalized recommendations."
15060.0,9,4,303.09,5,3,2,532,Regular Customer,Use personalized promotions and cross-selling to increase purchase frequency.
15061.0,4,138,136391.48,5,5,5,555,VIP Customer,"Provide premium offers, loyalty rewards, and personalized recommendations."
15062.0,72,8,2585.62,3,4,4,344,Loyal Customer,"Use loyalty programs, cross-selling, and repeat-purchase offers."
15063.0,214,1,370.79999999999995,2,1,2,212,Regular Customer,Use personalized promotions and cross-selling to increase purchase frequency.
15064.0,411,4,1254.41,2,3,4,234,At Risk,"Launch re-engagement campaigns, targeted discounts, and reminders to bring customers back."
15065.0,38,7,3304.71,4,4,5,445,VIP Customer,"Provide premium offers, loyalty rewards, and personalized recommendations."
15066.0,32,2,760.59,4,2,3,423,Recent Customer,Send welcome offers and personalized product recommendations to encourage a second purchase.
15067.0,79,6,3865.13,3,4,5,345,Loyal Customer,"Use loyalty programs, cross-selling, and repeat-purchase offers."
15068.0,47,4,1176.85,4,3,3,433,Regular Customer,Use personalized promotions and cross-selling to increase purchase frequency.
15069.0,180,1,1109.53,3,1,3,313,Regular Customer,Use personalized promotions and cross-selling to increase purchase frequency.
15070.0,373,3,843.25,2,3,3,233,At Risk,"Launch re-engagement campaigns, targeted discounts, and reminders to bring customers back."
15071.0,94,4,1455.56,3,3,4,334,Regular Customer,Use personalized promotions and cross-selling to increase purchase frequency.
15072.0,480,1,187.51999999999998,1,1,1,111,Regular Customer,Use personalized promotions and cross-selling to increase purchase frequency.
15073.0,10,9,2357.04,5,4,4,544,VIP Customer,"Provide premium offers, loyalty rewards, and personalized recommendations."
15074.0,106,3,1566.33,3,3,4,334,Regular Customer,Use personalized promotions and cross-selling to increase purchase frequency.
15075.0,78,1,773.03,3,1,3,313,Regular Customer,Use personalized promotions and cross-selling to increase purchase frequency.
15076.0,173,5,1425.84,3,4,4,344,Loyal Customer,"Use loyalty programs, cross-selling, and repeat-purchase offers."
15077.0,457,4,2423.88,1,3,4,134,At Risk,"Launch re-engagement campaigns, targeted discounts, and reminders to bring customers back."
15078.0,8,64,17576.52,5,5,5,555,VIP Customer,"Provide premium offers, loyalty rewards, and personalized recommendations."
15079.0,213,17,3686.75,2,5,5,255,At Risk,"Launch re-engagement campaigns, targeted discounts, and reminders to bring customers back."
15080.0,428,2,546.25,1,2,2,122,Regular Customer,Use personalized promotions and cross-selling to increase purchase frequency.
15081.0,23,13,1948.27,4,5,4,454,VIP Customer,"Provide premium offers, loyalty rewards, and personalized recommendations."
15082.0,669,1,93.35000000000001,1,1,1,111,Regular Customer,Use personalized promotions and cross-selling to increase purchase frequency.
15083.0,257,1,88.2,2,1,1,211,Regular Customer,Use personalized promotions and cross-selling to increase purchase frequency.
15084.0,380,2,965.2,2,2,3,223,Regular Customer,Use personalized promotions and cross-selling to increase purchase frequency.
15085.0,730,1,347.54,1,1,2,112,Regular Customer,Use personalized promotions and cross-selling to increase purchase frequency.
15086.0,565,2,218.53,1,2,1,121,Regular Customer,Use personalized promotions and cross-selling to increase purchase frequency.
15087.0,282,1,306.94,2,1,2,212,Regular Customer,Use personalized promotions and cross-selling to increase purchase frequency.
15088.0,22,3,1140.27,4,3,3,433,Regular Customer,Use personalized promotions and cross-selling to increase purchase frequency.
15089.0,11,6,2420.84,5,4,4,544,VIP Customer,"Provide premium offers, loyalty rewards, and personalized recommendations."
15090.0,309,1,381.32,2,1,2,212,Regular Customer,Use personalized promotions and cross-selling to increase purchase frequency.
15091.0,54,6,1023.11,4,4,3,443,Loyal Customer,"Use loyalty programs, cross-selling, and repeat-purchase offers."
15092.0,216,4,773.16,2,3,3,233,At Risk,"Launch re-engagement campaigns, targeted discounts, and reminders to bring customers back."
15093.0,19,34,13657.880000000001,5,5,5,555,VIP Customer,"Provide premium offers, loyalty rewards, and personalized recommendations."
15094.0,464,2,83.0,1,2,1,121,Regular Customer,Use personalized promotions and cross-selling to increase purchase frequency.
15095.0,104,11,3135.74,3,5,5,355,Loyal Customer,"Use loyalty programs, cross-selling, and repeat-purchase offers."
15096.0,43,1,219.39000000000001,4,1,1,411,Recent Customer,Send welcome offers and personalized product recommendations to encourage a second purchase.
15097.0,5,5,587.05,5,4,3,543,Loyal Customer,"Use loyalty programs, cross-selling, and repeat-purchase offers."
15098.0,183,5,649.5,3,4,3,343,Loyal Customer,"Use loyalty programs, cross-selling, and repeat-purchase offers."
15099.0,85,1,410.48,3,1,2,312,Regular Customer,Use personalized promotions and cross-selling to increase purchase frequency.
15100.0,331,14,2319.5,2,5,4,254,At Risk,"Launch re-engagement campaigns, targeted discounts, and reminders to bring customers back."
15101.0,9,11,1303.49,5,5,4,554,VIP Customer,"Provide premium offers, loyalty rewards, and personalized recommendations."
15102.0,531,2,554.67,1,2,2,122,Regular Customer,Use personalized promotions and cross-selling to increase purchase frequency.
15103.0,32,2,703.36,4,2,3,423,Recent Customer,Send welcome offers and personalized product recommendations to encourage a second purchase.
15104.0,167,3,1002.54,3,3,3,333,Regular Customer,Use personalized promotions and cross-selling to increase purchase frequency.
15105.0,19,9,3094.91,5,4,5,545,VIP Customer,"Provide premium offers, loyalty rewards, and personalized recommendations."
15106.0,18,7,1407.73,5,4,4,544,VIP Customer,"Provide premium offers, loyalty rewards, and personalized recommendations."
15107.0,312,12,856.26,2,5,3,253,At Risk,"Launch re-engagement campaigns, targeted discounts, and reminders to bring customers back."
15108.0,142,5,1291.75,3,4,4,344,Loyal Customer,"Use loyalty programs, cross-selling, and repeat-purchase offers."
15109.0,241,4,961.9,2,3,3,233,At Risk,"Launch re-engagement campaigns, targeted discounts, and reminders to bring customers back."
15110.0,24,9,1480.0,4,4,4,444,VIP Customer,"Provide premium offers, loyalty rewards, and personalized recommendations."
15111.0,30,5,2730.87,4,4,4,444,VIP Customer,"Provide premium offers, loyalty rewards, and personalized recommendations."
15112.0,612,1,209.4,1,1,1,111,Regular Customer,Use personalized promotions and cross-selling to increase purchase frequency.
15113.0,10,4,3439.41,5,3,5,535,Regular Customer,Use personalized promotions and cross-selling to increase purchase frequency.
15114.0,31,12,3400.12,4,5,5,455,VIP Customer,"Provide premium offers, loyalty rewards, and personalized recommendations."
15115.0,19,3,528.1,5,3,2,532,Regular Customer,Use personalized promotions and cross-selling to increase purchase frequency.
15116.0,18,4,1352.75,5,3,4,534,Regular Customer,Use personalized promotions and cross-selling to increase purchase frequency.
15117.0,15,9,2484.32,5,4,4,544,VIP Customer,"Provide premium offers, loyalty rewards, and personalized recommendations."
15118.0,135,1,244.8,3,1,1,311,Regular Customer,Use personalized promotions and cross-selling to increase purchase frequency.
15119.0,246,1,266.4,2,1,2,212,Regular Customer,Use personalized promotions and cross-selling to increase purchase frequency.
15120.0,130,2,343.82,3,2,2,322,Regular Customer,Use personalized promotions and cross-selling to increase purchase frequency.
15121.0,51,2,457.72,4,2,2,422,Recent Customer,Send welcome offers and personalized product recommendations to encourage a second purchase.
15122.0,86,16,4461.42,3,5,5,355,Loyal Customer,"Use loyalty programs, cross-selling, and repeat-purchase offers."
15123.0,8,5,4656.17,5,4,5,545,VIP Customer,"Provide premium offers, loyalty rewards, and personalized recommendations."
15124.0,23,4,450.82,4,3,2,432,Regular Customer,Use personalized promotions and cross-selling to increase purchase frequency.
15125.0,26,36,16124.33,4,5,5,455,VIP Customer,"Provide premium offers, loyalty rewards, and personalized recommendations."
15126.0,537,2,449.49,1,2,2,122,Regular Customer,Use personalized promotions and cross-selling to increase purchase frequency.
15127.0,66,2,711.5,3,2,3,323,Regular Customer,Use personalized promotions and cross-selling to increase purchase frequency.
15128.0,61,9,1732.22,3,4,4,344,Loyal Customer,"Use loyalty programs, cross-selling, and repeat-purchase offers."
15129.0,51,23,6860.18,4,5,5,455,VIP Customer,"Provide premium offers, loyalty rewards, and personalized recommendations."
15130.0,170,1,330.11,3,1,2,312,Regular Customer,Use personalized promotions and cross-selling to increase purchase frequency.
15131.0,395,1,80.28,2,1,1,211,Regular Customer,Use personalized promotions and cross-selling to increase purchase frequency.
15132.0,19,5,977.9300000000001,5,4,3,543,Loyal Customer,"Use loyalty programs, cross-selling, and repeat-purchase offers."
15133.0,128,5,1806.9,3,4,4,344,Loyal Customer,"Use loyalty programs, cross-selling, and repeat-purchase offers."
15134.0,15,10,1596.29,5,5,4,554,VIP Customer,"Provide premium offers, loyalty rewards, and personalized recommendations."
15135.0,234,3,293.78,2,3,2,232,At Risk,"Launch re-engagement campaigns, targeted discounts, and reminders to bring customers back."
15136.0,3,5,1282.45,5,4,4,544,VIP Customer,"Provide premium offers, loyalty rewards, and personalized recommendations."
15137.0,521,5,747.55,1,4,3,143,At Risk,"Launch re-engagement campaigns, targeted discounts, and reminders to bring customers back."
15138.0,386,2,486.59000000000003,2,2,2,222,Regular Customer,Use personalized promotions and cross-selling to increase purchase frequency.
15139.0,240,2,178.96,2,2,1,221,Regular Customer,Use personalized promotions and cross-selling to increase purchase frequency.
15140.0,53,9,3239.44,4,4,5,445,VIP Customer,"Provide premium offers, loyalty rewards, and personalized recommendations."
15141.0,458,9,1378.31,1,4,4,144,At Risk,"Launch re-engagement campaigns, targeted discounts, and reminders to bring customers back."
15142.0,47,7,2608.97,4,4,4,444,VIP Customer,"Provide premium offers, loyalty rewards, and personalized recommendations."
15143.0,226,2,563.63,2,2,2,222,Regular Customer,Use personalized promotions and cross-selling to increase purchase frequency.
15144.0,9,33,12006.51,5,5,5,555,VIP Customer,"Provide premium offers, loyalty rewards, and personalized recommendations."
15145.0,5,4,1194.73,5,3,4,534,Regular Customer,Use personalized promotions and cross-selling to increase purchase frequency.
15146.0,165,3,1313.66,3,3,4,334,Regular Customer,Use personalized promotions and cross-selling to increase purchase frequency.
15147.0,219,2,608.65,2,2,3,223,Regular Customer,Use personalized promotions and cross-selling to increase purchase frequency.
15148.0,11,1,301.29,5,1,2,512,Recent Customer,Send welcome offers and personalized product recommendations to encourage a second purchase.
15149.0,134,5,1554.6100000000001,3,4,4,344,Loyal Customer,"Use loyalty programs, cross-selling, and repeat-purchase offers."
15150.0,18,14,8990.58,5,5,5,555,VIP Customer,"Provide premium offers, loyalty rewards, and personalized recommendations."
15151.0,424,2,2085.61,1,2,4,124,Regular Customer,Use personalized promotions and cross-selling to increase purchase frequency.
15152.0,10,18,5197.97,5,5,5,555,VIP Customer,"Provide premium offers, loyalty rewards, and personalized recommendations."
15153.0,32,1,329.25,4,1,2,412,Recent Customer,Send welcome offers and personalized product recommendations to encourage a second purchase.
15154.0,75,4,1332.26,3,3,4,334,Regular Customer,Use personalized promotions and cross-selling to increase purchase frequency.
15155.0,384,1,383.96999999999997,2,1,2,212,Regular Customer,Use personalized promotions and cross-selling to increase purchase frequency.
15156.0,2,3,961.49,5,3,3,533,Regular Customer,Use personalized promotions and cross-selling to increase purchase frequency.
15157.0,4,7,2587.54,5,4,4,544,VIP Customer,"Provide premium offers, loyalty rewards, and personalized recommendations."
15158.0,46,3,437.66,4,3,2,432,Regular Customer,Use personalized promotions and cross-selling to increase purchase frequency.
15159.0,2,38,22049.4,5,5,5,555,VIP Customer,"Provide premium offers, loyalty rewards, and personalized recommendations."
15160.0,358,4,589.27,2,3,3,233,At Risk,"Launch re-engagement campaigns, targeted discounts, and reminders to bring customers back."
15161.0,389,1,119.92,2,1,1,211,Regular Customer,Use personalized promotions and cross-selling to increase purchase frequency.
15162.0,729,2,241.5,1,2,1,121,Regular Customer,Use personalized promotions and cross-selling to increase purchase frequency.
15163.0,19,2,304.47,5,2,2,522,Recent Customer,Send welcome offers and personalized product recommendations to encourage a second purchase.
15164.0,69,10,2052.02,3,5,4,354,Loyal Customer,"Use loyalty programs, cross-selling, and repeat-purchase offers."
15165.0,374,1,975.5,2,1,3,213,Regular Customer,Use personalized promotions and cross-selling to increase purchase frequency.
15166.0,468,1,167.16,1,1,1,111,Regular Customer,Use personalized promotions and cross-selling to increase purchase frequency.
15167.0,321,5,1659.67,2,4,4,244,At Risk,"Launch re-engagement campaigns, targeted discounts, and reminders to bring customers back."
15168.0,26,1,106.56,4,1,1,411,Recent Customer,Send welcome offers and personalized product recommendations to encourage a second purchase.
15169.0,383,2,569.22,2,2,2,222,Regular Customer,Use personalized promotions and cross-selling to increase purchase frequency.
15170.0,407,1,81.15,2,1,1,211,Regular Customer,Use personalized promotions and cross-selling to increase purchase frequency.
15171.0,325,2,1034.5,2,2,3,223,Regular Customer,Use personalized promotions and cross-selling to increase purchase frequency.
15172.0,9,5,1624.05,5,4,4,544,VIP Customer,"Provide premium offers, loyalty rewards, and personalized recommendations."
15173.0,381,8,1399.26,2,4,4,244,At Risk,"Launch re-engagement campaigns, targeted discounts, and reminders to bring customers back."
15174.0,323,2,481.46,2,2,2,222,Regular Customer,Use personalized promotions and cross-selling to increase purchase frequency.
15175.0,72,1,224.14,3,1,1,311,Regular Customer,Use personalized promotions and cross-selling to increase purchase frequency.
15176.0,597,2,985.09,1,2,3,123,Regular Customer,Use personalized promotions and cross-selling to increase purchase frequency.
15177.0,426,1,948.93,1,1,3,113,Regular Customer,Use personalized promotions and cross-selling to increase purchase frequency.
15178.0,261,1,40.5,2,1,1,211,Regular Customer,Use personalized promotions and cross-selling to increase purchase frequency.
15179.0,19,17,7426.82,5,5,5,555,VIP Customer,"Provide premium offers, loyalty rewards, and personalized recommendations."
15180.0,368,3,904.4300000000001,2,3,3,233,At Risk,"Launch re-engagement campaigns, targeted discounts, and reminders to bring customers back."
15181.0,67,8,948.4499999999999,3,4,3,343,Loyal Customer,"Use loyalty programs, cross-selling, and repeat-purchase offers."
15182.0,155,14,2942.752,3,5,5,355,Loyal Customer,"Use loyalty programs, cross-selling, and repeat-purchase offers."
15183.0,548,4,637.03,1,3,3,133,At Risk,"Launch re-engagement campaigns, targeted discounts, and reminders to bring customers back."
15184.0,30,4,689.95,4,3,3,433,Regular Customer,Use personalized promotions and cross-selling to increase purchase frequency.
15185.0,71,1,310.62,3,1,2,312,Regular Customer,Use personalized promotions and cross-selling to increase purchase frequency.
15186.0,15,5,1403.2,5,4,4,544,VIP Customer,"Provide premium offers, loyalty rewards, and personalized recommendations."
15187.0,2,18,4670.08,5,5,5,555,VIP Customer,"Provide premium offers, loyalty rewards, and personalized recommendations."
15188.0,726,1,310.43,1,1,2,112,Regular Customer,Use personalized promotions and cross-selling to increase purchase frequency.
15189.0,2,58,17101.13,5,5,5,555,VIP Customer,"Provide premium offers, loyalty rewards, and personalized recommendations."
15190.0,435,1,834.4399999999999,1,1,3,113,Regular Customer,Use personalized promotions and cross-selling to increase purchase frequency.
15191.0,464,3,588.05,1,3,3,133,At Risk,"Launch re-engagement campaigns, targeted discounts, and reminders to bring customers back."
15192.0,120,5,1981.39,3,4,4,344,Loyal Customer,"Use loyalty programs, cross-selling, and repeat-purchase offers."
15193.0,61,1,499.32,3,1,2,312,Regular Customer,Use personalized promotions and cross-selling to increase purchase frequency.
15194.0,4,39,12187.68,5,5,5,555,VIP Customer,"Provide premium offers, loyalty rewards, and personalized recommendations."
15195.0,3,1,3861.0,5,1,5,515,Recent Customer,Send welcome offers and personalized product recommendations to encourage a second purchase.
15196.0,433,2,316.25,1,2,2,122,Regular Customer,Use personalized promotions and cross-selling to increase purchase frequency.
15197.0,9,10,1427.84,5,5,4,554,VIP Customer,"Provide premium offers, loyalty rewards, and personalized recommendations."
15198.0,93,6,559.45,3,4,2,342,Loyal Customer,"Use loyalty programs, cross-selling, and repeat-purchase offers."
15199.0,60,10,3122.4,3,5,5,355,Loyal Customer,"Use loyalty programs, cross-selling, and repeat-purchase offers."
15200.0,495,1,549.05,1,1,2,112,Regular Customer,Use personalized promotions and cross-selling to increase purchase frequency.
15201.0,79,14,1525.9,3,5,4,354,Loyal Customer,"Use loyalty programs, cross-selling, and repeat-purchase offers."
15202.0,421,8,-2570.1800000000003,1,4,1,141,At Risk,"Launch re-engagement campaigns, targeted discounts, and reminders to bring customers back."
15203.0,26,15,4400.18,4,5,5,455,VIP Customer,"Provide premium offers, loyalty rewards, and personalized recommendations."
15204.0,358,1,316.58,2,1,2,212,Regular Customer,Use personalized promotions and cross-selling to increase purchase frequency.
15205.0,86,3,648.8299999999999,3,3,3,333,Regular Customer,Use personalized promotions and cross-selling to increase purchase frequency.
15206.0,11,4,420.29999999999995,5,3,2,532,Regular Customer,Use personalized promotions and cross-selling to increase purchase frequency.
15207.0,410,5,653.77,2,4,3,243,At Risk,"Launch re-engagement campaigns, targeted discounts, and reminders to bring customers back."
15208.0,2,7,968.02,5,4,3,543,Loyal Customer,"Use loyalty programs, cross-selling, and repeat-purchase offers."
15209.0,731,1,178.98000000000002,1,1,1,111,Regular Customer,Use personalized promotions and cross-selling to increase purchase frequency.
15210.0,226,3,1176.19,2,3,3,233,At Risk,"Launch re-engagement campaigns, targeted discounts, and reminders to bring customers back."
15211.0,61,2,1277.48,3,2,4,324,Regular Customer,Use personalized promotions and cross-selling to increase purchase frequency.
15212.0,240,3,195.42999999999998,2,3,1,231,At Risk,"Launch re-engagement campaigns, targeted discounts, and reminders to bring customers back."
15213.0,319,3,325.05,2,3,2,232,At Risk,"Launch re-engagement campaigns, targeted discounts, and reminders to bring customers back."
15214.0,2,8,1661.44,5,4,4,544,VIP Customer,"Provide premium offers, loyalty rewards, and personalized recommendations."
15215.0,45,11,1496.46,4,5,4,454,VIP Customer,"Provide premium offers, loyalty rewards, and personalized recommendations."
15216.0,88,2,486.09,3,2,2,322,Regular Customer,Use personalized promotions and cross-selling to increase purchase frequency.
15217.0,564,1,426.24,1,1,2,112,Regular Customer,Use personalized promotions and cross-selling to increase purchase frequency.
15218.0,11,25,11456.0,5,5,5,555,VIP Customer,"Provide premium offers, loyalty rewards, and personalized recommendations."
15219.0,177,2,685.45,3,2,3,323,Regular Customer,Use personalized promotions and cross-selling to increase purchase frequency.
15220.0,52,7,1758.92,4,4,4,444,VIP Customer,"Provide premium offers, loyalty rewards, and personalized recommendations."
15221.0,367,7,1816.1000000000001,2,4,4,244,At Risk,"Launch re-engagement campaigns, targeted discounts, and reminders to bring customers back."
15222.0,319,17,3415.66,2,5,5,255,At Risk,"Launch re-engagement campaigns, targeted discounts, and reminders to bring customers back."
15223.0,226,6,1117.1,2,4,3,243,At Risk,"Launch re-engagement campaigns, targeted discounts, and reminders to bring customers back."
15224.0,359,8,837.26,2,4,3,243,At Risk,"Launch re-engagement campaigns, targeted discounts, and reminders to bring customers back."
15225.0,235,1,409.40000000000003,2,1,2,212,Regular Customer,Use personalized promotions and cross-selling to increase purchase frequency.
15226.0,311,1,154.41,2,1,1,211,Regular Customer,Use personalized promotions and cross-selling to increase purchase frequency.
15227.0,37,9,2488.4900000000002,4,4,4,444,VIP Customer,"Provide premium offers, loyalty rewards, and personalized recommendations."
15228.0,67,7,5570.5199999999995,3,4,5,345,Loyal Customer,"Use loyalty programs, cross-selling, and repeat-purchase offers."
15229.0,587,1,160.5,1,1,1,111,Regular Customer,Use personalized promotions and cross-selling to increase purchase frequency.
15230.0,240,2,429.6,2,2,2,222,Regular Customer,Use personalized promotions and cross-selling to increase purchase frequency.
15231.0,597,2,228.35999999999999,1,2,1,121,Regular Customer,Use personalized promotions and cross-selling to increase purchase frequency.
15232.0,114,2,612.06,3,2,3,323,Regular Customer,Use personalized promotions and cross-selling to increase purchase frequency.
15233.0,402,1,59.400000000000006,2,1,1,211,Regular Customer,Use personalized promotions and cross-selling to increase purchase frequency.
15234.0,277,1,197.0,2,1,1,211,Regular Customer,Use personalized promotions and cross-selling to increase purchase frequency.
15235.0,218,16,2937.81,2,5,5,255,At Risk,"Launch re-engagement campaigns, targeted discounts, and reminders to bring customers back."
15236.0,299,1,321.05,2,1,2,212,Regular Customer,Use personalized promotions and cross-selling to increase purchase frequency.
15237.0,2,4,1412.32,5,3,4,534,Regular Customer,Use personalized promotions and cross-selling to increase purchase frequency.
15238.0,30,5,1056.54,4,4,3,443,Loyal Customer,"Use loyalty programs, cross-selling, and repeat-purchase offers."
15239.0,11,3,764.34,5,3,3,533,Regular Customer,Use personalized promotions and cross-selling to increase purchase frequency.
15240.0,45,20,4315.0,4,5,5,455,VIP Customer,"Provide premium offers, loyalty rewards, and personalized recommendations."
15241.0,67,12,3032.31,3,5,5,355,Loyal Customer,"Use loyalty programs, cross-selling, and repeat-purchase offers."
15242.0,423,1,302.04,1,1,2,112,Regular Customer,Use personalized promotions and cross-selling to increase purchase frequency.
15243.0,75,2,927.2800000000001,3,2,3,323,Regular Customer,Use personalized promotions and cross-selling to increase purchase frequency.
15244.0,66,4,850.1800000000001,3,3,3,333,Regular Customer,Use personalized promotions and cross-selling to increase purchase frequency.
15245.0,135,8,4610.84,3,4,5,345,Loyal Customer,"Use loyalty programs, cross-selling, and repeat-purchase offers."
15246.0,239,3,780.4,2,3,3,233,At Risk,"Launch re-engagement campaigns, targeted discounts, and reminders to bring customers back."
15247.0,123,4,967.11,3,3,3,333,Regular Customer,Use personalized promotions and cross-selling to increase purchase frequency.
15248.0,412,4,1865.03,2,3,4,234,At Risk,"Launch re-engagement campaigns, targeted discounts, and reminders to bring customers back."
15249.0,32,21,9147.15,4,5,5,455,VIP Customer,"Provide premium offers, loyalty rewards, and personalized recommendations."
15250.0,641,1,60.0,1,1,1,111,Regular Customer,Use personalized promotions and cross-selling to increase purchase frequency.
15251.0,10,31,20095.6,5,5,5,555,VIP Customer,"Provide premium offers, loyalty rewards, and personalized recommendations."
15252.0,37,7,2053.06,4,4,4,444,VIP Customer,"Provide premium offers, loyalty rewards, and personalized recommendations."
15253.0,17,12,2033.29,5,5,4,554,VIP Customer,"Provide premium offers, loyalty rewards, and personalized recommendations."
15254.0,128,4,1073.4,3,3,3,333,Regular Customer,Use personalized promotions and cross-selling to increase purchase frequency.
15255.0,67,11,3670.77,3,5,5,355,Loyal Customer,"Use loyalty programs, cross-selling, and repeat-purchase offers."
15256.0,149,2,170.4,3,2,1,321,Regular Customer,Use personalized promotions and cross-selling to increase purchase frequency.
15257.0,282,3,600.9,2,3,3,233,At Risk,"Launch re-engagement campaigns, targeted discounts, and reminders to bring customers back."
15258.0,169,2,623.16,3,2,3,323,Regular Customer,Use personalized promotions and cross-selling to increase purchase frequency.
15259.0,513,4,1182.3799999999999,1,3,3,133,At Risk,"Launch re-engagement campaigns, targeted discounts, and reminders to bring customers back."
15260.0,101,30,9098.38,3,5,5,355,Loyal Customer,"Use loyalty programs, cross-selling, and repeat-purchase offers."
15261.0,136,4,1508.0,3,3,4,334,Regular Customer,Use personalized promotions and cross-selling to increase purchase frequency.
15262.0,324,3,418.82,2,3,2,232,At Risk,"Launch re-engagement campaigns, targeted discounts, and reminders to bring customers back."
15263.0,107,1,156.51,3,1,1,311,Regular Customer,Use personalized promotions and cross-selling to increase purchase frequency.
15264.0,65,3,844.2,3,3,3,333,Regular Customer,Use personalized promotions and cross-selling to increase purchase frequency.
15265.0,152,4,3345.64,3,3,5,335,Regular Customer,Use personalized promotions and cross-selling to increase purchase frequency.
15266.0,339,6,841.7,2,4,3,243,At Risk,"Launch re-engagement campaigns, targeted discounts, and reminders to bring customers back."
15267.0,23,5,1717.36,4,4,4,444,VIP Customer,"Provide premium offers, loyalty rewards, and personalized recommendations."
15268.0,479,4,941.2500000000001,1,3,3,133,At Risk,"Launch re-engagement campaigns, targeted discounts, and reminders to bring customers back."
15269.0,24,3,1225.3600000000001,4,3,4,434,Regular Customer,Use personalized promotions and cross-selling to increase purchase frequency.
15270.0,16,31,7193.99,5,5,5,555,VIP Customer,"Provide premium offers, loyalty rewards, and personalized recommendations."
15271.0,8,26,4639.29,5,5,5,555,VIP Customer,"Provide premium offers, loyalty rewards, and personalized recommendations."
15272.0,58,6,2085.48,4,4,4,444,VIP Customer,"Provide premium offers, loyalty rewards, and personalized recommendations."
15273.0,600,1,228.96,1,1,1,111,Regular Customer,Use personalized promotions and cross-selling to increase purchase frequency.
15274.0,5,2,716.57,5,2,3,523,Recent Customer,Send welcome offers and personalized product recommendations to encourage a second purchase.
15275.0,32,2,609.19,4,2,3,423,Recent Customer,Send welcome offers and personalized product recommendations to encourage a second purchase.
15276.0,67,5,631.03,3,4,3,343,Loyal Customer,"Use loyalty programs, cross-selling, and repeat-purchase offers."
15277.0,47,2,476.34,4,2,2,422,Recent Customer,Send welcome offers and personalized product recommendations to encourage a second purchase.
15278.0,562,4,496.15999999999997,1,3,2,132,At Risk,"Launch re-engagement campaigns, targeted discounts, and reminders to bring customers back."
15279.0,355,7,1541.74,2,4,4,244,At Risk,"Launch re-engagement campaigns, targeted discounts, and reminders to bring customers back."
15280.0,173,3,406.21999999999997,3,3,2,332,Regular Customer,Use personalized promotions and cross-selling to increase purchase frequency.
15281.0,59,22,8317.62,4,5,5,455,VIP Customer,"Provide premium offers, loyalty rewards, and personalized recommendations."
15282.0,571,1,348.59,1,1,2,112,Regular Customer,Use personalized promotions and cross-selling to increase purchase frequency.
15283.0,391,4,135.43,2,3,1,231,At Risk,"Launch re-engagement campaigns, targeted discounts, and reminders to bring customers back."
15284.0,501,1,24.75,1,1,1,111,Regular Customer,Use personalized promotions and cross-selling to increase purchase frequency.
15285.0,408,1,94.92,2,1,1,211,Regular Customer,Use personalized promotions and cross-selling to increase purchase frequency.
15286.0,50,1,240.55,4,1,1,411,Recent Customer,Send welcome offers and personalized product recommendations to encourage a second purchase.
15287.0,23,6,854.58,4,4,3,443,Loyal Customer,"Use loyalty programs, cross-selling, and repeat-purchase offers."
15288.0,44,10,3883.13,4,5,5,455,VIP Customer,"Provide premium offers, loyalty rewards, and personalized recommendations."
15289.0,30,7,1570.71,4,4,4,444,VIP Customer,"Provide premium offers, loyalty rewards, and personalized recommendations."
15290.0,5,30,10355.58,5,5,5,555,VIP Customer,"Provide premium offers, loyalty rewards, and personalized recommendations."
15291.0,26,53,13451.24,4,5,5,455,VIP Customer,"Provide premium offers, loyalty rewards, and personalized recommendations."
15292.0,202,1,180.94,2,1,1,211,Regular Customer,Use personalized promotions and cross-selling to increase purchase frequency.
15293.0,666,1,247.5,1,1,1,111,Regular Customer,Use personalized promotions and cross-selling to increase purchase frequency.
15294.0,401,2,222.3,2,2,1,221,Regular Customer,Use personalized promotions and cross-selling to increase purchase frequency.
15295.0,655,1,217.23999999999998,1,1,1,111,Regular Customer,Use personalized promotions and cross-selling to increase purchase frequency.
15296.0,45,20,10223.93,4,5,5,455,VIP Customer,"Provide premium offers, loyalty rewards, and personalized recommendations."
15297.0,11,4,635.04,5,3,3,533,Regular Customer,Use personalized promotions and cross-selling to increase purchase frequency.
15298.0,3,29,8356.03,5,5,5,555,VIP Customer,"Provide premium offers, loyalty rewards, and personalized recommendations."
15299.0,68,15,7243.62,3,5,5,355,Loyal Customer,"Use loyalty programs, cross-selling, and repeat-purchase offers."
15300.0,65,1,496.44,3,1,2,312,Regular Customer,Use personalized promotions and cross-selling to increase purchase frequency.
15301.0,51,19,7561.21,4,5,5,455,VIP Customer,"Provide premium offers, loyalty rewards, and personalized recommendations."
15302.0,723,2,291.05,1,2,2,122,Regular Customer,Use personalized promotions and cross-selling to increase purchase frequency.
15303.0,291,4,1178.78,2,3,3,233,At Risk,"Launch re-engagement campaigns, targeted discounts, and reminders to bring customers back."
15304.0,61,11,905.45,3,5,3,353,Loyal Customer,"Use loyalty programs, cross-selling, and repeat-purchase offers."
15305.0,556,1,93.6,1,1,1,111,Regular Customer,Use personalized promotions and cross-selling to increase purchase frequency.
15306.0,65,10,3480.98,3,5,5,355,Loyal Customer,"Use loyalty programs, cross-selling, and repeat-purchase offers."
15307.0,96,1,205.3,3,1,1,311,Regular Customer,Use personalized promotions and cross-selling to increase purchase frequency.
15308.0,271,2,302.27,2,2,2,222,Regular Customer,Use personalized promotions and cross-selling to increase purchase frequency.
15309.0,611,10,715.53,1,5,3,153,At Risk,"Launch re-engagement campaigns, targeted discounts, and reminders to bring customers back."
15310.0,479,1,1634.64,1,1,4,114,Regular Customer,Use personalized promotions and cross-selling to increase purchase frequency.
15311.0,1,270,113513.07,5,5,5,555,VIP Customer,"Provide premium offers, loyalty rewards, and personalized recommendations."
15312.0,76,14,2916.4900000000002,3,5,5,355,Loyal Customer,"Use loyalty programs, cross-selling, and repeat-purchase offers."
15313.0,111,1,52.0,3,1,1,311,Regular Customer,Use personalized promotions and cross-selling to increase purchase frequency.
15314.0,200,4,800.65,2,3,3,233,At Risk,"Launch re-engagement campaigns, targeted discounts, and reminders to bring customers back."
15315.0,65,3,551.54,3,3,2,332,Regular Customer,Use personalized promotions and cross-selling to increase purchase frequency.
15316.0,327,1,165.0,2,1,1,211,Regular Customer,Use personalized promotions and cross-selling to increase purchase frequency.
15317.0,678,2,112.05000000000001,1,2,1,121,Regular Customer,Use personalized promotions and cross-selling to increase purchase frequency.
15318.0,4,1,312.62,5,1,2,512,Recent Customer,Send welcome offers and personalized product recommendations to encourage a second purchase.
15319.0,284,1,204.5,2,1,1,211,Regular Customer,Use personalized promotions and cross-selling to increase purchase frequency.
15320.0,45,1,267.13,4,1,2,412,Recent Customer,Send welcome offers and personalized product recommendations to encourage a second purchase.
15321.0,50,18,6560.650000000001,4,5,5,455,VIP Customer,"Provide premium offers, loyalty rewards, and personalized recommendations."
15322.0,65,3,1314.15,3,3,4,334,Regular Customer,Use personalized promotions and cross-selling to increase purchase frequency.
15323.0,534,4,320.9,1,3,2,132,At Risk,"Launch re-engagement campaigns, targeted discounts, and reminders to bring customers back."
15324.0,702,1,140.22000000000003,1,1,1,111,Regular Customer,Use personalized promotions and cross-selling to increase purchase frequency.
15325.0,104,9,1596.81,3,4,4,344,Loyal Customer,"Use loyalty programs, cross-selling, and repeat-purchase offers."
15326.0,334,10,1529.82,2,5,4,254,At Risk,"Launch re-engagement campaigns, targeted discounts, and reminders to bring customers back."
15327.0,53,1,208.75,4,1,1,411,Recent Customer,Send welcome offers and personalized product recommendations to encourage a second purchase.
15328.0,408,1,107.24,2,1,1,211,Regular Customer,Use personalized promotions and cross-selling to increase purchase frequency.
15329.0,36,20,2742.98,4,5,4,454,VIP Customer,"Provide premium offers, loyalty rewards, and personalized recommendations."
15330.0,33,2,714.96,4,2,3,423,Recent Customer,Send welcome offers and personalized product recommendations to encourage a second purchase.
15331.0,500,4,755.41,1,3,3,133,At Risk,"Launch re-engagement campaigns, targeted discounts, and reminders to bring customers back."
15332.0,367,6,6553.74,2,4,5,245,At Risk,"Launch re-engagement campaigns, targeted discounts, and reminders to bring customers back."
15333.0,209,1,1028.56,2,1,3,213,Regular Customer,Use personalized promotions and cross-selling to increase purchase frequency.
15334.0,157,3,351.67,3,3,2,332,Regular Customer,Use personalized promotions and cross-selling to increase purchase frequency.
15335.0,54,1,173.97,4,1,1,411,Recent Customer,Send welcome offers and personalized product recommendations to encourage a second purchase.
15336.0,402,1,240.5,2,1,1,211,Regular Customer,Use personalized promotions and cross-selling to increase purchase frequency.
15337.0,403,2,344.72,2,2,2,222,Regular Customer,Use personalized promotions and cross-selling to increase purchase frequency.
15338.0,678,1,283.43,1,1,2,112,Regular Customer,Use personalized promotions and cross-selling to increase purchase frequency.
15339.0,67,11,1634.09,3,5,4,354,Loyal Customer,"Use loyalty programs, cross-selling, and repeat-purchase offers."
15340.0,562,1,105.5,1,1,1,111,Regular Customer,Use personalized promotions and cross-selling to increase purchase frequency.
15341.0,81,3,2401.02,3,3,4,334,Regular Customer,Use personalized promotions and cross-selling to increase purchase frequency.
15342.0,117,2,391.76,3,2,2,322,Regular Customer,Use personalized promotions and cross-selling to increase purchase frequency.
15343.0,88,1,364.5,3,1,2,312,Regular Customer,Use personalized promotions and cross-selling to increase purchase frequency.
15344.0,1,5,476.58,5,4,2,542,Loyal Customer,"Use loyalty programs, cross-selling, and repeat-purchase offers."
15345.0,36,2,367.69,4,2,2,422,Recent Customer,Send welcome offers and personalized product recommendations to encourage a second purchase.
15346.0,333,4,591.65,2,3,3,233,At Risk,"Launch re-engagement campaigns, targeted discounts, and reminders to bring customers back."
15347.0,367,6,1333.9,2,4,4,244,At Risk,"Launch re-engagement campaigns, targeted discounts, and reminders to bring customers back."
15348.0,73,1,158.04,3,1,1,311,Regular Customer,Use personalized promotions and cross-selling to increase purchase frequency.
15349.0,159,2,473.81,3,2,2,322,Regular Customer,Use personalized promotions and cross-selling to increase purchase frequency.
15350.0,374,2,663.25,2,2,3,223,Regular Customer,Use personalized promotions and cross-selling to increase purchase frequency.
15351.0,13,15,3615.18,5,5,5,555,VIP Customer,"Provide premium offers, loyalty rewards, and personalized recommendations."
15352.0,549,1,114.95,1,1,1,111,Regular Customer,Use personalized promotions and cross-selling to increase purchase frequency.
15353.0,255,8,3154.05,2,4,5,245,At Risk,"Launch re-engagement campaigns, targeted discounts, and reminders to bring customers back."
15354.0,599,7,-94.8,1,4,1,141,At Risk,"Launch re-engagement campaigns, targeted discounts, and reminders to bring customers back."
15355.0,30,2,277.05,4,2,2,422,Recent Customer,Send welcome offers and personalized product recommendations to encourage a second purchase.
15356.0,32,13,3464.95,4,5,5,455,VIP Customer,"Provide premium offers, loyalty rewards, and personalized recommendations."
15357.0,683,1,-36.75,1,1,1,111,Regular Customer,Use personalized promotions and cross-selling to increase purchase frequency.
15358.0,5,55,16837.35,5,5,5,555,VIP Customer,"Provide premium offers, loyalty rewards, and personalized recommendations."
15359.0,555,9,162.6,1,4,1,141,At Risk,"Launch re-engagement campaigns, targeted discounts, and reminders to bring customers back."
15360.0,40,1,427.93,4,1,2,412,Recent Customer,Send welcome offers and personalized product recommendations to encourage a second purchase.
15361.0,362,4,689.07,2,3,3,233,At Risk,"Launch re-engagement campaigns, targeted discounts, and reminders to bring customers back."
15362.0,449,2,613.08,1,2,3,123,Regular Customer,Use personalized promotions and cross-selling to increase purchase frequency.
15363.0,242,3,996.16,2,3,3,233,At Risk,"Launch re-engagement campaigns, targeted discounts, and reminders to bring customers back."
15364.0,96,2,913.19,3,2,3,323,Regular Customer,Use personalized promotions and cross-selling to increase purchase frequency.
15365.0,26,15,3573.26,4,5,5,455,VIP Customer,"Provide premium offers, loyalty rewards, and personalized recommendations."
15366.0,76,7,2389.08,3,4,4,344,Loyal Customer,"Use loyalty programs, cross-selling, and repeat-purchase offers."
15367.0,58,13,5005.7300000000005,4,5,5,455,VIP Customer,"Provide premium offers, loyalty rewards, and personalized recommendations."
15368.0,22,2,722.74,4,2,3,423,Recent Customer,Send welcome offers and personalized product recommendations to encourage a second purchase.
15369.0,145,13,1713.39,3,5,4,354,Loyal Customer,"Use loyalty programs, cross-selling, and repeat-purchase offers."
15370.0,41,9,3713.51,4,4,5,445,VIP Customer,"Provide premium offers, loyalty rewards, and personalized recommendations."
15371.0,663,1,59.400000000000006,1,1,1,111,Regular Customer,Use personalized promotions and cross-selling to increase purchase frequency.
15372.0,138,10,5954.42,3,5,5,355,Loyal Customer,"Use loyalty programs, cross-selling, and repeat-purchase offers."
15373.0,9,18,3218.59,5,5,5,555,VIP Customer,"Provide premium offers, loyalty rewards, and personalized recommendations."
15374.0,129,2,307.32,3,2,2,322,Regular Customer,Use personalized promotions and cross-selling to increase purchase frequency.
15375.0,691,1,60.959999999999994,1,1,1,111,Regular Customer,Use personalized promotions and cross-selling to increase purchase frequency.
15376.0,41,3,1233.3600000000001,4,3,4,434,Regular Customer,Use personalized promotions and cross-selling to increase purchase frequency.
15377.0,383,5,1179.95,2,4,3,243,At Risk,"Launch re-engagement campaigns, targeted discounts, and reminders to bring customers back."
15378.0,463,2,246.5,1,2,1,121,Regular Customer,Use personalized promotions and cross-selling to increase purchase frequency.
15379.0,170,9,4806.4400000000005,3,4,5,345,Loyal Customer,"Use loyalty programs, cross-selling, and repeat-purchase offers."
15380.0,9,13,3422.2000000000003,5,5,5,555,VIP Customer,"Provide premium offers, loyalty rewards, and personalized recommendations."
15381.0,214,6,1887.62,2,4,4,244,At Risk,"Launch re-engagement campaigns, targeted discounts, and reminders to bring customers back."
15382.0,15,20,13646.5,5,5,5,555,VIP Customer,"Provide premium offers, loyalty rewards, and personalized recommendations."
15383.0,683,1,-10.5,1,1,1,111,Regular Customer,Use personalized promotions and cross-selling to increase purchase frequency.
15384.0,170,5,2014.49,3,4,4,344,Loyal Customer,"Use loyalty programs, cross-selling, and repeat-purchase offers."
15385.0,41,3,942.08,4,3,3,433,Regular Customer,Use personalized promotions and cross-selling to increase purchase frequency.
15386.0,187,1,394.14,3,1,2,312,Regular Customer,Use personalized promotions and cross-selling to increase purchase frequency.
15387.0,493,1,468.65,1,1,2,112,Regular Customer,Use personalized promotions and cross-selling to increase purchase frequency.
15388.0,271,1,140.54,2,1,1,211,Regular Customer,Use personalized promotions and cross-selling to increase purchase frequency.
15389.0,173,5,2733.8,3,4,4,344,Loyal Customer,"Use loyalty programs, cross-selling, and repeat-purchase offers."
15390.0,397,2,1216.66,2,2,4,224,Regular Customer,Use personalized promotions and cross-selling to increase purchase frequency.
15391.0,571,2,282.92,1,2,2,122,Regular Customer,Use personalized promotions and cross-selling to increase purchase frequency.
15392.0,5,8,2891.82,5,4,5,545,VIP Customer,"Provide premium offers, loyalty rewards, and personalized recommendations."
15393.0,17,5,891.34,5,4,3,543,Loyal Customer,"Use loyalty programs, cross-selling, and repeat-purchase offers."
15394.0,10,13,5251.4,5,5,5,555,VIP Customer,"Provide premium offers, loyalty rewards, and personalized recommendations."
15395.0,326,1,107.45,2,1,1,211,Regular Customer,Use personalized promotions and cross-selling to increase purchase frequency.
15396.0,113,2,796.38,3,2,3,323,Regular Customer,Use personalized promotions and cross-selling to increase purchase frequency.
15397.0,290,1,94.0,2,1,1,211,Regular Customer,Use personalized promotions and cross-selling to increase purchase frequency.
15398.0,17,3,1339.63,5,3,4,534,Regular Customer,Use personalized promotions and cross-selling to increase purchase frequency.
15399.0,2,3,815.77,5,3,3,533,Regular Customer,Use personalized promotions and cross-selling to increase purchase frequency.
15400.0,93,9,1252.8,3,4,4,344,Loyal Customer,"Use loyalty programs, cross-selling, and repeat-purchase offers."
15401.0,453,2,216.95000000000002,1,2,1,121,Regular Customer,Use personalized promotions and cross-selling to increase purchase frequency.
15402.0,149,7,1816.64,3,4,4,344,Loyal Customer,"Use loyalty programs, cross-selling, and repeat-purchase offers."
15403.0,492,2,170.88,1,2,1,121,Regular Customer,Use personalized promotions and cross-selling to increase purchase frequency.
15404.0,376,1,257.06,2,1,1,211,Regular Customer,Use personalized promotions and cross-selling to increase purchase frequency.
15405.0,190,2,659.84,3,2,3,323,Regular Customer,Use personalized promotions and cross-selling to increase purchase frequency.
15406.0,19,6,891.77,5,4,3,543,Loyal Customer,"Use loyalty programs, cross-selling, and repeat-purchase offers."
15407.0,34,4,1056.44,4,3,3,433,Regular Customer,Use personalized promotions and cross-selling to increase purchase frequency.
15408.0,265,1,267.18,2,1,2,212,Regular Customer,Use personalized promotions and cross-selling to increase purchase frequency.
15409.0,702,2,117.2,1,2,1,121,Regular Customer,Use personalized promotions and cross-selling to increase purchase frequency.
15410.0,85,10,4685.72,3,5,5,355,Loyal Customer,"Use loyalty programs, cross-selling, and repeat-purchase offers."
15411.0,27,5,1346.38,4,4,4,444,VIP Customer,"Provide premium offers, loyalty rewards, and personalized recommendations."
15412.0,172,1,190.53,3,1,1,311,Regular Customer,Use personalized promotions and cross-selling to increase purchase frequency.
15413.0,431,7,-2531.3799999999997,1,4,1,141,At Risk,"Launch re-engagement campaigns, targeted discounts, and reminders to bring customers back."
15414.0,10,3,774.9000000000001,5,3,3,533,Regular Customer,Use personalized promotions and cross-selling to increase purchase frequency.
15415.0,314,1,572.8100000000001,2,1,2,212,Regular Customer,Use personalized promotions and cross-selling to increase purchase frequency.
15416.0,65,9,4554.65,3,4,5,345,Loyal Customer,"Use loyalty programs, cross-selling, and repeat-purchase offers."
15417.0,86,1,508.8,3,1,2,312,Regular Customer,Use personalized promotions and cross-selling to increase purchase frequency.
15418.0,426,2,452.32,1,2,2,122,Regular Customer,Use personalized promotions and cross-selling to increase purchase frequency.
15419.0,25,1,135.86,4,1,1,411,Recent Customer,Send welcome offers and personalized product recommendations to encourage a second purchase.
15420.0,435,6,743.0,1,4,3,143,At Risk,"Launch re-engagement campaigns, targeted discounts, and reminders to bring customers back."
15421.0,59,10,3805.34,4,5,5,455,VIP Customer,"Provide premium offers, loyalty rewards, and personalized recommendations."
15422.0,324,8,1615.02,2,4,4,244,At Risk,"Launch re-engagement campaigns, targeted discounts, and reminders to bring customers back."
15423.0,39,4,219.14,4,3,1,431,Regular Customer,Use personalized promotions and cross-selling to increase purchase frequency.
15424.0,255,3,597.78,2,3,3,233,At Risk,"Launch re-engagement campaigns, targeted discounts, and reminders to bring customers back."
15425.0,401,4,1944.57,2,3,4,234,At Risk,"Launch re-engagement campaigns, targeted discounts, and reminders to bring customers back."
15426.0,20,11,2592.95,4,5,4,454,VIP Customer,"Provide premium offers, loyalty rewards, and personalized recommendations."
15427.0,34,3,1483.14,4,3,4,434,Regular Customer,Use personalized promotions and cross-selling to increase purchase frequency.
15428.0,16,4,762.75,5,3,3,533,Regular Customer,Use personalized promotions and cross-selling to increase purchase frequency.
15429.0,27,3,364.90000000000003,4,3,2,432,Regular Customer,Use personalized promotions and cross-selling to increase purchase frequency.
15430.0,468,3,903.75,1,3,3,133,At Risk,"Launch re-engagement campaigns, targeted discounts, and reminders to bring customers back."
15431.0,503,1,153.24,1,1,1,111,Regular Customer,Use personalized promotions and cross-selling to increase purchase frequency.
15432.0,24,4,301.26,4,3,2,432,Regular Customer,Use personalized promotions and cross-selling to increase purchase frequency.
15433.0,80,3,417.87,3,3,2,332,Regular Customer,Use personalized promotions and cross-selling to increase purchase frequency.
15434.0,9,13,2517.11,5,5,4,554,VIP Customer,"Provide premium offers, loyalty rewards, and personalized recommendations."
15435.0,23,1,149.29,4,1,1,411,Recent Customer,Send welcome offers and personalized product recommendations to encourage a second purchase.
15436.0,13,3,1122.53,5,3,3,533,Regular Customer,Use personalized promotions and cross-selling to increase purchase frequency.
15437.0,263,2,393.45,2,2,2,222,Regular Customer,Use personalized promotions and cross-selling to increase purchase frequency.
15438.0,132,1,156.57999999999998,3,1,1,311,Regular Customer,Use personalized promotions and cross-selling to increase purchase frequency.
15439.0,405,4,1269.05,2,3,4,234,At Risk,"Launch re-engagement campaigns, targeted discounts, and reminders to bring customers back."
15440.0,55,3,383.68,4,3,2,432,Regular Customer,Use personalized promotions and cross-selling to increase purchase frequency.
15441.0,397,3,1254.21,2,3,4,234,At Risk,"Launch re-engagement campaigns, targeted discounts, and reminders to bring customers back."
15442.0,249,1,594.0,2,1,3,213,Regular Customer,Use personalized promotions and cross-selling to increase purchase frequency.
15443.0,2,16,5116.14,5,5,5,555,VIP Customer,"Provide premium offers, loyalty rewards, and personalized recommendations."
15444.0,10,2,1418.26,5,2,4,524,Recent Customer,Send welcome offers and personalized product recommendations to encourage a second purchase.
15445.0,265,2,284.5,2,2,2,222,Regular Customer,Use personalized promotions and cross-selling to increase purchase frequency.
15446.0,377,5,398.85,2,4,2,242,At Risk,"Launch re-engagement campaigns, targeted discounts, and reminders to bring customers back."
15447.0,331,6,484.93,2,4,2,242,At Risk,"Launch re-engagement campaigns, targeted discounts, and reminders to bring customers back."
15448.0,313,2,788.81,2,2,3,223,Regular Customer,Use personalized promotions and cross-selling to increase purchase frequency.
15449.0,27,5,971.22,4,4,3,443,Loyal Customer,"Use loyalty programs, cross-selling, and repeat-purchase offers."
15450.0,31,1,429.84,4,1,2,412,Recent Customer,Send welcome offers and personalized product recommendations to encourage a second purchase.
15451.0,435,2,233.21,1,2,1,121,Regular Customer,Use personalized promotions and cross-selling to increase purchase frequency.
15452.0,30,6,1799.1100000000001,4,4,4,444,VIP Customer,"Provide premium offers, loyalty rewards, and personalized recommendations."
15453.0,2,7,1388.37,5,4,4,544,VIP Customer,"Provide premium offers, loyalty rewards, and personalized recommendations."
15454.0,363,2,307.69,2,2,2,222,Regular Customer,Use personalized promotions and cross-selling to increase purchase frequency.
15455.0,598,1,38.25,1,1,1,111,Regular Customer,Use personalized promotions and cross-selling to increase purchase frequency.
15456.0,284,10,2119.27,2,5,4,254,At Risk,"Launch re-engagement campaigns, targeted discounts, and reminders to bring customers back."
15457.0,263,1,237.07,2,1,1,211,Regular Customer,Use personalized promotions and cross-selling to increase purchase frequency.
15458.0,26,2,370.43999999999994,4,2,2,422,Recent Customer,Send welcome offers and personalized product recommendations to encourage a second purchase.
15459.0,418,2,202.82999999999998,1,2,1,121,Regular Customer,Use personalized promotions and cross-selling to increase purchase frequency.
15460.0,355,1,216.76,2,1,1,211,Regular Customer,Use personalized promotions and cross-selling to increase purchase frequency.
15461.0,461,3,391.29999999999995,1,3,2,132,At Risk,"Launch re-engagement campaigns, targeted discounts, and reminders to bring customers back."
15462.0,95,4,737.05,3,3,3,333,Regular Customer,Use personalized promotions and cross-selling to increase purchase frequency.
15463.0,30,1,126.14,4,1,1,411,Recent Customer,Send welcome offers and personalized product recommendations to encourage a second purchase.
15464.0,339,1,1048.85,2,1,3,213,Regular Customer,Use personalized promotions and cross-selling to increase purchase frequency.
15465.0,20,39,12226.15,4,5,5,455,VIP Customer,"Provide premium offers, loyalty rewards, and personalized recommendations."
15466.0,86,4,1571.01,3,3,4,334,Regular Customer,Use personalized promotions and cross-selling to increase purchase frequency.
15467.0,10,4,511.88,5,3,2,532,Regular Customer,Use personalized promotions and cross-selling to increase purchase frequency.
15468.0,36,7,1387.48,4,4,4,444,VIP Customer,"Provide premium offers, loyalty rewards, and personalized recommendations."
15469.0,44,6,834.4,4,4,3,443,Loyal Customer,"Use loyalty programs, cross-selling, and repeat-purchase offers."
15470.0,576,1,63.419999999999995,1,1,1,111,Regular Customer,Use personalized promotions and cross-selling to increase purchase frequency.
15471.0,3,3,1316.56,5,3,4,534,Regular Customer,Use personalized promotions and cross-selling to increase purchase frequency.
15472.0,114,1,371.56,3,1,2,312,Regular Customer,Use personalized promotions and cross-selling to increase purchase frequency.
15473.0,15,11,1740.0,5,5,4,554,VIP Customer,"Provide premium offers, loyalty rewards, and personalized recommendations."
15474.0,596,1,163.1,1,1,1,111,Regular Customer,Use personalized promotions and cross-selling to increase purchase frequency.
15475.0,78,1,454.10999999999996,3,1,2,312,Regular Customer,Use personalized promotions and cross-selling to increase purchase frequency.
15476.0,381,5,2180.28,2,4,4,244,At Risk,"Launch re-engagement campaigns, targeted discounts, and reminders to bring customers back."
15477.0,650,1,368.4,1,1,2,112,Regular Customer,Use personalized promotions and cross-selling to increase purchase frequency.
15478.0,41,3,2024.98,4,3,4,434,Regular Customer,Use personalized promotions and cross-selling to increase purchase frequency.
15479.0,734,1,147.4,1,1,1,111,Regular Customer,Use personalized promotions and cross-selling to increase purchase frequency.
15480.0,117,7,3592.25,3,4,5,345,Loyal Customer,"Use loyalty programs, cross-selling, and repeat-purchase offers."
15481.0,402,1,1993.34,2,1,4,214,Regular Customer,Use personalized promotions and cross-selling to increase purchase frequency.
15482.0,16,24,8107.83,5,5,5,555,VIP Customer,"Provide premium offers, loyalty rewards, and personalized recommendations."
15483.0,162,10,862.2,3,5,3,353,Loyal Customer,"Use loyalty programs, cross-selling, and repeat-purchase offers."
15484.0,2,7,4624.8,5,4,5,545,VIP Customer,"Provide premium offers, loyalty rewards, and personalized recommendations."
15485.0,31,8,5624.51,4,4,5,445,VIP Customer,"Provide premium offers, loyalty rewards, and personalized recommendations."
15486.0,528,1,102.0,1,1,1,111,Regular Customer,Use personalized promotions and cross-selling to increase purchase frequency.
15487.0,680,1,231.32,1,1,1,111,Regular Customer,Use personalized promotions and cross-selling to increase purchase frequency.
15488.0,93,5,431.92,3,4,2,342,Loyal Customer,"Use loyalty programs, cross-selling, and repeat-purchase offers."
15489.0,23,12,2327.36,4,5,4,454,VIP Customer,"Provide premium offers, loyalty rewards, and personalized recommendations."
15490.0,431,2,188.1,1,2,1,121,Regular Customer,Use personalized promotions and cross-selling to increase purchase frequency.
15491.0,96,7,3090.85,3,4,5,345,Loyal Customer,"Use loyalty programs, cross-selling, and repeat-purchase offers."
15492.0,29,2,659.4599999999999,4,2,3,423,Recent Customer,Send welcome offers and personalized product recommendations to encourage a second purchase.
15493.0,33,11,4280.43,4,5,5,455,VIP Customer,"Provide premium offers, loyalty rewards, and personalized recommendations."
15494.0,22,6,3770.95,4,4,5,445,VIP Customer,"Provide premium offers, loyalty rewards, and personalized recommendations."
15495.0,380,1,246.5,2,1,1,211,Regular Customer,Use personalized promotions and cross-selling to increase purchase frequency.
15496.0,632,1,146.14000000000001,1,1,1,111,Regular Customer,Use personalized promotions and cross-selling to increase purchase frequency.
15497.0,18,11,8643.46,5,5,5,555,VIP Customer,"Provide premium offers, loyalty rewards, and personalized recommendations."
15498.0,1,55,23860.81,5,5,5,555,VIP Customer,"Provide premium offers, loyalty rewards, and personalized recommendations."
15499.0,724,1,161.6,1,1,1,111,Regular Customer,Use personalized promotions and cross-selling to increase purchase frequency.
15500.0,9,4,1131.56,5,3,3,533,Regular Customer,Use personalized promotions and cross-selling to increase purchase frequency.
15501.0,405,2,402.5,2,2,2,222,Regular Customer,Use personalized promotions and cross-selling to increase purchase frequency.
15502.0,16,27,8673.53,5,5,5,555,VIP Customer,"Provide premium offers, loyalty rewards, and personalized recommendations."
15503.0,363,2,267.15,2,2,2,222,Regular Customer,Use personalized promotions and cross-selling to increase purchase frequency.
15504.0,82,5,413.9,3,4,2,342,Loyal Customer,"Use loyalty programs, cross-selling, and repeat-purchase offers."
15505.0,53,7,3497.14,4,4,5,445,VIP Customer,"Provide premium offers, loyalty rewards, and personalized recommendations."
15506.0,23,6,2040.03,4,4,4,444,VIP Customer,"Provide premium offers, loyalty rewards, and personalized recommendations."
15507.0,172,1,492.36,3,1,2,312,Regular Customer,Use personalized promotions and cross-selling to increase purchase frequency.
15508.0,190,6,1000.27,3,4,3,343,Loyal Customer,"Use loyalty programs, cross-selling, and repeat-purchase offers."
15509.0,381,1,166.51,2,1,1,211,Regular Customer,Use personalized promotions and cross-selling to increase purchase frequency.
15510.0,331,1,250.0,2,1,1,211,Regular Customer,Use personalized promotions and cross-selling to increase purchase frequency.
15511.0,12,5,909.23,5,4,3,543,Loyal Customer,"Use loyalty programs, cross-selling, and repeat-purchase offers."
15512.0,156,4,331.58,3,3,2,332,Regular Customer,Use personalized promotions and cross-selling to increase purchase frequency.
15513.0,32,41,27264.45,4,5,5,455,VIP Customer,"Provide premium offers, loyalty rewards, and personalized recommendations."
15514.0,13,20,5422.28,5,5,5,555,VIP Customer,"Provide premium offers, loyalty rewards, and personalized recommendations."
15515.0,388,1,171.81,2,1,1,211,Regular Customer,Use personalized promotions and cross-selling to increase purchase frequency.
15516.0,45,3,62.43,4,3,1,431,Regular Customer,Use personalized promotions and cross-selling to increase purchase frequency.
15517.0,234,1,267.03,2,1,2,212,Regular Customer,Use personalized promotions and cross-selling to increase purchase frequency.
15518.0,65,23,4103.78,3,5,5,355,Loyal Customer,"Use loyalty programs, cross-selling, and repeat-purchase offers."
15519.0,384,2,344.61,2,2,2,222,Regular Customer,Use personalized promotions and cross-selling to increase purchase frequency.
15520.0,2,1,343.5,5,1,2,512,Recent Customer,Send welcome offers and personalized product recommendations to encourage a second purchase.
15521.0,37,24,6674.44,4,5,5,455,VIP Customer,"Provide premium offers, loyalty rewards, and personalized recommendations."
15522.0,33,2,398.84,4,2,2,422,Recent Customer,Send welcome offers and personalized product recommendations to encourage a second purchase.
15523.0,85,18,17220.04,3,5,5,355,Loyal Customer,"Use loyalty programs, cross-selling, and repeat-purchase offers."
15524.0,25,2,591.4,4,2,3,423,Recent Customer,Send welcome offers and personalized product recommendations to encourage a second purchase.
15525.0,3,5,1280.8,5,4,4,544,VIP Customer,"Provide premium offers, loyalty rewards, and personalized recommendations."
15526.0,34,2,148.44,4,2,1,421,Recent Customer,Send welcome offers and personalized product recommendations to encourage a second purchase.
15527.0,19,31,5041.78,5,5,5,555,VIP Customer,"Provide premium offers, loyalty rewards, and personalized recommendations."
15528.0,255,1,229.33,2,1,1,211,Regular Customer,Use personalized promotions and cross-selling to increase purchase frequency.
15529.0,23,13,5084.5,4,5,5,455,VIP Customer,"Provide premium offers, loyalty rewards, and personalized recommendations."
15530.0,22,5,1813.72,4,4,4,444,VIP Customer,"Provide premium offers, loyalty rewards, and personalized recommendations."
15531.0,9,2,2007.44,5,2,4,524,Recent Customer,Send welcome offers and personalized product recommendations to encourage a second purchase.
15532.0,26,12,3708.05,4,5,5,455,VIP Customer,"Provide premium offers, loyalty rewards, and personalized recommendations."
15533.0,20,5,746.92,4,4,3,443,Loyal Customer,"Use loyalty programs, cross-selling, and repeat-purchase offers."
15534.0,726,1,162.25,1,1,1,111,Regular Customer,Use personalized promotions and cross-selling to increase purchase frequency.
15535.0,174,10,985.82,3,5,3,353,Loyal Customer,"Use loyalty programs, cross-selling, and repeat-purchase offers."
15536.0,410,1,259.09,2,1,1,211,Regular Customer,Use personalized promotions and cross-selling to increase purchase frequency.
15537.0,164,1,110.92,3,1,1,311,Regular Customer,Use personalized promotions and cross-selling to increase purchase frequency.
15538.0,538,11,3027.15,1,5,5,155,At Risk,"Launch re-engagement campaigns, targeted discounts, and reminders to bring customers back."
15539.0,8,1,538.46,5,1,2,512,Recent Customer,Send welcome offers and personalized product recommendations to encourage a second purchase.
15540.0,12,2,460.68,5,2,2,522,Recent Customer,Send welcome offers and personalized product recommendations to encourage a second purchase.
15541.0,115,1,85.13000000000001,3,1,1,311,Regular Customer,Use personalized promotions and cross-selling to increase purchase frequency.
15542.0,513,4,895.9,1,3,3,133,At Risk,"Launch re-engagement campaigns, targeted discounts, and reminders to bring customers back."
15543.0,289,2,242.84,2,2,1,221,Regular Customer,Use personalized promotions and cross-selling to increase purchase frequency.
15544.0,9,26,8134.12,5,5,5,555,VIP Customer,"Provide premium offers, loyalty rewards, and personalized recommendations."
15545.0,55,2,428.05,4,2,2,422,Recent Customer,Send welcome offers and personalized product recommendations to encourage a second purchase.
15546.0,607,3,539.5500000000001,1,3,2,132,At Risk,"Launch re-engagement campaigns, targeted discounts, and reminders to bring customers back."
15547.0,8,28,10140.89,5,5,5,555,VIP Customer,"Provide premium offers, loyalty rewards, and personalized recommendations."
15548.0,596,1,158.09,1,1,1,111,Regular Customer,Use personalized promotions and cross-selling to increase purchase frequency.
15549.0,78,9,2308.46,3,4,4,344,Loyal Customer,"Use loyalty programs, cross-selling, and repeat-purchase offers."
15550.0,5,14,1995.6,5,5,4,554,VIP Customer,"Provide premium offers, loyalty rewards, and personalized recommendations."
15551.0,37,9,1659.28,4,4,4,444,VIP Customer,"Provide premium offers, loyalty rewards, and personalized recommendations."
15552.0,218,2,252.52,2,2,1,221,Regular Customer,Use personalized promotions and cross-selling to increase purchase frequency.
15553.0,61,1,437.23,3,1,2,312,Regular Customer,Use personalized promotions and cross-selling to increase purchase frequency.
15554.0,278,1,217.2,2,1,1,211,Regular Customer,Use personalized promotions and cross-selling to increase purchase frequency.
15555.0,13,46,11744.08,5,5,5,555,VIP Customer,"Provide premium offers, loyalty rewards, and personalized recommendations."
15556.0,25,1,279.77,4,1,2,412,Recent Customer,Send welcome offers and personalized product recommendations to encourage a second purchase.
15557.0,29,1,473.65000000000003,4,1,2,412,Recent Customer,Send welcome offers and personalized product recommendations to encourage a second purchase.
15558.0,640,2,143.32999999999998,1,2,1,121,Regular Customer,Use personalized promotions and cross-selling to increase purchase frequency.
15559.0,569,1,1109.4,1,1,3,113,Regular Customer,Use personalized promotions and cross-selling to increase purchase frequency.
15560.0,398,2,153.52,2,2,1,221,Regular Customer,Use personalized promotions and cross-selling to increase purchase frequency.
15561.0,12,9,1856.54,5,4,4,544,VIP Customer,"Provide premium offers, loyalty rewards, and personalized recommendations."
15562.0,352,3,673.3800000000001,2,3,3,233,At Risk,"Launch re-engagement campaigns, targeted discounts, and reminders to bring customers back."
15563.0,9,11,2781.21,5,5,4,554,VIP Customer,"Provide premium offers, loyalty rewards, and personalized recommendations."
15564.0,464,2,70.74000000000001,1,2,1,121,Regular Customer,Use personalized promotions and cross-selling to increase purchase frequency.
15565.0,51,2,173.16,4,2,1,421,Recent Customer,Send welcome offers and personalized product recommendations to encourage a second purchase.
15566.0,393,2,227.87,2,2,1,221,Regular Customer,Use personalized promotions and cross-selling to increase purchase frequency.
15567.0,19,1,186.01,5,1,1,511,Recent Customer,Send welcome offers and personalized product recommendations to encourage a second purchase.
15568.0,3,3,758.29,5,3,3,533,Regular Customer,Use personalized promotions and cross-selling to increase purchase frequency.
15569.0,104,10,3586.35,3,5,5,355,Loyal Customer,"Use loyalty programs, cross-selling, and repeat-purchase offers."
15570.0,8,27,9246.99,5,5,5,555,VIP Customer,"Provide premium offers, loyalty rewards, and personalized recommendations."
15571.0,12,14,4051.63,5,5,5,555,VIP Customer,"Provide premium offers, loyalty rewards, and personalized recommendations."
15572.0,5,10,4068.67,5,5,5,555,VIP Customer,"Provide premium offers, loyalty rewards, and personalized recommendations."
15573.0,32,5,1207.18,4,4,4,444,VIP Customer,"Provide premium offers, loyalty rewards, and personalized recommendations."
15574.0,178,7,1476.7,3,4,4,344,Loyal Customer,"Use loyalty programs, cross-selling, and repeat-purchase offers."
15575.0,620,1,30.1,1,1,1,111,Regular Customer,Use personalized promotions and cross-selling to increase purchase frequency.
15576.0,38,1,940.6700000000001,4,1,3,413,Recent Customer,Send welcome offers and personalized product recommendations to encourage a second purchase.
15577.0,152,5,397.98,3,4,2,342,Loyal Customer,"Use loyalty programs, cross-selling, and repeat-purchase offers."
15578.0,163,1,127.1,3,1,1,311,Regular Customer,Use personalized promotions and cross-selling to increase purchase frequency.
15579.0,69,7,1267.25,3,4,4,344,Loyal Customer,"Use loyalty programs, cross-selling, and repeat-purchase offers."
15580.0,377,14,1221.95,2,5,4,254,At Risk,"Launch re-engagement campaigns, targeted discounts, and reminders to bring customers back."
15581.0,121,43,5797.780000000001,3,5,5,355,Loyal Customer,"Use loyalty programs, cross-selling, and repeat-purchase offers."
15582.0,25,3,682.9100000000001,4,3,3,433,Regular Customer,Use personalized promotions and cross-selling to increase purchase frequency.
15583.0,377,1,107.86,2,1,1,211,Regular Customer,Use personalized promotions and cross-selling to increase purchase frequency.
15584.0,24,7,1275.0,4,4,4,444,VIP Customer,"Provide premium offers, loyalty rewards, and personalized recommendations."
15585.0,177,1,455.3,3,1,2,312,Regular Customer,Use personalized promotions and cross-selling to increase purchase frequency.
15586.0,592,4,1128.66,1,3,3,133,At Risk,"Launch re-engagement campaigns, targeted discounts, and reminders to bring customers back."
15587.0,51,7,1522.0800000000002,4,4,4,444,VIP Customer,"Provide premium offers, loyalty rewards, and personalized recommendations."
15588.0,678,1,579.6,1,1,2,112,Regular Customer,Use personalized promotions and cross-selling to increase purchase frequency.
15589.0,253,4,456.58,2,3,2,232,At Risk,"Launch re-engagement campaigns, targeted discounts, and reminders to bring customers back."
15590.0,290,6,1466.41,2,4,4,244,At Risk,"Launch re-engagement campaigns, targeted discounts, and reminders to bring customers back."
15591.0,583,3,217.9,1,3,1,131,At Risk,"Launch re-engagement campaigns, targeted discounts, and reminders to bring customers back."
15592.0,47,1,388.58,4,1,2,412,Recent Customer,Send welcome offers and personalized product recommendations to encourage a second purchase.
15593.0,71,1,199.8,3,1,1,311,Regular Customer,Use personalized promotions and cross-selling to increase purchase frequency.
15594.0,16,6,1767.53,5,4,4,544,VIP Customer,"Provide premium offers, loyalty rewards, and personalized recommendations."
15595.0,488,1,357.6,1,1,2,112,Regular Customer,Use personalized promotions and cross-selling to increase purchase frequency.
15596.0,101,16,3023.59,3,5,5,355,Loyal Customer,"Use loyalty programs, cross-selling, and repeat-purchase offers."
15597.0,30,3,554.52,4,3,2,432,Regular Customer,Use personalized promotions and cross-selling to increase purchase frequency.
15598.0,36,4,543.02,4,3,2,432,Regular Customer,Use personalized promotions and cross-selling to increase purchase frequency.
15599.0,27,3,1250.06,4,3,4,434,Regular Customer,Use personalized promotions and cross-selling to increase purchase frequency.
15600.0,429,5,1178.71,1,4,3,143,At Risk,"Launch re-engagement campaigns, targeted discounts, and reminders to bring customers back."
15601.0,12,35,14919.220000000001,5,5,5,555,VIP Customer,"Provide premium offers, loyalty rewards, and personalized recommendations."
15602.0,9,25,2975.9700000000003,5,5,5,555,VIP Customer,"Provide premium offers, loyalty rewards, and personalized recommendations."
15603.0,79,3,74.73,3,3,1,331,Regular Customer,Use personalized promotions and cross-selling to increase purchase frequency.
15604.0,53,1,216.39,4,1,1,411,Recent Customer,Send welcome offers and personalized product recommendations to encourage a second purchase.
15605.0,37,10,1933.4,4,5,4,454,VIP Customer,"Provide premium offers, loyalty rewards, and personalized recommendations."
15606.0,58,19,4733.47,4,5,5,455,VIP Customer,"Provide premium offers, loyalty rewards, and personalized recommendations."
15607.0,337,13,1578.57,2,5,4,254,At Risk,"Launch re-engagement campaigns, targeted discounts, and reminders to bring customers back."
15608.0,29,5,1785.98,4,4,4,444,VIP Customer,"Provide premium offers, loyalty rewards, and personalized recommendations."
15609.0,183,2,270.03000000000003,3,2,2,322,Regular Customer,Use personalized promotions and cross-selling to increase purchase frequency.
15610.0,52,1,112.46000000000001,4,1,1,411,Recent Customer,Send welcome offers and personalized product recommendations to encourage a second purchase.
15611.0,10,32,2858.37,5,5,4,554,VIP Customer,"Provide premium offers, loyalty rewards, and personalized recommendations."
15612.0,37,2,195.15,4,2,1,421,Recent Customer,Send welcome offers and personalized product recommendations to encourage a second purchase.
15613.0,611,1,433.71999999999997,1,1,2,112,Regular Customer,Use personalized promotions and cross-selling to increase purchase frequency.
15614.0,429,7,3008.86,1,4,5,145,At Risk,"Launch re-engagement campaigns, targeted discounts, and reminders to bring customers back."
15615.0,11,54,21282.07,5,5,5,555,VIP Customer,"Provide premium offers, loyalty rewards, and personalized recommendations."
15616.0,439,1,317.11,1,1,2,112,Regular Customer,Use personalized promotions and cross-selling to increase purchase frequency.
15617.0,397,3,828.5500000000001,2,3,3,233,At Risk,"Launch re-engagement campaigns, targeted discounts, and reminders to bring customers back."
15618.0,33,5,747.031,4,4,3,443,Loyal Customer,"Use loyalty programs, cross-selling, and repeat-purchase offers."
15619.0,11,1,336.40000000000003,5,1,2,512,Recent Customer,Send welcome offers and personalized product recommendations to encourage a second purchase.
15620.0,51,8,1909.93,4,4,4,444,VIP Customer,"Provide premium offers, loyalty rewards, and personalized recommendations."
15621.0,5,6,1158.77,5,4,3,543,Loyal Customer,"Use loyalty programs, cross-selling, and repeat-purchase offers."
15622.0,4,30,7318.08,5,5,5,555,VIP Customer,"Provide premium offers, loyalty rewards, and personalized recommendations."
15623.0,142,8,2437.05,3,4,4,344,Loyal Customer,"Use loyalty programs, cross-selling, and repeat-purchase offers."
15624.0,117,4,588.13,3,3,3,333,Regular Customer,Use personalized promotions and cross-selling to increase purchase frequency.
15625.0,101,14,3203.25,3,5,5,355,Loyal Customer,"Use loyalty programs, cross-selling, and repeat-purchase offers."
15626.0,75,4,1049.37,3,3,3,333,Regular Customer,Use personalized promotions and cross-selling to increase purchase frequency.
15627.0,458,2,566.9,1,2,2,122,Regular Customer,Use personalized promotions and cross-selling to increase purchase frequency.
15628.0,5,21,5603.360000000001,5,5,5,555,VIP Customer,"Provide premium offers, loyalty rewards, and personalized recommendations."
15629.0,451,4,2240.9,1,3,4,134,At Risk,"Launch re-engagement campaigns, targeted discounts, and reminders to bring customers back."
15630.0,46,4,1475.45,4,3,4,434,Regular Customer,Use personalized promotions and cross-selling to increase purchase frequency.
15631.0,643,1,596.67,1,1,3,113,Regular Customer,Use personalized promotions and cross-selling to increase purchase frequency.
15632.0,16,10,3147.31,5,5,5,555,VIP Customer,"Provide premium offers, loyalty rewards, and personalized recommendations."
15633.0,510,18,4173.41,1,5,5,155,At Risk,"Launch re-engagement campaigns, targeted discounts, and reminders to bring customers back."
15634.0,18,2,554.65,5,2,2,522,Recent Customer,Send welcome offers and personalized product recommendations to encourage a second purchase.
15635.0,396,1,100.35,2,1,1,211,Regular Customer,Use personalized promotions and cross-selling to increase purchase frequency.
15636.0,90,4,1444.58,3,3,4,334,Regular Customer,Use personalized promotions and cross-selling to increase purchase frequency.
15637.0,53,5,797.59,4,4,3,443,Loyal Customer,"Use loyalty programs, cross-selling, and repeat-purchase offers."
15638.0,302,9,2137.2,2,4,4,244,At Risk,"Launch re-engagement campaigns, targeted discounts, and reminders to bring customers back."
15639.0,135,5,1028.33,3,4,3,343,Loyal Customer,"Use loyalty programs, cross-selling, and repeat-purchase offers."
15640.0,5,34,23835.41,5,5,5,555,VIP Customer,"Provide premium offers, loyalty rewards, and personalized recommendations."
15641.0,106,12,5345.55,3,5,5,355,Loyal Customer,"Use loyalty programs, cross-selling, and repeat-purchase offers."
15642.0,730,1,105.78000000000002,1,1,1,111,Regular Customer,Use personalized promotions and cross-selling to increase purchase frequency.
15643.0,180,6,647.4,3,4,3,343,Loyal Customer,"Use loyalty programs, cross-selling, and repeat-purchase offers."
15644.0,167,4,813.0,3,3,3,333,Regular Customer,Use personalized promotions and cross-selling to increase purchase frequency.
15645.0,19,4,1042.57,5,3,3,533,Regular Customer,Use personalized promotions and cross-selling to increase purchase frequency.
15646.0,158,6,952.11,3,4,3,343,Loyal Customer,"Use loyalty programs, cross-selling, and repeat-purchase offers."
15647.0,416,1,169.0,1,1,1,111,Regular Customer,Use personalized promotions and cross-selling to increase purchase frequency.
15648.0,205,4,599.9,2,3,3,233,At Risk,"Launch re-engagement campaigns, targeted discounts, and reminders to bring customers back."
15649.0,337,4,2170.35,2,3,4,234,At Risk,"Launch re-engagement campaigns, targeted discounts, and reminders to bring customers back."
15650.0,516,3,539.03,1,3,2,132,At Risk,"Launch re-engagement campaigns, targeted discounts, and reminders to bring customers back."
15651.0,37,5,1259.06,4,4,4,444,VIP Customer,"Provide premium offers, loyalty rewards, and personalized recommendations."
15652.0,92,6,1411.84,3,4,4,344,Loyal Customer,"Use loyalty programs, cross-selling, and repeat-purchase offers."
15653.0,93,2,877.4399999999999,3,2,3,323,Regular Customer,Use personalized promotions and cross-selling to increase purchase frequency.
15654.0,10,2,922.53,5,2,3,523,Recent Customer,Send welcome offers and personalized product recommendations to encourage a second purchase.
15655.0,234,2,511.32,2,2,2,222,Regular Customer,Use personalized promotions and cross-selling to increase purchase frequency.
15656.0,46,4,748.5,4,3,3,433,Regular Customer,Use personalized promotions and cross-selling to increase purchase frequency.
15657.0,23,1,30.0,4,1,1,411,Recent Customer,Send welcome offers and personalized product recommendations to encourage a second purchase.
15658.0,191,13,2270.34,3,5,4,354,Loyal Customer,"Use loyalty programs, cross-selling, and repeat-purchase offers."
15659.0,44,3,532.49,4,3,2,432,Regular Customer,Use personalized promotions and cross-selling to increase purchase frequency.
15660.0,26,18,2764.14,4,5,4,454,VIP Customer,"Provide premium offers, loyalty rewards, and personalized recommendations."
15661.0,318,8,1215.95,2,4,4,244,At Risk,"Launch re-engagement campaigns, targeted discounts, and reminders to bring customers back."
15662.0,662,2,283.73,1,2,2,122,Regular Customer,Use personalized promotions and cross-selling to increase purchase frequency.
15663.0,107,1,138.14,3,1,1,311,Regular Customer,Use personalized promotions and cross-selling to increase purchase frequency.
15664.0,51,7,1212.35,4,4,4,444,VIP Customer,"Provide premium offers, loyalty rewards, and personalized recommendations."
15665.0,169,5,4015.12,3,4,5,345,Loyal Customer,"Use loyalty programs, cross-selling, and repeat-purchase offers."
15666.0,473,2,632.9399999999999,1,2,3,123,Regular Customer,Use personalized promotions and cross-selling to increase purchase frequency.
15667.0,40,1,301.32,4,1,2,412,Recent Customer,Send welcome offers and personalized product recommendations to encourage a second purchase.
15668.0,218,1,76.32000000000001,2,1,1,211,Regular Customer,Use personalized promotions and cross-selling to increase purchase frequency.
15669.0,41,5,677.69,4,4,3,443,Loyal Customer,"Use loyalty programs, cross-selling, and repeat-purchase offers."
15670.0,297,3,315.2,2,3,2,232,At Risk,"Launch re-engagement campaigns, targeted discounts, and reminders to bring customers back."
15671.0,19,10,2635.4900000000002,5,5,4,554,VIP Customer,"Provide premium offers, loyalty rewards, and personalized recommendations."
15672.0,726,1,45.300000000000004,1,1,1,111,Regular Customer,Use personalized promotions and cross-selling to increase purchase frequency.
15673.0,89,10,6409.84,3,5,5,355,Loyal Customer,"Use loyalty programs, cross-selling, and repeat-purchase offers."
15674.0,74,18,6217.85,3,5,5,355,Loyal Customer,"Use loyalty programs, cross-selling, and repeat-purchase offers."
15675.0,82,4,542.04,3,3,2,332,Regular Customer,Use personalized promotions and cross-selling to increase purchase frequency.
15676.0,10,5,3324.09,5,4,5,545,VIP Customer,"Provide premium offers, loyalty rewards, and personalized recommendations."
15677.0,50,3,1305.63,4,3,4,434,Regular Customer,Use personalized promotions and cross-selling to increase purchase frequency.
15678.0,53,3,1893.89,4,3,4,434,Regular Customer,Use personalized promotions and cross-selling to increase purchase frequency.
15679.0,25,4,781.28,4,3,3,433,Regular Customer,Use personalized promotions and cross-selling to increase purchase frequency.
15680.0,10,12,4464.4800000000005,5,5,5,555,VIP Customer,"Provide premium offers, loyalty rewards, and personalized recommendations."
15681.0,19,16,2480.2,5,5,4,554,VIP Customer,"Provide premium offers, loyalty rewards, and personalized recommendations."
15682.0,600,3,316.99,1,3,2,132,At Risk,"Launch re-engagement campaigns, targeted discounts, and reminders to bring customers back."
15683.0,118,2,524.54,3,2,2,322,Regular Customer,Use personalized promotions and cross-selling to increase purchase frequency.
15684.0,548,6,147.8,1,4,1,141,At Risk,"Launch re-engagement campaigns, targeted discounts, and reminders to bring customers back."
15685.0,451,1,55.980000000000004,1,1,1,111,Regular Customer,Use personalized promotions and cross-selling to increase purchase frequency.
15686.0,421,1,90.0,1,1,1,111,Regular Customer,Use personalized promotions and cross-selling to increase purchase frequency.
15687.0,9,11,2981.5,5,5,5,555,VIP Customer,"Provide premium offers, loyalty rewards, and personalized recommendations."
15688.0,419,1,190.57,1,1,1,111,Regular Customer,Use personalized promotions and cross-selling to increase purchase frequency.
15689.0,120,3,521.03,3,3,2,332,Regular Customer,Use personalized promotions and cross-selling to increase purchase frequency.
15690.0,5,2,239.76,5,2,1,521,Recent Customer,Send welcome offers and personalized product recommendations to encourage a second purchase.
15691.0,253,5,511.8,2,4,2,242,At Risk,"Launch re-engagement campaigns, targeted discounts, and reminders to bring customers back."
15692.0,29,1,191.04,4,1,1,411,Recent Customer,Send welcome offers and personalized product recommendations to encourage a second purchase.
15693.0,660,1,37.5,1,1,1,111,Regular Customer,Use personalized promotions and cross-selling to increase purchase frequency.
15694.0,1,29,10566.46,5,5,5,555,VIP Customer,"Provide premium offers, loyalty rewards, and personalized recommendations."
15695.0,267,4,1131.04,2,3,3,233,At Risk,"Launch re-engagement campaigns, targeted discounts, and reminders to bring customers back."
15696.0,34,21,3757.4700000000003,4,5,5,455,VIP Customer,"Provide premium offers, loyalty rewards, and personalized recommendations."
15697.0,690,1,246.75,1,1,1,111,Regular Customer,Use personalized promotions and cross-selling to increase purchase frequency.
15698.0,625,1,46.2,1,1,1,111,Regular Customer,Use personalized promotions and cross-selling to increase purchase frequency.
15699.0,18,1,309.65,5,1,2,512,Recent Customer,Send welcome offers and personalized product recommendations to encourage a second purchase.
15700.0,173,3,664.03,3,3,3,333,Regular Customer,Use personalized promotions and cross-selling to increase purchase frequency.
15701.0,3,4,1542.14,5,3,4,534,Regular Customer,Use personalized promotions and cross-selling to increase purchase frequency.
15702.0,477,2,140.39000000000001,1,2,1,121,Regular Customer,Use personalized promotions and cross-selling to increase purchase frequency.
15703.0,265,1,211.5,2,1,1,211,Regular Customer,Use personalized promotions and cross-selling to increase purchase frequency.
15704.0,141,8,3744.1800000000003,3,4,5,345,Loyal Customer,"Use loyalty programs, cross-selling, and repeat-purchase offers."
15705.0,202,1,143.1,2,1,1,211,Regular Customer,Use personalized promotions and cross-selling to increase purchase frequency.
15706.0,60,7,1001.8100000000001,3,4,3,343,Loyal Customer,"Use loyalty programs, cross-selling, and repeat-purchase offers."
15707.0,36,4,945.58,4,3,3,433,Regular Customer,Use personalized promotions and cross-selling to increase purchase frequency.
15708.0,41,14,4323.9800000000005,4,5,5,455,VIP Customer,"Provide premium offers, loyalty rewards, and personalized recommendations."
15709.0,284,2,327.85,2,2,2,222,Regular Customer,Use personalized promotions and cross-selling to increase purchase frequency.
15710.0,418,1,898.87,1,1,3,113,Regular Customer,Use personalized promotions and cross-selling to increase purchase frequency.
15711.0,557,2,420.25,1,2,2,122,Regular Customer,Use personalized promotions and cross-selling to increase purchase frequency.
15712.0,10,13,3467.46,5,5,5,555,VIP Customer,"Provide premium offers, loyalty rewards, and personalized recommendations."
15713.0,144,6,985.99,3,4,3,343,Loyal Customer,"Use loyalty programs, cross-selling, and repeat-purchase offers."
15714.0,12,5,784.8100000000001,5,4,3,543,Loyal Customer,"Use loyalty programs, cross-selling, and repeat-purchase offers."
15715.0,556,5,658.02,1,4,3,143,At Risk,"Launch re-engagement campaigns, targeted discounts, and reminders to bring customers back."
15716.0,146,11,3056.81,3,5,5,355,Loyal Customer,"Use loyalty programs, cross-selling, and repeat-purchase offers."
15717.0,235,5,607.0,2,4,3,243,At Risk,"Launch re-engagement campaigns, targeted discounts, and reminders to bring customers back."
15718.0,541,1,293.79,1,1,2,112,Regular Customer,Use personalized promotions and cross-selling to increase purchase frequency.
15719.0,33,39,10134.36,4,5,5,455,VIP Customer,"Provide premium offers, loyalty rewards, and personalized recommendations."
15720.0,25,2,741.92,4,2,3,423,Recent Customer,Send welcome offers and personalized product recommendations to encourage a second purchase.
15721.0,12,1,507.08,5,1,2,512,Recent Customer,Send welcome offers and personalized product recommendations to encourage a second purchase.
15722.0,36,15,5120.05,4,5,5,455,VIP Customer,"Provide premium offers, loyalty rewards, and personalized recommendations."
15723.0,365,4,947.65,2,3,3,233,At Risk,"Launch re-engagement campaigns, targeted discounts, and reminders to bring customers back."
15724.0,202,5,299.8,2,4,2,242,At Risk,"Launch re-engagement campaigns, targeted discounts, and reminders to bring customers back."
15725.0,16,1,415.25,5,1,2,512,Recent Customer,Send welcome offers and personalized product recommendations to encourage a second purchase.
15726.0,391,1,321.91,2,1,2,212,Regular Customer,Use personalized promotions and cross-selling to increase purchase frequency.
15727.0,17,15,9445.51,5,5,5,555,VIP Customer,"Provide premium offers, loyalty rewards, and personalized recommendations."
15728.0,50,3,409.80000000000007,4,3,2,432,Regular Customer,Use personalized promotions and cross-selling to increase purchase frequency.
15729.0,199,5,154.70000000000002,2,4,1,241,At Risk,"Launch re-engagement campaigns, targeted discounts, and reminders to bring customers back."
15730.0,66,7,1708.18,3,4,4,344,Loyal Customer,"Use loyalty programs, cross-selling, and repeat-purchase offers."
15731.0,554,1,125.3,1,1,1,111,Regular Customer,Use personalized promotions and cross-selling to increase purchase frequency.
15732.0,213,12,1637.52,2,5,4,254,At Risk,"Launch re-engagement campaigns, targeted discounts, and reminders to bring customers back."
15733.0,283,1,162.3,2,1,1,211,Regular Customer,Use personalized promotions and cross-selling to increase purchase frequency.
15734.0,115,4,2263.3,3,3,4,334,Regular Customer,Use personalized promotions and cross-selling to increase purchase frequency.
15735.0,422,1,327.68,1,1,2,112,Regular Customer,Use personalized promotions and cross-selling to increase purchase frequency.
15736.0,431,3,1717.27,1,3,4,134,At Risk,"Launch re-engagement campaigns, targeted discounts, and reminders to bring customers back."
15737.0,15,12,1121.21,5,5,3,553,Loyal Customer,"Use loyalty programs, cross-selling, and repeat-purchase offers."
15738.0,19,45,13342.12,5,5,5,555,VIP Customer,"Provide premium offers, loyalty rewards, and personalized recommendations."
15739.0,67,1,449.12,3,1,2,312,Regular Customer,Use personalized promotions and cross-selling to increase purchase frequency.
15740.0,50,1,154.88,4,1,1,411,Recent Customer,Send welcome offers and personalized product recommendations to encourage a second purchase.
15741.0,459,2,208.62,1,2,1,121,Regular Customer,Use personalized promotions and cross-selling to increase purchase frequency.
15742.0,620,1,156.87,1,1,1,111,Regular Customer,Use personalized promotions and cross-selling to increase purchase frequency.
15743.0,17,4,784.46,5,3,3,533,Regular Customer,Use personalized promotions and cross-selling to increase purchase frequency.
15744.0,78,1,34.8,3,1,1,311,Regular Customer,Use personalized promotions and cross-selling to increase purchase frequency.
15745.0,9,6,1071.24,5,4,3,543,Loyal Customer,"Use loyalty programs, cross-selling, and repeat-purchase offers."
15746.0,135,2,182.96,3,2,1,321,Regular Customer,Use personalized promotions and cross-selling to increase purchase frequency.
15747.0,13,10,2560.66,5,5,4,554,VIP Customer,"Provide premium offers, loyalty rewards, and personalized recommendations."
15748.0,41,3,614.7600000000001,4,3,3,433,Regular Customer,Use personalized promotions and cross-selling to increase purchase frequency.
15749.0,236,4,21535.9,2,3,5,235,At Risk,"Launch re-engagement campaigns, targeted discounts, and reminders to bring customers back."
15750.0,3,24,6692.551,5,5,5,555,VIP Customer,"Provide premium offers, loyalty rewards, and personalized recommendations."
15751.0,461,14,1318.84,1,5,4,154,At Risk,"Launch re-engagement campaigns, targeted discounts, and reminders to bring customers back."
15752.0,40,10,4199.09,4,5,5,455,VIP Customer,"Provide premium offers, loyalty rewards, and personalized recommendations."
15753.0,305,1,79.2,2,1,1,211,Regular Customer,Use personalized promotions and cross-selling to increase purchase frequency.
15754.0,51,12,3001.86,4,5,5,455,VIP Customer,"Provide premium offers, loyalty rewards, and personalized recommendations."
15755.0,2,20,5936.95,5,5,5,555,VIP Customer,"Provide premium offers, loyalty rewards, and personalized recommendations."
15756.0,62,4,532.96,3,3,2,332,Regular Customer,Use personalized promotions and cross-selling to increase purchase frequency.
15757.0,66,6,2940.36,3,4,5,345,Loyal Customer,"Use loyalty programs, cross-selling, and repeat-purchase offers."
15758.0,25,1,205.25,4,1,1,411,Recent Customer,Send welcome offers and personalized product recommendations to encourage a second purchase.
15759.0,219,10,810.98,2,5,3,253,At Risk,"Launch re-engagement campaigns, targeted discounts, and reminders to bring customers back."
15760.0,631,5,-5795.87,1,4,1,141,At Risk,"Launch re-engagement campaigns, targeted discounts, and reminders to bring customers back."
15761.0,443,1,143.05,1,1,1,111,Regular Customer,Use personalized promotions and cross-selling to increase purchase frequency.
15762.0,66,2,583.75,3,2,2,322,Regular Customer,Use personalized promotions and cross-selling to increase purchase frequency.
15763.0,32,3,1048.67,4,3,3,433,Regular Customer,Use personalized promotions and cross-selling to increase purchase frequency.
15764.0,82,14,4453.28,3,5,5,355,Loyal Customer,"Use loyalty programs, cross-selling, and repeat-purchase offers."
15765.0,667,1,370.63,1,1,2,112,Regular Customer,Use personalized promotions and cross-selling to increase purchase frequency.
15766.0,65,4,799.66,3,3,3,333,Regular Customer,Use personalized promotions and cross-selling to increase purchase frequency.
15767.0,642,2,-242.70000000000002,1,2,1,121,Regular Customer,Use personalized promotions and cross-selling to increase purchase frequency.
15768.0,116,36,15559.46,3,5,5,355,Loyal Customer,"Use loyalty programs, cross-selling, and repeat-purchase offers."
15769.0,8,51,84269.38,5,5,5,555,VIP Customer,"Provide premium offers, loyalty rewards, and personalized recommendations."
15770.0,613,1,321.45,1,1,2,112,Regular Customer,Use personalized promotions and cross-selling to increase purchase frequency.
15771.0,605,3,1006.54,1,3,3,133,At Risk,"Launch re-engagement campaigns, targeted discounts, and reminders to bring customers back."
15772.0,419,1,280.88,1,1,2,112,Regular Customer,Use personalized promotions and cross-selling to increase purchase frequency.
15773.0,6,2,774.52,5,2,3,523,Recent Customer,Send welcome offers and personalized product recommendations to encourage a second purchase.
15774.0,69,7,1324.2,3,4,4,344,Loyal Customer,"Use loyalty programs, cross-selling, and repeat-purchase offers."
15775.0,246,2,150.5,2,2,1,221,Regular Customer,Use personalized promotions and cross-selling to increase purchase frequency.
15776.0,134,1,241.62,3,1,1,311,Regular Customer,Use personalized promotions and cross-selling to increase purchase frequency.
15777.0,242,9,1732.1599999999999,2,4,4,244,At Risk,"Launch re-engagement campaigns, targeted discounts, and reminders to bring customers back."
15778.0,432,1,307.95,1,1,2,112,Regular Customer,Use personalized promotions and cross-selling to increase purchase frequency.
15779.0,464,2,124.08000000000001,1,2,1,121,Regular Customer,Use personalized promotions and cross-selling to increase purchase frequency.
15780.0,184,3,475.28000000000003,3,3,2,332,Regular Customer,Use personalized promotions and cross-selling to increase purchase frequency.
15781.0,26,4,333.56,4,3,2,432,Regular Customer,Use personalized promotions and cross-selling to increase purchase frequency.
15782.0,10,6,3985.65,5,4,5,545,VIP Customer,"Provide premium offers, loyalty rewards, and personalized recommendations."
15783.0,11,1,246.3,5,1,1,511,Recent Customer,Send welcome offers and personalized product recommendations to encourage a second purchase.
15784.0,468,2,848.3299999999999,1,2,3,123,Regular Customer,Use personalized promotions and cross-selling to increase purchase frequency.
15785.0,30,26,5825.33,4,5,5,455,VIP Customer,"Provide premium offers, loyalty rewards, and personalized recommendations."
15786.0,44,9,8392.85,4,4,5,445,VIP Customer,"Provide premium offers, loyalty rewards, and personalized recommendations."
15787.0,27,3,948.05,4,3,3,433,Regular Customer,Use personalized promotions and cross-selling to increase purchase frequency.
15788.0,501,2,215.53,1,2,1,121,Regular Customer,Use personalized promotions and cross-selling to increase purchase frequency.
15789.0,359,7,1932.01,2,4,4,244,At Risk,"Launch re-engagement campaigns, targeted discounts, and reminders to bring customers back."
15790.0,11,1,220.85,5,1,1,511,Recent Customer,Send welcome offers and personalized product recommendations to encourage a second purchase.
15791.0,44,9,3541.79,4,4,5,445,VIP Customer,"Provide premium offers, loyalty rewards, and personalized recommendations."
15792.0,400,2,933.84,2,2,3,223,Regular Customer,Use personalized promotions and cross-selling to increase purchase frequency.
15793.0,10,9,2382.92,5,4,4,544,VIP Customer,"Provide premium offers, loyalty rewards, and personalized recommendations."
15794.0,737,2,777.0,1,2,3,123,Regular Customer,Use personalized promotions and cross-selling to increase purchase frequency.
15795.0,150,8,1979.8700000000001,3,4,4,344,Loyal Customer,"Use loyalty programs, cross-selling, and repeat-purchase offers."
15796.0,2,22,5019.95,5,5,5,555,VIP Customer,"Provide premium offers, loyalty rewards, and personalized recommendations."
15797.0,114,6,2821.08,3,4,4,344,Loyal Customer,"Use loyalty programs, cross-selling, and repeat-purchase offers."
15798.0,493,3,1535.37,1,3,4,134,At Risk,"Launch re-engagement campaigns, targeted discounts, and reminders to bring customers back."
15799.0,76,4,1424.29,3,3,4,334,Regular Customer,Use personalized promotions and cross-selling to increase purchase frequency.
15800.0,108,7,1242.58,3,4,4,344,Loyal Customer,"Use loyalty programs, cross-selling, and repeat-purchase offers."
15801.0,47,4,1042.19,4,3,3,433,Regular Customer,Use personalized promotions and cross-selling to increase purchase frequency.
15802.0,143,3,-451.42,3,3,1,331,Regular Customer,Use personalized promotions and cross-selling to increase purchase frequency.
15803.0,52,4,1929.66,4,3,4,434,Regular Customer,Use personalized promotions and cross-selling to increase purchase frequency.
15804.0,1,19,3848.55,5,5,5,555,VIP Customer,"Provide premium offers, loyalty rewards, and personalized recommendations."
15805.0,24,40,9708.92,4,5,5,455,VIP Customer,"Provide premium offers, loyalty rewards, and personalized recommendations."
15806.0,47,3,784.58,4,3,3,433,Regular Customer,Use personalized promotions and cross-selling to increase purchase frequency.
15807.0,51,6,1807.57,4,4,4,444,VIP Customer,"Provide premium offers, loyalty rewards, and personalized recommendations."
15808.0,307,24,18248.83,2,5,5,255,At Risk,"Launch re-engagement campaigns, targeted discounts, and reminders to bring customers back."
15809.0,36,9,862.88,4,4,3,443,Loyal Customer,"Use loyalty programs, cross-selling, and repeat-purchase offers."
15810.0,79,13,2724.8,3,5,4,354,Loyal Customer,"Use loyalty programs, cross-selling, and repeat-purchase offers."
15811.0,18,10,3843.2200000000003,5,5,5,555,VIP Customer,"Provide premium offers, loyalty rewards, and personalized recommendations."
15812.0,108,13,5186.17,3,5,5,355,Loyal Customer,"Use loyalty programs, cross-selling, and repeat-purchase offers."
15813.0,208,2,1303.9099999999999,2,2,4,224,Regular Customer,Use personalized promotions and cross-selling to increase purchase frequency.
15814.0,4,8,2531.84,5,4,4,544,VIP Customer,"Provide premium offers, loyalty rewards, and personalized recommendations."
15815.0,64,5,2100.6,3,4,4,344,Loyal Customer,"Use loyalty programs, cross-selling, and repeat-purchase offers."
15816.0,543,3,93.3,1,3,1,131,At Risk,"Launch re-engagement campaigns, targeted discounts, and reminders to bring customers back."
15817.0,421,3,2766.4,1,3,4,134,At Risk,"Launch re-engagement campaigns, targeted discounts, and reminders to bring customers back."
15818.0,589,1,340.5,1,1,2,112,Regular Customer,Use personalized promotions and cross-selling to increase purchase frequency.
15819.0,50,11,3911.28,4,5,5,455,VIP Customer,"Provide premium offers, loyalty rewards, and personalized recommendations."
15820.0,320,1,206.98,2,1,1,211,Regular Customer,Use personalized promotions and cross-selling to increase purchase frequency.
15821.0,45,2,570.96,4,2,2,422,Recent Customer,Send welcome offers and personalized product recommendations to encourage a second purchase.
15822.0,4,8,1777.91,5,4,4,544,VIP Customer,"Provide premium offers, loyalty rewards, and personalized recommendations."
15823.0,338,6,3033.86,2,4,5,245,At Risk,"Launch re-engagement campaigns, targeted discounts, and reminders to bring customers back."
15824.0,454,2,890.94,1,2,3,123,Regular Customer,Use personalized promotions and cross-selling to increase purchase frequency.
15825.0,173,1,532.94,3,1,2,312,Regular Customer,Use personalized promotions and cross-selling to increase purchase frequency.
15826.0,52,6,2583.13,4,4,4,444,VIP Customer,"Provide premium offers, loyalty rewards, and personalized recommendations."
15827.0,74,42,3430.96,3,5,5,355,Loyal Customer,"Use loyalty programs, cross-selling, and repeat-purchase offers."
15828.0,376,1,1108.82,2,1,3,213,Regular Customer,Use personalized promotions and cross-selling to increase purchase frequency.
15829.0,100,2,636.14,3,2,3,323,Regular Customer,Use personalized promotions and cross-selling to increase purchase frequency.
15830.0,30,2,547.7,4,2,2,422,Recent Customer,Send welcome offers and personalized product recommendations to encourage a second purchase.
15831.0,59,4,747.76,4,3,3,433,Regular Customer,Use personalized promotions and cross-selling to increase purchase frequency.
15832.0,255,1,836.79,2,1,3,213,Regular Customer,Use personalized promotions and cross-selling to increase purchase frequency.
15833.0,738,1,80.4,1,1,1,111,Regular Customer,Use personalized promotions and cross-selling to increase purchase frequency.
15834.0,71,9,3600.29,3,4,5,345,Loyal Customer,"Use loyalty programs, cross-selling, and repeat-purchase offers."
15835.0,45,4,954.09,4,3,3,433,Regular Customer,Use personalized promotions and cross-selling to increase purchase frequency.
15836.0,46,2,117.47,4,2,1,421,Recent Customer,Send welcome offers and personalized product recommendations to encourage a second purchase.
15837.0,65,2,777.01,3,2,3,323,Regular Customer,Use personalized promotions and cross-selling to increase purchase frequency.
15838.0,12,38,73404.11,5,5,5,555,VIP Customer,"Provide premium offers, loyalty rewards, and personalized recommendations."
15839.0,26,5,1020.74,4,4,3,443,Loyal Customer,"Use loyalty programs, cross-selling, and repeat-purchase offers."
15840.0,59,3,345.66,4,3,2,432,Regular Customer,Use personalized promotions and cross-selling to increase purchase frequency.
15841.0,65,12,2716.5,3,5,4,354,Loyal Customer,"Use loyalty programs, cross-selling, and repeat-purchase offers."
15842.0,389,3,528.75,2,3,2,232,At Risk,"Launch re-engagement campaigns, targeted discounts, and reminders to bring customers back."
15843.0,304,1,118.95000000000002,2,1,1,211,Regular Customer,Use personalized promotions and cross-selling to increase purchase frequency.
15844.0,47,1,130.73999999999998,4,1,1,411,Recent Customer,Send welcome offers and personalized product recommendations to encourage a second purchase.
15845.0,18,14,4273.65,5,5,5,555,VIP Customer,"Provide premium offers, loyalty rewards, and personalized recommendations."
15846.0,386,1,107.01,2,1,1,211,Regular Customer,Use personalized promotions and cross-selling to increase purchase frequency.
15847.0,39,5,822.57,4,4,3,443,Loyal Customer,"Use loyalty programs, cross-selling, and repeat-purchase offers."
15848.0,622,1,139.94,1,1,1,111,Regular Customer,Use personalized promotions and cross-selling to increase purchase frequency.
15849.0,597,1,-5876.34,1,1,1,111,Regular Customer,Use personalized promotions and cross-selling to increase purchase frequency.
15850.0,20,6,1058.72,4,4,3,443,Loyal Customer,"Use loyalty programs, cross-selling, and repeat-purchase offers."
15851.0,527,1,109.73,1,1,1,111,Regular Customer,Use personalized promotions and cross-selling to increase purchase frequency.
15852.0,187,3,257.26,3,3,1,331,Regular Customer,Use personalized promotions and cross-selling to increase purchase frequency.
15853.0,52,1,110.8,4,1,1,411,Recent Customer,Send welcome offers and personalized product recommendations to encourage a second purchase.
15854.0,5,21,5583.81,5,5,5,555,VIP Customer,"Provide premium offers, loyalty rewards, and personalized recommendations."
15855.0,137,6,1052.72,3,4,3,343,Loyal Customer,"Use loyalty programs, cross-selling, and repeat-purchase offers."
15856.0,5,58,33817.44,5,5,5,555,VIP Customer,"Provide premium offers, loyalty rewards, and personalized recommendations."
15857.0,19,2,570.48,5,2,2,522,Recent Customer,Send welcome offers and personalized product recommendations to encourage a second purchase.
15858.0,16,15,3917.87,5,5,5,555,VIP Customer,"Provide premium offers, loyalty rewards, and personalized recommendations."
15859.0,433,1,438.46,1,1,2,112,Regular Customer,Use personalized promotions and cross-selling to increase purchase frequency.
15860.0,41,17,2505.21,4,5,4,454,VIP Customer,"Provide premium offers, loyalty rewards, and personalized recommendations."
15861.0,13,15,4217.99,5,5,5,555,VIP Customer,"Provide premium offers, loyalty rewards, and personalized recommendations."
15862.0,9,13,2928.29,5,5,5,555,VIP Customer,"Provide premium offers, loyalty rewards, and personalized recommendations."
15863.0,26,5,358.7,4,4,2,442,Loyal Customer,"Use loyalty programs, cross-selling, and repeat-purchase offers."
15864.0,23,9,2014.22,4,4,4,444,VIP Customer,"Provide premium offers, loyalty rewards, and personalized recommendations."
15865.0,41,5,2248.92,4,4,4,444,VIP Customer,"Provide premium offers, loyalty rewards, and personalized recommendations."
15866.0,102,1,230.53,3,1,1,311,Regular Customer,Use personalized promotions and cross-selling to increase purchase frequency.
15867.0,6,35,8974.85,5,5,5,555,VIP Customer,"Provide premium offers, loyalty rewards, and personalized recommendations."
15868.0,584,1,94.53,1,1,1,111,Regular Customer,Use personalized promotions and cross-selling to increase purchase frequency.
15869.0,278,3,323.65999999999997,2,3,2,232,At Risk,"Launch re-engagement campaigns, targeted discounts, and reminders to bring customers back."
15870.0,33,4,862.61,4,3,3,433,Regular Customer,Use personalized promotions and cross-selling to increase purchase frequency.
15871.0,438,1,33.099999999999994,1,1,1,111,Regular Customer,Use personalized promotions and cross-selling to increase purchase frequency.
15872.0,15,4,795.68,5,3,3,533,Regular Customer,Use personalized promotions and cross-selling to increase purchase frequency.
15873.0,493,5,138.23999999999998,1,4,1,141,At Risk,"Launch re-engagement campaigns, targeted discounts, and reminders to bring customers back."
15874.0,64,25,11135.0,3,5,5,355,Loyal Customer,"Use loyalty programs, cross-selling, and repeat-purchase offers."
15875.0,647,1,111.72,1,1,1,111,Regular Customer,Use personalized promotions and cross-selling to increase purchase frequency.
15876.0,410,2,1449.1399999999999,2,2,4,224,Regular Customer,Use personalized promotions and cross-selling to increase purchase frequency.
15877.0,2,3,440.78,5,3,2,532,Regular Customer,Use personalized promotions and cross-selling to increase purchase frequency.
15878.0,562,2,330.77,1,2,2,122,Regular Customer,Use personalized promotions and cross-selling to increase purchase frequency.
15879.0,405,4,1157.3,2,3,3,233,At Risk,"Launch re-engagement campaigns, targeted discounts, and reminders to bring customers back."
15880.0,370,2,626.5600000000001,2,2,3,223,Regular Customer,Use personalized promotions and cross-selling to increase purchase frequency.
15881.0,313,8,438.24,2,4,2,242,At Risk,"Launch re-engagement campaigns, targeted discounts, and reminders to bring customers back."
15882.0,199,10,1448.91,2,5,4,254,At Risk,"Launch re-engagement campaigns, targeted discounts, and reminders to bring customers back."
15883.0,3,2,396.48,5,2,2,522,Recent Customer,Send welcome offers and personalized product recommendations to encourage a second purchase.
15884.0,433,3,243.75000000000003,1,3,1,131,At Risk,"Launch re-engagement campaigns, targeted discounts, and reminders to bring customers back."
15885.0,93,20,1737.57,3,5,4,354,Loyal Customer,"Use loyalty programs, cross-selling, and repeat-purchase offers."
15886.0,61,4,1052.8700000000001,3,3,3,333,Regular Customer,Use personalized promotions and cross-selling to increase purchase frequency.
15887.0,407,3,1027.15,2,3,3,233,At Risk,"Launch re-engagement campaigns, targeted discounts, and reminders to bring customers back."
15888.0,80,4,402.12,3,3,2,332,Regular Customer,Use personalized promotions and cross-selling to increase purchase frequency.
15889.0,157,9,1795.83,3,4,4,344,Loyal Customer,"Use loyalty programs, cross-selling, and repeat-purchase offers."
15890.0,395,5,535.65,2,4,2,242,At Risk,"Launch re-engagement campaigns, targeted discounts, and reminders to bring customers back."
15891.0,227,1,524.52,2,1,2,212,Regular Customer,Use personalized promotions and cross-selling to increase purchase frequency.
15892.0,670,1,128.2,1,1,1,111,Regular Customer,Use personalized promotions and cross-selling to increase purchase frequency.
15893.0,482,1,305.28000000000003,1,1,2,112,Regular Customer,Use personalized promotions and cross-selling to increase purchase frequency.
15894.0,254,2,420.29,2,2,2,222,Regular Customer,Use personalized promotions and cross-selling to increase purchase frequency.
15895.0,150,1,179.17,3,1,1,311,Regular Customer,Use personalized promotions and cross-selling to increase purchase frequency.
15896.0,625,1,-1899.67,1,1,1,111,Regular Customer,Use personalized promotions and cross-selling to increase purchase frequency.
15897.0,195,2,222.05,2,2,1,221,Regular Customer,Use personalized promotions and cross-selling to increase purchase frequency.
15898.0,2,29,5534.36,5,5,5,555,VIP Customer,"Provide premium offers, loyalty rewards, and personalized recommendations."
15899.0,369,1,112.5,2,1,1,211,Regular Customer,Use personalized promotions and cross-selling to increase purchase frequency.
15900.0,24,5,890.5,4,4,3,443,Loyal Customer,"Use loyalty programs, cross-selling, and repeat-purchase offers."
15901.0,17,9,684.23,5,4,3,543,Loyal Customer,"Use loyalty programs, cross-selling, and repeat-purchase offers."
15902.0,381,1,145.01,2,1,1,211,Regular Customer,Use personalized promotions and cross-selling to increase purchase frequency.
15903.0,10,15,8859.82,5,5,5,555,VIP Customer,"Provide premium offers, loyalty rewards, and personalized recommendations."
15904.0,9,1,164.68,5,1,1,511,Recent Customer,Send welcome offers and personalized product recommendations to encourage a second purchase.
15905.0,544,1,114.69,1,1,1,111,Regular Customer,Use personalized promotions and cross-selling to increase purchase frequency.
15906.0,20,12,2467.89,4,5,4,454,VIP Customer,"Provide premium offers, loyalty rewards, and personalized recommendations."
15907.0,4,3,967.45,5,3,3,533,Regular Customer,Use personalized promotions and cross-selling to increase purchase frequency.
15908.0,491,2,764.57,1,2,3,123,Regular Customer,Use personalized promotions and cross-selling to increase purchase frequency.
15909.0,174,1,191.94,3,1,1,311,Regular Customer,Use personalized promotions and cross-selling to increase purchase frequency.
15910.0,1,15,2681.8,5,5,4,554,VIP Customer,"Provide premium offers, loyalty rewards, and personalized recommendations."
15911.0,449,10,1401.55,1,5,4,154,At Risk,"Launch re-engagement campaigns, targeted discounts, and reminders to bring customers back."
15912.0,179,9,1074.7,3,4,3,343,Loyal Customer,"Use loyalty programs, cross-selling, and repeat-purchase offers."
15913.0,535,1,6.300000000000001,1,1,1,111,Regular Customer,Use personalized promotions and cross-selling to increase purchase frequency.
15914.0,379,2,205.99,2,2,1,221,Regular Customer,Use personalized promotions and cross-selling to increase purchase frequency.
15915.0,402,1,429.21,2,1,2,212,Regular Customer,Use personalized promotions and cross-selling to increase purchase frequency.
15916.0,17,17,3277.67,5,5,5,555,VIP Customer,"Provide premium offers, loyalty rewards, and personalized recommendations."
15917.0,248,5,560.63,2,4,2,242,At Risk,"Launch re-engagement campaigns, targeted discounts, and reminders to bring customers back."
15918.0,191,3,582.88,3,3,2,332,Regular Customer,Use personalized promotions and cross-selling to increase purchase frequency.
15919.0,20,2,910.61,4,2,3,423,Recent Customer,Send welcome offers and personalized product recommendations to encourage a second purchase.
15920.0,155,9,571.64,3,4,2,342,Loyal Customer,"Use loyalty programs, cross-selling, and repeat-purchase offers."
15921.0,173,4,802.11,3,3,3,333,Regular Customer,Use personalized promotions and cross-selling to increase purchase frequency.
15922.0,373,2,727.2,2,2,3,223,Regular Customer,Use personalized promotions and cross-selling to increase purchase frequency.
15923.0,373,1,254.16,2,1,1,211,Regular Customer,Use personalized promotions and cross-selling to increase purchase frequency.
15924.0,732,1,102.82,1,1,1,111,Regular Customer,Use personalized promotions and cross-selling to increase purchase frequency.
15925.0,195,1,207.15,2,1,1,211,Regular Customer,Use personalized promotions and cross-selling to increase purchase frequency.
15926.0,543,1,134.44,1,1,1,111,Regular Customer,Use personalized promotions and cross-selling to increase purchase frequency.
15927.0,648,1,123.39,1,1,1,111,Regular Customer,Use personalized promotions and cross-selling to increase purchase frequency.
15928.0,657,1,293.53,1,1,2,112,Regular Customer,Use personalized promotions and cross-selling to increase purchase frequency.
15929.0,645,1,594.0,1,1,3,113,Regular Customer,Use personalized promotions and cross-selling to increase purchase frequency.
15930.0,68,1,426.63,3,1,2,312,Regular Customer,Use personalized promotions and cross-selling to increase purchase frequency.
15931.0,429,1,239.9,1,1,1,111,Regular Customer,Use personalized promotions and cross-selling to increase purchase frequency.
15932.0,5,11,2461.85,5,5,4,554,VIP Customer,"Provide premium offers, loyalty rewards, and personalized recommendations."
15933.0,22,3,1107.46,4,3,3,433,Regular Customer,Use personalized promotions and cross-selling to increase purchase frequency.
15934.0,418,2,2190.66,1,2,4,124,Regular Customer,Use personalized promotions and cross-selling to increase purchase frequency.
15935.0,240,3,108.03999999999999,2,3,1,231,At Risk,"Launch re-engagement campaigns, targeted discounts, and reminders to bring customers back."
15936.0,380,2,282.79,2,2,2,222,Regular Customer,Use personalized promotions and cross-selling to increase purchase frequency.
15937.0,65,1,145.35,3,1,1,311,Regular Customer,Use personalized promotions and cross-selling to increase purchase frequency.
15938.0,113,9,734.81,3,4,3,343,Loyal Customer,"Use loyalty programs, cross-selling, and repeat-purchase offers."
15939.0,90,17,9047.64,3,5,5,355,Loyal Customer,"Use loyalty programs, cross-selling, and repeat-purchase offers."
15940.0,312,3,-3.552713678800501e-15,2,3,1,231,At Risk,"Launch re-engagement campaigns, targeted discounts, and reminders to bring customers back."
15941.0,514,2,230.6,1,2,1,121,Regular Customer,Use personalized promotions and cross-selling to increase purchase frequency.
15942.0,134,1,337.44,3,1,2,312,Regular Customer,Use personalized promotions and cross-selling to increase purchase frequency.
15943.0,650,2,271.28999999999996,1,2,2,122,Regular Customer,Use personalized promotions and cross-selling to increase purchase frequency.
15944.0,277,4,2164.24,2,3,4,234,At Risk,"Launch re-engagement campaigns, targeted discounts, and reminders to bring customers back."
15945.0,366,4,827.27,2,3,3,233,At Risk,"Launch re-engagement campaigns, targeted discounts, and reminders to bring customers back."
15946.0,503,3,2304.18,1,3,4,134,At Risk,"Launch re-engagement campaigns, targeted discounts, and reminders to bring customers back."
15947.0,83,1,1708.24,3,1,4,314,Regular Customer,Use personalized promotions and cross-selling to increase purchase frequency.
15948.0,9,3,1509.0900000000001,5,3,4,534,Regular Customer,Use personalized promotions and cross-selling to increase purchase frequency.
15949.0,17,2,364.72,5,2,2,522,Recent Customer,Send welcome offers and personalized product recommendations to encourage a second purchase.
15950.0,2,13,6938.51,5,5,5,555,VIP Customer,"Provide premium offers, loyalty rewards, and personalized recommendations."
15951.0,2,4,974.52,5,3,3,533,Regular Customer,Use personalized promotions and cross-selling to increase purchase frequency.
15952.0,34,4,806.57,4,3,3,433,Regular Customer,Use personalized promotions and cross-selling to increase purchase frequency.
15953.0,16,21,3524.7,5,5,5,555,VIP Customer,"Provide premium offers, loyalty rewards, and personalized recommendations."
15954.0,590,1,190.75,1,1,1,111,Regular Customer,Use personalized promotions and cross-selling to increase purchase frequency.
15955.0,25,25,8622.61,4,5,5,455,VIP Customer,"Provide premium offers, loyalty rewards, and personalized recommendations."
15956.0,552,2,617.6,1,2,3,123,Regular Customer,Use personalized promotions and cross-selling to increase purchase frequency.
15957.0,32,3,930.1,4,3,3,433,Regular Customer,Use personalized promotions and cross-selling to increase purchase frequency.
15958.0,75,4,492.99,3,3,2,332,Regular Customer,Use personalized promotions and cross-selling to increase purchase frequency.
15959.0,683,3,579.49,1,3,2,132,At Risk,"Launch re-engagement campaigns, targeted discounts, and reminders to bring customers back."
15960.0,375,5,394.0,2,4,2,242,At Risk,"Launch re-engagement campaigns, targeted discounts, and reminders to bring customers back."
15961.0,380,1,451.28999999999996,2,1,2,212,Regular Customer,Use personalized promotions and cross-selling to increase purchase frequency.
15962.0,450,1,295.83,1,1,2,112,Regular Customer,Use personalized promotions and cross-selling to increase purchase frequency.
15963.0,20,2,470.76,4,2,2,422,Recent Customer,Send welcome offers and personalized product recommendations to encourage a second purchase.
15964.0,664,1,272.96000000000004,1,1,2,112,Regular Customer,Use personalized promotions and cross-selling to increase purchase frequency.
15965.0,18,14,2999.34,5,5,5,555,VIP Customer,"Provide premium offers, loyalty rewards, and personalized recommendations."
15966.0,445,2,399.58,1,2,2,122,Regular Customer,Use personalized promotions and cross-selling to increase purchase frequency.
15967.0,24,13,3019.2,4,5,5,455,VIP Customer,"Provide premium offers, loyalty rewards, and personalized recommendations."
15968.0,389,1,418.05,2,1,2,212,Regular Customer,Use personalized promotions and cross-selling to increase purchase frequency.
15969.0,3,6,1043.85,5,4,3,543,Loyal Customer,"Use loyalty programs, cross-selling, and repeat-purchase offers."
15970.0,304,2,1017.32,2,2,3,223,Regular Customer,Use personalized promotions and cross-selling to increase purchase frequency.
15971.0,18,20,4930.43,5,5,5,555,VIP Customer,"Provide premium offers, loyalty rewards, and personalized recommendations."
15972.0,457,5,1810.27,1,4,4,144,At Risk,"Launch re-engagement campaigns, targeted discounts, and reminders to bring customers back."
15973.0,236,5,780.39,2,4,3,243,At Risk,"Launch re-engagement campaigns, targeted discounts, and reminders to bring customers back."
15974.0,40,8,3429.55,4,4,5,445,VIP Customer,"Provide premium offers, loyalty rewards, and personalized recommendations."
15975.0,85,1,371.01,3,1,2,312,Regular Customer,Use personalized promotions and cross-selling to increase purchase frequency.
15976.0,166,6,1746.6399999999999,3,4,4,344,Loyal Customer,"Use loyalty programs, cross-selling, and repeat-purchase offers."
15977.0,18,2,1054.73,5,2,3,523,Recent Customer,Send welcome offers and personalized product recommendations to encourage a second purchase.
15978.0,78,5,3272.62,3,4,5,345,Loyal Customer,"Use loyalty programs, cross-selling, and repeat-purchase offers."
15979.0,603,1,329.22,1,1,2,112,Regular Customer,Use personalized promotions and cross-selling to increase purchase frequency.
15980.0,89,9,6546.28,3,4,5,345,Loyal Customer,"Use loyalty programs, cross-selling, and repeat-purchase offers."
15981.0,25,27,9268.07,4,5,5,455,VIP Customer,"Provide premium offers, loyalty rewards, and personalized recommendations."
15982.0,606,1,324.51,1,1,2,112,Regular Customer,Use personalized promotions and cross-selling to increase purchase frequency.
15983.0,23,8,3958.8199999999997,4,4,5,445,VIP Customer,"Provide premium offers, loyalty rewards, and personalized recommendations."
15984.0,3,32,8671.12,5,5,5,555,VIP Customer,"Provide premium offers, loyalty rewards, and personalized recommendations."
15985.0,124,8,2610.28,3,4,4,344,Loyal Customer,"Use loyalty programs, cross-selling, and repeat-purchase offers."
15986.0,31,2,354.42,4,2,2,422,Recent Customer,Send welcome offers and personalized product recommendations to encourage a second purchase.
15987.0,13,8,1682.13,5,4,4,544,VIP Customer,"Provide premium offers, loyalty rewards, and personalized recommendations."
15988.0,20,3,770.09,4,3,3,433,Regular Customer,Use personalized promotions and cross-selling to increase purchase frequency.
15989.0,376,2,372.51,2,2,2,222,Regular Customer,Use personalized promotions and cross-selling to increase purchase frequency.
15990.0,45,7,2010.05,4,4,4,444,VIP Customer,"Provide premium offers, loyalty rewards, and personalized recommendations."
15991.0,535,1,150.55,1,1,1,111,Regular Customer,Use personalized promotions and cross-selling to increase purchase frequency.
15992.0,4,3,896.6,5,3,3,533,Regular Customer,Use personalized promotions and cross-selling to increase purchase frequency.
15993.0,9,10,2756.82,5,5,4,554,VIP Customer,"Provide premium offers, loyalty rewards, and personalized recommendations."
15994.0,55,5,1198.84,4,4,4,444,VIP Customer,"Provide premium offers, loyalty rewards, and personalized recommendations."
15995.0,415,1,696.19,1,1,3,113,Regular Customer,Use personalized promotions and cross-selling to increase purchase frequency.
15996.0,89,8,1671.0,3,4,4,344,Loyal Customer,"Use loyalty programs, cross-selling, and repeat-purchase offers."
15997.0,618,1,-23.4,1,1,1,111,Regular Customer,Use personalized promotions and cross-selling to increase purchase frequency.
15998.0,37,21,8220.39,4,5,5,455,VIP Customer,"Provide premium offers, loyalty rewards, and personalized recommendations."
15999.0,736,1,20.4,1,1,1,111,Regular Customer,Use personalized promotions and cross-selling to increase purchase frequency.
16000.0,3,3,12393.7,5,3,5,535,Regular Customer,Use personalized promotions and cross-selling to increase purchase frequency.
16001.0,382,2,519.06,2,2,2,222,Regular Customer,Use personalized promotions and cross-selling to increase purchase frequency.
16002.0,626,1,169.21,1,1,1,111,Regular Customer,Use personalized promotions and cross-selling to increase purchase frequency.
16003.0,30,10,5613.83,4,5,5,455,VIP Customer,"Provide premium offers, loyalty rewards, and personalized recommendations."
16004.0,475,5,2146.39,1,4,4,144,At Risk,"Launch re-engagement campaigns, targeted discounts, and reminders to bring customers back."
16005.0,13,11,2403.77,5,5,4,554,VIP Customer,"Provide premium offers, loyalty rewards, and personalized recommendations."
16006.0,212,2,347.17,2,2,2,222,Regular Customer,Use personalized promotions and cross-selling to increase purchase frequency.
16007.0,48,7,3075.14,4,4,5,445,VIP Customer,"Provide premium offers, loyalty rewards, and personalized recommendations."
16008.0,24,15,5384.13,4,5,5,455,VIP Customer,"Provide premium offers, loyalty rewards, and personalized recommendations."
16009.0,23,4,992.71,4,3,3,433,Regular Customer,Use personalized promotions and cross-selling to increase purchase frequency.
16010.0,246,12,1722.1100000000001,2,5,4,254,At Risk,"Launch re-engagement campaigns, targeted discounts, and reminders to bring customers back."
16011.0,9,30,5867.01,5,5,5,555,VIP Customer,"Provide premium offers, loyalty rewards, and personalized recommendations."
16012.0,36,5,2989.79,4,4,5,445,VIP Customer,"Provide premium offers, loyalty rewards, and personalized recommendations."
16013.0,4,94,52788.92,5,5,5,555,VIP Customer,"Provide premium offers, loyalty rewards, and personalized recommendations."
16014.0,36,6,1121.02,4,4,3,443,Loyal Customer,"Use loyalty programs, cross-selling, and repeat-purchase offers."
16015.0,4,4,690.54,5,3,3,533,Regular Customer,Use personalized promotions and cross-selling to increase purchase frequency.
16016.0,4,14,2495.04,5,5,4,554,VIP Customer,"Provide premium offers, loyalty rewards, and personalized recommendations."
16017.0,48,5,1553.83,4,4,4,444,VIP Customer,"Provide premium offers, loyalty rewards, and personalized recommendations."
16018.0,40,4,698.13,4,3,3,433,Regular Customer,Use personalized promotions and cross-selling to increase purchase frequency.
16019.0,2,35,16640.15,5,5,5,555,VIP Customer,"Provide premium offers, loyalty rewards, and personalized recommendations."
16020.0,17,3,851.01,5,3,3,533,Regular Customer,Use personalized promotions and cross-selling to increase purchase frequency.
16021.0,396,2,532.25,2,2,2,222,Regular Customer,Use personalized promotions and cross-selling to increase purchase frequency.
16022.0,261,1,628.28,2,1,3,213,Regular Customer,Use personalized promotions and cross-selling to increase purchase frequency.
16023.0,47,3,719.81,4,3,3,433,Regular Customer,Use personalized promotions and cross-selling to increase purchase frequency.
16024.0,13,3,484.2,5,3,2,532,Regular Customer,Use personalized promotions and cross-selling to increase purchase frequency.
16025.0,30,1,439.65999999999997,4,1,2,412,Recent Customer,Send welcome offers and personalized product recommendations to encourage a second purchase.
16026.0,44,1,236.09,4,1,1,411,Recent Customer,Send welcome offers and personalized product recommendations to encourage a second purchase.
16027.0,92,18,1799.8400000000001,3,5,4,354,Loyal Customer,"Use loyalty programs, cross-selling, and repeat-purchase offers."
16028.0,596,1,82.2,1,1,1,111,Regular Customer,Use personalized promotions and cross-selling to increase purchase frequency.
16029.0,39,125,91800.91,4,5,5,455,VIP Customer,"Provide premium offers, loyalty rewards, and personalized recommendations."
16030.0,310,1,331.24,2,1,2,212,Regular Customer,Use personalized promotions and cross-selling to increase purchase frequency.
16031.0,93,2,548.94,3,2,2,322,Regular Customer,Use personalized promotions and cross-selling to increase purchase frequency.
16032.0,457,6,1970.45,1,4,4,144,At Risk,"Launch re-engagement campaigns, targeted discounts, and reminders to bring customers back."
16033.0,6,36,10692.39,5,5,5,555,VIP Customer,"Provide premium offers, loyalty rewards, and personalized recommendations."
16034.0,197,7,925.77,2,4,3,243,At Risk,"Launch re-engagement campaigns, targeted discounts, and reminders to bring customers back."
16035.0,561,1,217.73,1,1,1,111,Regular Customer,Use personalized promotions and cross-selling to increase purchase frequency.
16036.0,88,4,2556.84,3,3,4,334,Regular Customer,Use personalized promotions and cross-selling to increase purchase frequency.
16037.0,270,7,1489.44,2,4,4,244,At Risk,"Launch re-engagement campaigns, targeted discounts, and reminders to bring customers back."
16038.0,8,4,454.33000000000004,5,3,2,532,Regular Customer,Use personalized promotions and cross-selling to increase purchase frequency.
16039.0,424,3,449.65,1,3,2,132,At Risk,"Launch re-engagement campaigns, targeted discounts, and reminders to bring customers back."
16040.0,66,8,2383.7000000000003,3,4,4,344,Loyal Customer,"Use loyalty programs, cross-selling, and repeat-purchase offers."
16041.0,31,3,3166.4,4,3,5,435,Regular Customer,Use personalized promotions and cross-selling to increase purchase frequency.
16042.0,23,11,2153.0,4,5,4,454,VIP Customer,"Provide premium offers, loyalty rewards, and personalized recommendations."
16043.0,38,8,1856.5900000000001,4,4,4,444,VIP Customer,"Provide premium offers, loyalty rewards, and personalized recommendations."
16044.0,436,1,340.84000000000003,1,1,2,112,Regular Customer,Use personalized promotions and cross-selling to increase purchase frequency.
16045.0,120,9,3187.03,3,4,5,345,Loyal Customer,"Use loyalty programs, cross-selling, and repeat-purchase offers."
16046.0,563,1,235.78,1,1,1,111,Regular Customer,Use personalized promotions and cross-selling to increase purchase frequency.
16047.0,683,1,107.14,1,1,1,111,Regular Customer,Use personalized promotions and cross-selling to increase purchase frequency.
16048.0,86,6,1056.53,3,4,3,343,Loyal Customer,"Use loyalty programs, cross-selling, and repeat-purchase offers."
16049.0,41,6,1899.68,4,4,4,444,VIP Customer,"Provide premium offers, loyalty rewards, and personalized recommendations."
16050.0,174,3,300.7,3,3,2,332,Regular Customer,Use personalized promotions and cross-selling to increase purchase frequency.
16051.0,682,1,188.44,1,1,1,111,Regular Customer,Use personalized promotions and cross-selling to increase purchase frequency.
16052.0,55,1,362.06,4,1,2,412,Recent Customer,Send welcome offers and personalized product recommendations to encourage a second purchase.
16053.0,33,8,3606.14,4,4,5,445,VIP Customer,"Provide premium offers, loyalty rewards, and personalized recommendations."
16054.0,146,7,2090.68,3,4,4,344,Loyal Customer,"Use loyalty programs, cross-selling, and repeat-purchase offers."
16055.0,221,1,134.8,2,1,1,211,Regular Customer,Use personalized promotions and cross-selling to increase purchase frequency.
16056.0,46,1,664.85,4,1,3,413,Recent Customer,Send welcome offers and personalized product recommendations to encourage a second purchase.
16057.0,5,17,3202.07,5,5,5,555,VIP Customer,"Provide premium offers, loyalty rewards, and personalized recommendations."
16058.0,407,1,62.7,2,1,1,211,Regular Customer,Use personalized promotions and cross-selling to increase purchase frequency.
16059.0,66,12,3217.77,3,5,5,355,Loyal Customer,"Use loyalty programs, cross-selling, and repeat-purchase offers."
16060.0,401,3,541.95,2,3,2,232,At Risk,"Launch re-engagement campaigns, targeted discounts, and reminders to bring customers back."
16061.0,270,3,44.95,2,3,1,231,At Risk,"Launch re-engagement campaigns, targeted discounts, and reminders to bring customers back."
16062.0,10,8,2863.45,5,4,5,545,VIP Customer,"Provide premium offers, loyalty rewards, and personalized recommendations."
16063.0,261,1,335.32,2,1,2,212,Regular Customer,Use personalized promotions and cross-selling to increase purchase frequency.
16064.0,726,1,111.0,1,1,1,111,Regular Customer,Use personalized promotions and cross-selling to increase purchase frequency.
16065.0,366,10,2365.62,2,5,4,254,At Risk,"Launch re-engagement campaigns, targeted discounts, and reminders to bring customers back."
16066.0,17,5,1521.87,5,4,4,544,VIP Customer,"Provide premium offers, loyalty rewards, and personalized recommendations."
16067.0,563,6,3026.19,1,4,5,145,At Risk,"Launch re-engagement campaigns, targeted discounts, and reminders to bring customers back."
16068.0,594,1,122.93,1,1,1,111,Regular Customer,Use personalized promotions and cross-selling to increase purchase frequency.
16069.0,418,1,457.7,1,1,2,112,Regular Customer,Use personalized promotions and cross-selling to increase purchase frequency.
16070.0,23,2,852.15,4,2,3,423,Recent Customer,Send welcome offers and personalized product recommendations to encourage a second purchase.
16071.0,45,4,1076.8,4,3,3,433,Regular Customer,Use personalized promotions and cross-selling to increase purchase frequency.
16072.0,289,4,4328.89,2,3,5,235,At Risk,"Launch re-engagement campaigns, targeted discounts, and reminders to bring customers back."
16073.0,292,2,94.35,2,2,1,221,Regular Customer,Use personalized promotions and cross-selling to increase purchase frequency.
16074.0,391,1,265.25,2,1,2,212,Regular Customer,Use personalized promotions and cross-selling to increase purchase frequency.
16075.0,503,3,726.98,1,3,3,133,At Risk,"Launch re-engagement campaigns, targeted discounts, and reminders to bring customers back."
16076.0,4,11,2173.53,5,5,4,554,VIP Customer,"Provide premium offers, loyalty rewards, and personalized recommendations."
16077.0,575,2,600.0,1,2,3,123,Regular Customer,Use personalized promotions and cross-selling to increase purchase frequency.
16078.0,284,2,362.99,2,2,2,222,Regular Customer,Use personalized promotions and cross-selling to increase purchase frequency.
16079.0,17,3,1352.0,5,3,4,534,Regular Customer,Use personalized promotions and cross-selling to increase purchase frequency.
16080.0,82,6,472.9,3,4,2,342,Loyal Customer,"Use loyalty programs, cross-selling, and repeat-purchase offers."
16081.0,57,8,4460.18,4,4,5,445,VIP Customer,"Provide premium offers, loyalty rewards, and personalized recommendations."
16082.0,671,1,106.75,1,1,1,111,Regular Customer,Use personalized promotions and cross-selling to increase purchase frequency.
16083.0,101,4,2351.42,3,3,4,334,Regular Customer,Use personalized promotions and cross-selling to increase purchase frequency.
16084.0,300,1,436.18,2,1,2,212,Regular Customer,Use personalized promotions and cross-selling to increase purchase frequency.
16085.0,24,13,2337.73,4,5,4,454,VIP Customer,"Provide premium offers, loyalty rewards, and personalized recommendations."
16086.0,60,11,2862.91,3,5,5,355,Loyal Customer,"Use loyalty programs, cross-selling, and repeat-purchase offers."
16087.0,390,5,1739.92,2,4,4,244,At Risk,"Launch re-engagement campaigns, targeted discounts, and reminders to bring customers back."
16088.0,576,2,1437.43,1,2,4,124,Regular Customer,Use personalized promotions and cross-selling to increase purchase frequency.
16089.0,387,2,271.44,2,2,2,222,Regular Customer,Use personalized promotions and cross-selling to increase purchase frequency.
16090.0,625,1,205.91,1,1,1,111,Regular Customer,Use personalized promotions and cross-selling to increase purchase frequency.
16091.0,155,2,315.06,3,2,2,322,Regular Customer,Use personalized promotions and cross-selling to increase purchase frequency.
16092.0,99,10,1515.49,3,5,4,354,Loyal Customer,"Use loyalty programs, cross-selling, and repeat-purchase offers."
16093.0,107,1,17.0,3,1,1,311,Regular Customer,Use personalized promotions and cross-selling to increase purchase frequency.
16094.0,12,19,3599.16,5,5,5,555,VIP Customer,"Provide premium offers, loyalty rewards, and personalized recommendations."
16095.0,457,1,447.05,1,1,2,112,Regular Customer,Use personalized promotions and cross-selling to increase purchase frequency.
16096.0,265,4,1584.97,2,3,4,234,At Risk,"Launch re-engagement campaigns, targeted discounts, and reminders to bring customers back."
16097.0,241,1,185.04999999999998,2,1,1,211,Regular Customer,Use personalized promotions and cross-selling to increase purchase frequency.
16098.0,88,14,4448.1,3,5,5,355,Loyal Customer,"Use loyalty programs, cross-selling, and repeat-purchase offers."
16099.0,51,8,1568.25,4,4,4,444,VIP Customer,"Provide premium offers, loyalty rewards, and personalized recommendations."
16100.0,463,1,582.64,1,1,2,112,Regular Customer,Use personalized promotions and cross-selling to increase purchase frequency.
16101.0,10,7,3167.42,5,4,5,545,VIP Customer,"Provide premium offers, loyalty rewards, and personalized recommendations."
16102.0,43,3,1842.14,4,3,4,434,Regular Customer,Use personalized promotions and cross-selling to increase purchase frequency.
16103.0,8,27,6002.76,5,5,5,555,VIP Customer,"Provide premium offers, loyalty rewards, and personalized recommendations."
16104.0,62,11,2515.36,3,5,4,354,Loyal Customer,"Use loyalty programs, cross-selling, and repeat-purchase offers."
16105.0,249,5,2386.19,2,4,4,244,At Risk,"Launch re-engagement campaigns, targeted discounts, and reminders to bring customers back."
16106.0,66,1,108.38,3,1,1,311,Regular Customer,Use personalized promotions and cross-selling to increase purchase frequency.
16107.0,18,7,3204.1600000000003,5,4,5,545,VIP Customer,"Provide premium offers, loyalty rewards, and personalized recommendations."
16108.0,85,8,2171.93,3,4,4,344,Loyal Customer,"Use loyalty programs, cross-selling, and repeat-purchase offers."
16109.0,219,4,923.58,2,3,3,233,At Risk,"Launch re-engagement campaigns, targeted discounts, and reminders to bring customers back."
16110.0,46,4,1819.27,4,3,4,434,Regular Customer,Use personalized promotions and cross-selling to increase purchase frequency.
16111.0,429,1,562.48,1,1,2,112,Regular Customer,Use personalized promotions and cross-selling to increase purchase frequency.
16112.0,144,4,195.73999999999998,3,3,1,331,Regular Customer,Use personalized promotions and cross-selling to increase purchase frequency.
16113.0,184,1,161.38,3,1,1,311,Regular Customer,Use personalized promotions and cross-selling to increase purchase frequency.
16114.0,171,1,135.75000000000003,3,1,1,311,Regular Customer,Use personalized promotions and cross-selling to increase purchase frequency.
16115.0,10,12,2575.14,5,5,4,554,VIP Customer,"Provide premium offers, loyalty rewards, and personalized recommendations."
16116.0,206,2,592.88,2,2,3,223,Regular Customer,Use personalized promotions and cross-selling to increase purchase frequency.
16117.0,190,4,650.05,3,3,3,333,Regular Customer,Use personalized promotions and cross-selling to increase purchase frequency.
16118.0,394,5,4255.43,2,4,5,245,At Risk,"Launch re-engagement campaigns, targeted discounts, and reminders to bring customers back."
16119.0,9,8,1720.81,5,4,4,544,VIP Customer,"Provide premium offers, loyalty rewards, and personalized recommendations."
16120.0,60,7,3041.91,3,4,5,345,Loyal Customer,"Use loyalty programs, cross-selling, and repeat-purchase offers."
16121.0,58,6,1457.19,4,4,4,444,VIP Customer,"Provide premium offers, loyalty rewards, and personalized recommendations."
16122.0,74,6,1001.34,3,4,3,343,Loyal Customer,"Use loyalty programs, cross-selling, and repeat-purchase offers."
16123.0,52,1,307.78,4,1,2,412,Recent Customer,Send welcome offers and personalized product recommendations to encourage a second purchase.
16124.0,317,6,1709.39,2,4,4,244,At Risk,"Launch re-engagement campaigns, targeted discounts, and reminders to bring customers back."
16125.0,368,14,4587.65,2,5,5,255,At Risk,"Launch re-engagement campaigns, targeted discounts, and reminders to bring customers back."
16126.0,30,15,14646.800000000001,4,5,5,455,VIP Customer,"Provide premium offers, loyalty rewards, and personalized recommendations."
16127.0,40,2,801.31,4,2,3,423,Recent Customer,Send welcome offers and personalized product recommendations to encourage a second purchase.
16128.0,18,14,3748.4,5,5,5,555,VIP Customer,"Provide premium offers, loyalty rewards, and personalized recommendations."
16129.0,408,3,1396.05,2,3,4,234,At Risk,"Launch re-engagement campaigns, targeted discounts, and reminders to bring customers back."
16130.0,423,4,987.48,1,3,3,133,At Risk,"Launch re-engagement campaigns, targeted discounts, and reminders to bring customers back."
16131.0,52,15,9866.27,4,5,5,455,VIP Customer,"Provide premium offers, loyalty rewards, and personalized recommendations."
16132.0,545,2,664.1999999999999,1,2,3,123,Regular Customer,Use personalized promotions and cross-selling to increase purchase frequency.
16133.0,4,78,22228.88,5,5,5,555,VIP Customer,"Provide premium offers, loyalty rewards, and personalized recommendations."
16134.0,22,7,2119.99,4,4,4,444,VIP Customer,"Provide premium offers, loyalty rewards, and personalized recommendations."
16135.0,263,2,819.45,2,2,3,223,Regular Customer,Use personalized promotions and cross-selling to increase purchase frequency.
16136.0,60,5,921.08,3,4,3,343,Loyal Customer,"Use loyalty programs, cross-selling, and repeat-purchase offers."
16137.0,681,1,422.7,1,1,2,112,Regular Customer,Use personalized promotions and cross-selling to increase purchase frequency.
16138.0,369,4,894.45,2,3,3,233,At Risk,"Launch re-engagement campaigns, targeted discounts, and reminders to bring customers back."
16139.0,19,5,1111.15,5,4,3,543,Loyal Customer,"Use loyalty programs, cross-selling, and repeat-purchase offers."
16140.0,53,5,1536.19,4,4,4,444,VIP Customer,"Provide premium offers, loyalty rewards, and personalized recommendations."
16141.0,89,2,955.94,3,2,3,323,Regular Customer,Use personalized promotions and cross-selling to increase purchase frequency.
16142.0,250,1,535.34,2,1,2,212,Regular Customer,Use personalized promotions and cross-selling to increase purchase frequency.
16143.0,4,16,4866.88,5,5,5,555,VIP Customer,"Provide premium offers, loyalty rewards, and personalized recommendations."
16144.0,247,1,175.2,2,1,1,211,Regular Customer,Use personalized promotions and cross-selling to increase purchase frequency.
16145.0,9,29,6693.6,5,5,5,555,VIP Customer,"Provide premium offers, loyalty rewards, and personalized recommendations."
16146.0,158,4,946.38,3,3,3,333,Regular Customer,Use personalized promotions and cross-selling to increase purchase frequency.
16147.0,134,7,2367.02,3,4,4,344,Loyal Customer,"Use loyalty programs, cross-selling, and repeat-purchase offers."
16148.0,297,4,370.37,2,3,2,232,At Risk,"Launch re-engagement campaigns, targeted discounts, and reminders to bring customers back."
16149.0,5,3,422.22,5,3,2,532,Regular Customer,Use personalized promotions and cross-selling to increase purchase frequency.
16150.0,39,20,4154.69,4,5,5,455,VIP Customer,"Provide premium offers, loyalty rewards, and personalized recommendations."
16151.0,599,1,-4217.59,1,1,1,111,Regular Customer,Use personalized promotions and cross-selling to increase purchase frequency.
16152.0,269,1,1829.04,2,1,4,214,Regular Customer,Use personalized promotions and cross-selling to increase purchase frequency.
16153.0,50,13,5037.51,4,5,5,455,VIP Customer,"Provide premium offers, loyalty rewards, and personalized recommendations."
16154.0,683,1,-10.5,1,1,1,111,Regular Customer,Use personalized promotions and cross-selling to increase purchase frequency.
16155.0,382,6,781.05,2,4,3,243,At Risk,"Launch re-engagement campaigns, targeted discounts, and reminders to bring customers back."
16156.0,9,26,5933.59,5,5,5,555,VIP Customer,"Provide premium offers, loyalty rewards, and personalized recommendations."
16157.0,16,4,644.24,5,3,3,533,Regular Customer,Use personalized promotions and cross-selling to increase purchase frequency.
16158.0,523,10,611.32,1,5,3,153,At Risk,"Launch re-engagement campaigns, targeted discounts, and reminders to bring customers back."
16159.0,282,5,1230.29,2,4,4,244,At Risk,"Launch re-engagement campaigns, targeted discounts, and reminders to bring customers back."
16160.0,65,4,1009.4499999999999,3,3,3,333,Regular Customer,Use personalized promotions and cross-selling to increase purchase frequency.
16161.0,2,57,12448.960000000001,5,5,5,555,VIP Customer,"Provide premium offers, loyalty rewards, and personalized recommendations."
16162.0,253,1,37.4,2,1,1,211,Regular Customer,Use personalized promotions and cross-selling to increase purchase frequency.
16163.0,226,14,2263.63,2,5,4,254,At Risk,"Launch re-engagement campaigns, targeted discounts, and reminders to bring customers back."
16164.0,18,4,802.53,5,3,3,533,Regular Customer,Use personalized promotions and cross-selling to increase purchase frequency.
16165.0,506,1,79.9,1,1,1,111,Regular Customer,Use personalized promotions and cross-selling to increase purchase frequency.
16166.0,429,4,327.48,1,3,2,132,At Risk,"Launch re-engagement campaigns, targeted discounts, and reminders to bring customers back."
16167.0,415,6,1149.8700000000001,1,4,3,143,At Risk,"Launch re-engagement campaigns, targeted discounts, and reminders to bring customers back."
16168.0,11,73,10539.08,5,5,5,555,VIP Customer,"Provide premium offers, loyalty rewards, and personalized recommendations."
16169.0,9,4,1822.97,5,3,4,534,Regular Customer,Use personalized promotions and cross-selling to increase purchase frequency.
16170.0,51,25,6813.67,4,5,5,455,VIP Customer,"Provide premium offers, loyalty rewards, and personalized recommendations."
16171.0,60,1,73.2,3,1,1,311,Regular Customer,Use personalized promotions and cross-selling to increase purchase frequency.
16172.0,96,8,1884.55,3,4,4,344,Loyal Customer,"Use loyalty programs, cross-selling, and repeat-purchase offers."
16173.0,16,7,1406.57,5,4,4,544,VIP Customer,"Provide premium offers, loyalty rewards, and personalized recommendations."
16174.0,127,7,2246.75,3,4,4,344,Loyal Customer,"Use loyalty programs, cross-selling, and repeat-purchase offers."
16175.0,95,7,1836.44,3,4,4,344,Loyal Customer,"Use loyalty programs, cross-selling, and repeat-purchase offers."
16176.0,422,7,1964.04,1,4,4,144,At Risk,"Launch re-engagement campaigns, targeted discounts, and reminders to bring customers back."
16177.0,51,12,2141.61,4,5,4,454,VIP Customer,"Provide premium offers, loyalty rewards, and personalized recommendations."
16178.0,139,2,612.6,3,2,3,323,Regular Customer,Use personalized promotions and cross-selling to increase purchase frequency.
16179.0,61,1,215.83,3,1,1,311,Regular Customer,Use personalized promotions and cross-selling to increase purchase frequency.
16180.0,101,16,16170.27,3,5,5,355,Loyal Customer,"Use loyalty programs, cross-selling, and repeat-purchase offers."
16181.0,74,1,305.54,3,1,2,312,Regular Customer,Use personalized promotions and cross-selling to increase purchase frequency.
16182.0,73,9,9971.65,3,4,5,345,Loyal Customer,"Use loyalty programs, cross-selling, and repeat-purchase offers."
16183.0,68,4,1077.81,3,3,3,333,Regular Customer,Use personalized promotions and cross-selling to increase purchase frequency.
16184.0,65,7,1155.54,3,4,3,343,Loyal Customer,"Use loyalty programs, cross-selling, and repeat-purchase offers."
16185.0,17,3,644.72,5,3,3,533,Regular Customer,Use personalized promotions and cross-selling to increase purchase frequency.
16186.0,23,30,8983.91,4,5,5,455,VIP Customer,"Provide premium offers, loyalty rewards, and personalized recommendations."
16187.0,32,17,6841.24,4,5,5,455,VIP Customer,"Provide premium offers, loyalty rewards, and personalized recommendations."
16188.0,45,6,1077.71,4,4,3,443,Loyal Customer,"Use loyalty programs, cross-selling, and repeat-purchase offers."
16189.0,16,2,215.48,5,2,1,521,Recent Customer,Send welcome offers and personalized product recommendations to encourage a second purchase.
16190.0,41,8,2723.55,4,4,4,444,VIP Customer,"Provide premium offers, loyalty rewards, and personalized recommendations."
16191.0,3,40,15162.12,5,5,5,555,VIP Customer,"Provide premium offers, loyalty rewards, and personalized recommendations."
16192.0,736,1,351.3,1,1,2,112,Regular Customer,Use personalized promotions and cross-selling to increase purchase frequency.
16193.0,237,2,630.43,2,2,3,223,Regular Customer,Use personalized promotions and cross-selling to increase purchase frequency.
16194.0,376,1,308.59999999999997,2,1,2,212,Regular Customer,Use personalized promotions and cross-selling to increase purchase frequency.
16195.0,724,1,323.25,1,1,2,112,Regular Customer,Use personalized promotions and cross-selling to increase purchase frequency.
16196.0,489,1,93.3,1,1,1,111,Regular Customer,Use personalized promotions and cross-selling to increase purchase frequency.
16197.0,470,9,2016.71,1,4,4,144,At Risk,"Launch re-engagement campaigns, targeted discounts, and reminders to bring customers back."
16198.0,76,2,1030.0410000000002,3,2,3,323,Regular Customer,Use personalized promotions and cross-selling to increase purchase frequency.
16199.0,393,7,942.75,2,4,3,243,At Risk,"Launch re-engagement campaigns, targeted discounts, and reminders to bring customers back."
16200.0,5,13,5629.95,5,5,5,555,VIP Customer,"Provide premium offers, loyalty rewards, and personalized recommendations."
16201.0,4,6,2070.17,5,4,4,544,VIP Customer,"Provide premium offers, loyalty rewards, and personalized recommendations."
16202.0,361,11,2467.04,2,5,4,254,At Risk,"Launch re-engagement campaigns, targeted discounts, and reminders to bring customers back."
16203.0,59,7,1110.79,4,4,3,443,Loyal Customer,"Use loyalty programs, cross-selling, and repeat-purchase offers."
16204.0,24,4,939.24,4,3,3,433,Regular Customer,Use personalized promotions and cross-selling to increase purchase frequency.
16205.0,31,7,1830.61,4,4,4,444,VIP Customer,"Provide premium offers, loyalty rewards, and personalized recommendations."
16206.0,55,14,2597.37,4,5,4,454,VIP Customer,"Provide premium offers, loyalty rewards, and personalized recommendations."
16207.0,26,1,394.38,4,1,2,412,Recent Customer,Send welcome offers and personalized product recommendations to encourage a second purchase.
16208.0,45,10,3440.45,4,5,5,455,VIP Customer,"Provide premium offers, loyalty rewards, and personalized recommendations."
16209.0,89,9,4146.78,3,4,5,345,Loyal Customer,"Use loyalty programs, cross-selling, and repeat-purchase offers."
16210.0,2,37,38304.06,5,5,5,555,VIP Customer,"Provide premium offers, loyalty rewards, and personalized recommendations."
16211.0,82,4,1086.34,3,3,3,333,Regular Customer,Use personalized promotions and cross-selling to increase purchase frequency.
16212.0,20,5,1284.56,4,4,4,444,VIP Customer,"Provide premium offers, loyalty rewards, and personalized recommendations."
16213.0,79,1,159.0,3,1,1,311,Regular Customer,Use personalized promotions and cross-selling to increase purchase frequency.
16214.0,171,4,2038.25,3,3,4,334,Regular Customer,Use personalized promotions and cross-selling to increase purchase frequency.
16215.0,81,1,242.35,3,1,1,311,Regular Customer,Use personalized promotions and cross-selling to increase purchase frequency.
16216.0,268,1,914.9300000000001,2,1,3,213,Regular Customer,Use personalized promotions and cross-selling to increase purchase frequency.
16217.0,236,4,259.39000000000004,2,3,2,232,At Risk,"Launch re-engagement campaigns, targeted discounts, and reminders to bring customers back."
16218.0,30,19,4343.6,4,5,5,455,VIP Customer,"Provide premium offers, loyalty rewards, and personalized recommendations."
16219.0,501,1,40.8,1,1,1,111,Regular Customer,Use personalized promotions and cross-selling to increase purchase frequency.
16220.0,729,1,-10.17,1,1,1,111,Regular Customer,Use personalized promotions and cross-selling to increase purchase frequency.
16221.0,37,10,2229.0099999999998,4,5,4,454,VIP Customer,"Provide premium offers, loyalty rewards, and personalized recommendations."
16222.0,319,2,1345.22,2,2,4,224,Regular Customer,Use personalized promotions and cross-selling to increase purchase frequency.
16223.0,375,2,1102.3500000000001,2,2,3,223,Regular Customer,Use personalized promotions and cross-selling to increase purchase frequency.
16224.0,58,5,1616.54,4,4,4,444,VIP Customer,"Provide premium offers, loyalty rewards, and personalized recommendations."
16225.0,45,18,2821.9100000000003,4,5,4,454,VIP Customer,"Provide premium offers, loyalty rewards, and personalized recommendations."
16226.0,204,5,672.1700000000001,2,4,3,243,At Risk,"Launch re-engagement campaigns, targeted discounts, and reminders to bring customers back."
16227.0,220,6,948.82,2,4,3,243,At Risk,"Launch re-engagement campaigns, targeted discounts, and reminders to bring customers back."
16228.0,375,4,886.1600000000001,2,3,3,233,At Risk,"Launch re-engagement campaigns, targeted discounts, and reminders to bring customers back."
16229.0,88,7,2835.36,3,4,4,344,Loyal Customer,"Use loyalty programs, cross-selling, and repeat-purchase offers."
16230.0,190,2,542.03,3,2,2,322,Regular Customer,Use personalized promotions and cross-selling to increase purchase frequency.
16231.0,380,4,1078.22,2,3,3,233,At Risk,"Launch re-engagement campaigns, targeted discounts, and reminders to bring customers back."
16232.0,33,10,2692.02,4,5,4,454,VIP Customer,"Provide premium offers, loyalty rewards, and personalized recommendations."
16233.0,72,12,1818.71,3,5,4,354,Loyal Customer,"Use loyalty programs, cross-selling, and repeat-purchase offers."
16234.0,474,4,312.78,1,3,2,132,At Risk,"Launch re-engagement campaigns, targeted discounts, and reminders to bring customers back."
16235.0,41,11,1990.6100000000001,4,5,4,454,VIP Customer,"Provide premium offers, loyalty rewards, and personalized recommendations."
16236.0,79,1,432.2,3,1,2,312,Regular Customer,Use personalized promotions and cross-selling to increase purchase frequency.
16237.0,438,1,136.65,1,1,1,111,Regular Customer,Use personalized promotions and cross-selling to increase purchase frequency.
16238.0,423,1,63.66,1,1,1,111,Regular Customer,Use personalized promotions and cross-selling to increase purchase frequency.
16239.0,57,7,1450.9,4,4,4,444,VIP Customer,"Provide premium offers, loyalty rewards, and personalized recommendations."
16240.0,9,5,3693.81,5,4,5,545,VIP Customer,"Provide premium offers, loyalty rewards, and personalized recommendations."
16241.0,10,16,4329.31,5,5,5,555,VIP Customer,"Provide premium offers, loyalty rewards, and personalized recommendations."
16242.0,9,18,7433.3,5,5,5,555,VIP Customer,"Provide premium offers, loyalty rewards, and personalized recommendations."
16243.0,34,2,409.1,4,2,2,422,Recent Customer,Send welcome offers and personalized product recommendations to encourage a second purchase.
16244.0,212,2,2579.38,2,2,4,224,Regular Customer,Use personalized promotions and cross-selling to increase purchase frequency.
16245.0,24,5,1352.3600000000001,4,4,4,444,VIP Customer,"Provide premium offers, loyalty rewards, and personalized recommendations."
16246.0,460,2,827.25,1,2,3,123,Regular Customer,Use personalized promotions and cross-selling to increase purchase frequency.
16247.0,171,1,114.56,3,1,1,311,Regular Customer,Use personalized promotions and cross-selling to increase purchase frequency.
16248.0,62,1,152.94,3,1,1,311,Regular Customer,Use personalized promotions and cross-selling to increase purchase frequency.
16249.0,53,5,1800.07,4,4,4,444,VIP Customer,"Provide premium offers, loyalty rewards, and personalized recommendations."
16250.0,262,3,791.38,2,3,3,233,At Risk,"Launch re-engagement campaigns, targeted discounts, and reminders to bring customers back."
16251.0,513,1,128.31,1,1,1,111,Regular Customer,Use personalized promotions and cross-selling to increase purchase frequency.
16252.0,367,2,-295.09,2,2,1,221,Regular Customer,Use personalized promotions and cross-selling to increase purchase frequency.
16253.0,32,9,7276.91,4,4,5,445,VIP Customer,"Provide premium offers, loyalty rewards, and personalized recommendations."
16254.0,379,3,985.14,2,3,3,233,At Risk,"Launch re-engagement campaigns, targeted discounts, and reminders to bring customers back."
16255.0,17,19,4834.39,5,5,5,555,VIP Customer,"Provide premium offers, loyalty rewards, and personalized recommendations."
16256.0,258,4,1609.57,2,3,4,234,At Risk,"Launch re-engagement campaigns, targeted discounts, and reminders to bring customers back."
16257.0,177,1,46.95,3,1,1,311,Regular Customer,Use personalized promotions and cross-selling to increase purchase frequency.
16258.0,46,16,11833.52,4,5,5,455,VIP Customer,"Provide premium offers, loyalty rewards, and personalized recommendations."
16259.0,411,3,361.94,2,3,2,232,At Risk,"Launch re-engagement campaigns, targeted discounts, and reminders to bring customers back."
16260.0,51,1,1035.45,4,1,3,413,Recent Customer,Send welcome offers and personalized product recommendations to encourage a second purchase.
16261.0,18,6,1059.45,5,4,3,543,Loyal Customer,"Use loyalty programs, cross-selling, and repeat-purchase offers."
16262.0,361,3,677.78,2,3,3,233,At Risk,"Launch re-engagement campaigns, targeted discounts, and reminders to bring customers back."
16263.0,424,1,351.01,1,1,2,112,Regular Customer,Use personalized promotions and cross-selling to increase purchase frequency.
16264.0,439,2,837.53,1,2,3,123,Regular Customer,Use personalized promotions and cross-selling to increase purchase frequency.
16265.0,10,15,6893.62,5,5,5,555,VIP Customer,"Provide premium offers, loyalty rewards, and personalized recommendations."
16266.0,74,14,1757.95,3,5,4,354,Loyal Customer,"Use loyalty programs, cross-selling, and repeat-purchase offers."
16267.0,592,1,186.66,1,1,1,111,Regular Customer,Use personalized promotions and cross-selling to increase purchase frequency.
16268.0,72,2,667.65,3,2,3,323,Regular Customer,Use personalized promotions and cross-selling to increase purchase frequency.
16269.0,429,2,714.59,1,2,3,123,Regular Customer,Use personalized promotions and cross-selling to increase purchase frequency.
16270.0,354,1,1141.24,2,1,3,213,Regular Customer,Use personalized promotions and cross-selling to increase purchase frequency.
16271.0,3,11,3457.07,5,5,5,555,VIP Customer,"Provide premium offers, loyalty rewards, and personalized recommendations."
16272.0,117,1,411.7,3,1,2,312,Regular Customer,Use personalized promotions and cross-selling to increase purchase frequency.
16273.0,649,2,336.03999999999996,1,2,2,122,Regular Customer,Use personalized promotions and cross-selling to increase purchase frequency.
16274.0,374,1,715.9,2,1,3,213,Regular Customer,Use personalized promotions and cross-selling to increase purchase frequency.
16275.0,197,3,2151.11,2,3,4,234,At Risk,"Launch re-engagement campaigns, targeted discounts, and reminders to bring customers back."
16276.0,177,3,2629.3900000000003,3,3,4,334,Regular Customer,Use personalized promotions and cross-selling to increase purchase frequency.
16277.0,734,1,188.69,1,1,1,111,Regular Customer,Use personalized promotions and cross-selling to increase purchase frequency.
16278.0,24,7,1056.59,4,4,3,443,Loyal Customer,"Use loyalty programs, cross-selling, and repeat-purchase offers."
16279.0,22,10,5692.18,4,5,5,455,VIP Customer,"Provide premium offers, loyalty rewards, and personalized recommendations."
16280.0,726,1,238.05,1,1,1,111,Regular Customer,Use personalized promotions and cross-selling to increase purchase frequency.
16281.0,73,4,3416.52,3,3,5,335,Regular Customer,Use personalized promotions and cross-selling to increase purchase frequency.
16282.0,340,3,1307.58,2,3,4,234,At Risk,"Launch re-engagement campaigns, targeted discounts, and reminders to bring customers back."
16283.0,6,12,4311.37,5,5,5,555,VIP Customer,"Provide premium offers, loyalty rewards, and personalized recommendations."
16284.0,32,3,1029.77,4,3,3,433,Regular Customer,Use personalized promotions and cross-selling to increase purchase frequency.
16285.0,647,1,176.9,1,1,1,111,Regular Customer,Use personalized promotions and cross-selling to increase purchase frequency.
16286.0,478,4,263.65,1,3,2,132,At Risk,"Launch re-engagement campaigns, targeted discounts, and reminders to bring customers back."
16287.0,170,5,1006.98,3,4,3,343,Loyal Customer,"Use loyalty programs, cross-selling, and repeat-purchase offers."
16288.0,471,1,129.85,1,1,1,111,Regular Customer,Use personalized promotions and cross-selling to increase purchase frequency.
16289.0,463,2,98.81,1,2,1,121,Regular Customer,Use personalized promotions and cross-selling to increase purchase frequency.
16290.0,465,4,2069.3,1,3,4,134,At Risk,"Launch re-engagement campaigns, targeted discounts, and reminders to bring customers back."
16291.0,683,1,117.72,1,1,1,111,Regular Customer,Use personalized promotions and cross-selling to increase purchase frequency.
16292.0,118,9,1171.46,3,4,3,343,Loyal Customer,"Use loyalty programs, cross-selling, and repeat-purchase offers."
16293.0,9,19,4632.2,5,5,5,555,VIP Customer,"Provide premium offers, loyalty rewards, and personalized recommendations."
16294.0,477,1,126.05000000000001,1,1,1,111,Regular Customer,Use personalized promotions and cross-selling to increase purchase frequency.
16295.0,10,4,1328.55,5,3,4,534,Regular Customer,Use personalized promotions and cross-selling to increase purchase frequency.
16296.0,627,6,1245.97,1,4,4,144,At Risk,"Launch re-engagement campaigns, targeted discounts, and reminders to bring customers back."
16297.0,213,4,275.4,2,3,2,232,At Risk,"Launch re-engagement campaigns, targeted discounts, and reminders to bring customers back."
16298.0,23,9,1080.0,4,4,3,443,Loyal Customer,"Use loyalty programs, cross-selling, and repeat-purchase offers."
16299.0,473,2,178.65,1,2,1,121,Regular Customer,Use personalized promotions and cross-selling to increase purchase frequency.
16300.0,431,3,1392.43,1,3,4,134,At Risk,"Launch re-engagement campaigns, targeted discounts, and reminders to bring customers back."
16301.0,737,1,107.33,1,1,1,111,Regular Customer,Use personalized promotions and cross-selling to increase purchase frequency.
16302.0,108,2,212.82,3,2,1,321,Regular Customer,Use personalized promotions and cross-selling to increase purchase frequency.
16303.0,26,9,7823.72,4,4,5,445,VIP Customer,"Provide premium offers, loyalty rewards, and personalized recommendations."
16304.0,695,1,381.66,1,1,2,112,Regular Customer,Use personalized promotions and cross-selling to increase purchase frequency.
16305.0,139,1,361.21999999999997,3,1,2,312,Regular Customer,Use personalized promotions and cross-selling to increase purchase frequency.
16306.0,214,10,1162.82,2,5,3,253,At Risk,"Launch re-engagement campaigns, targeted discounts, and reminders to bring customers back."
16307.0,430,3,1194.92,1,3,4,134,At Risk,"Launch re-engagement campaigns, targeted discounts, and reminders to bring customers back."
16308.0,38,7,5120.0,4,4,5,445,VIP Customer,"Provide premium offers, loyalty rewards, and personalized recommendations."
16309.0,92,3,686.67,3,3,3,333,Regular Customer,Use personalized promotions and cross-selling to increase purchase frequency.
16310.0,415,2,460.08,1,2,2,122,Regular Customer,Use personalized promotions and cross-selling to increase purchase frequency.
16311.0,18,2,616.26,5,2,3,523,Recent Customer,Send welcome offers and personalized product recommendations to encourage a second purchase.
16312.0,433,1,171.15,1,1,1,111,Regular Customer,Use personalized promotions and cross-selling to increase purchase frequency.
16313.0,4,2,274.15000000000003,5,2,2,522,Recent Customer,Send welcome offers and personalized product recommendations to encourage a second purchase.
16314.0,390,3,1491.4,2,3,4,234,At Risk,"Launch re-engagement campaigns, targeted discounts, and reminders to bring customers back."
16315.0,331,2,402.71,2,2,2,222,Regular Customer,Use personalized promotions and cross-selling to increase purchase frequency.
16316.0,65,19,5533.31,3,5,5,355,Loyal Customer,"Use loyalty programs, cross-selling, and repeat-purchase offers."
16317.0,120,6,2179.76,3,4,4,344,Loyal Customer,"Use loyalty programs, cross-selling, and repeat-purchase offers."
16318.0,36,1,328.15,4,1,2,412,Recent Customer,Send welcome offers and personalized product recommendations to encourage a second purchase.
16319.0,218,1,404.40000000000003,2,1,2,212,Regular Customer,Use personalized promotions and cross-selling to increase purchase frequency.
16320.0,173,8,4428.849999999999,3,4,5,345,Loyal Customer,"Use loyalty programs, cross-selling, and repeat-purchase offers."
16321.0,73,10,265.5,3,5,2,352,Loyal Customer,"Use loyalty programs, cross-selling, and repeat-purchase offers."
16322.0,2,2,326.75,5,2,2,522,Recent Customer,Send welcome offers and personalized product recommendations to encourage a second purchase.
16323.0,197,2,353.66,2,2,2,222,Regular Customer,Use personalized promotions and cross-selling to increase purchase frequency.
16324.0,129,3,428.68,3,3,2,332,Regular Customer,Use personalized promotions and cross-selling to increase purchase frequency.
16325.0,45,17,3463.84,4,5,5,455,VIP Customer,"Provide premium offers, loyalty rewards, and personalized recommendations."
16326.0,6,26,4706.99,5,5,5,555,VIP Customer,"Provide premium offers, loyalty rewards, and personalized recommendations."
16327.0,15,20,10705.52,5,5,5,555,VIP Customer,"Provide premium offers, loyalty rewards, and personalized recommendations."
16328.0,564,1,310.83,1,1,2,112,Regular Customer,Use personalized promotions and cross-selling to increase purchase frequency.
16329.0,428,4,1703.07,1,3,4,134,At Risk,"Launch re-engagement campaigns, targeted discounts, and reminders to bring customers back."
16330.0,18,8,624.63,5,4,3,543,Loyal Customer,"Use loyalty programs, cross-selling, and repeat-purchase offers."
16331.0,433,6,2037.7,1,4,4,144,At Risk,"Launch re-engagement campaigns, targeted discounts, and reminders to bring customers back."
16332.0,29,13,1989.97,4,5,4,454,VIP Customer,"Provide premium offers, loyalty rewards, and personalized recommendations."
16333.0,8,22,26626.8,5,5,5,555,VIP Customer,"Provide premium offers, loyalty rewards, and personalized recommendations."
16334.0,493,1,277.48,1,1,2,112,Regular Customer,Use personalized promotions and cross-selling to increase purchase frequency.
16335.0,552,8,2747.0,1,4,4,144,At Risk,"Launch re-engagement campaigns, targeted discounts, and reminders to bring customers back."
16336.0,421,4,3517.69,1,3,5,135,At Risk,"Launch re-engagement campaigns, targeted discounts, and reminders to bring customers back."
16337.0,37,1,151.05,4,1,1,411,Recent Customer,Send welcome offers and personalized product recommendations to encourage a second purchase.
16338.0,158,1,214.79999999999998,3,1,1,311,Regular Customer,Use personalized promotions and cross-selling to increase purchase frequency.
16339.0,285,1,109.95,2,1,1,211,Regular Customer,Use personalized promotions and cross-selling to increase purchase frequency.
16340.0,108,3,1526.06,3,3,4,334,Regular Customer,Use personalized promotions and cross-selling to increase purchase frequency.
16341.0,25,10,3832.29,4,5,5,455,VIP Customer,"Provide premium offers, loyalty rewards, and personalized recommendations."
16342.0,76,4,322.41,3,3,2,332,Regular Customer,Use personalized promotions and cross-selling to increase purchase frequency.
16343.0,17,3,687.0699999999999,5,3,3,533,Regular Customer,Use personalized promotions and cross-selling to increase purchase frequency.
16344.0,159,4,842.42,3,3,3,333,Regular Customer,Use personalized promotions and cross-selling to increase purchase frequency.
16345.0,45,2,1198.74,4,2,4,424,Recent Customer,Send welcome offers and personalized product recommendations to encourage a second purchase.
16346.0,386,1,224.51,2,1,1,211,Regular Customer,Use personalized promotions and cross-selling to increase purchase frequency.
16347.0,12,13,3482.01,5,5,5,555,VIP Customer,"Provide premium offers, loyalty rewards, and personalized recommendations."
16348.0,33,8,1798.22,4,4,4,444,VIP Customer,"Provide premium offers, loyalty rewards, and personalized recommendations."
16349.0,291,1,53.5,2,1,1,211,Regular Customer,Use personalized promotions and cross-selling to increase purchase frequency.
16350.0,22,12,2206.49,4,5,4,454,VIP Customer,"Provide premium offers, loyalty rewards, and personalized recommendations."
16351.0,333,18,3279.13,2,5,5,255,At Risk,"Launch re-engagement campaigns, targeted discounts, and reminders to bring customers back."
16352.0,18,2,494.44,5,2,2,522,Recent Customer,Send welcome offers and personalized product recommendations to encourage a second purchase.
16353.0,4,41,9985.93,5,5,5,555,VIP Customer,"Provide premium offers, loyalty rewards, and personalized recommendations."
16354.0,64,5,1129.51,3,4,3,343,Loyal Customer,"Use loyalty programs, cross-selling, and repeat-purchase offers."
16355.0,375,2,349.2,2,2,2,222,Regular Customer,Use personalized promotions and cross-selling to increase purchase frequency.
16356.0,198,7,414.42,2,4,2,242,At Risk,"Launch re-engagement campaigns, targeted discounts, and reminders to bring customers back."
16357.0,34,4,868.37,4,3,3,433,Regular Customer,Use personalized promotions and cross-selling to increase purchase frequency.
16358.0,2,6,2917.1,5,4,5,545,VIP Customer,"Provide premium offers, loyalty rewards, and personalized recommendations."
16359.0,8,20,2379.4,5,5,4,554,VIP Customer,"Provide premium offers, loyalty rewards, and personalized recommendations."
16360.0,5,8,3411.69,5,4,5,545,VIP Customer,"Provide premium offers, loyalty rewards, and personalized recommendations."
16361.0,10,4,896.66,5,3,3,533,Regular Customer,Use personalized promotions and cross-selling to increase purchase frequency.
16362.0,33,11,841.74,4,5,3,453,Loyal Customer,"Use loyalty programs, cross-selling, and repeat-purchase offers."
16363.0,54,1,109.36000000000001,4,1,1,411,Recent Customer,Send welcome offers and personalized product recommendations to encourage a second purchase.
16364.0,12,2,707.04,5,2,3,523,Recent Customer,Send welcome offers and personalized product recommendations to encourage a second purchase.
16365.0,18,16,3296.7999999999997,5,5,5,555,VIP Customer,"Provide premium offers, loyalty rewards, and personalized recommendations."
16366.0,19,4,1548.1299999999999,5,3,4,534,Regular Customer,Use personalized promotions and cross-selling to increase purchase frequency.
16367.0,38,3,1362.4,4,3,4,434,Regular Customer,Use personalized promotions and cross-selling to increase purchase frequency.
16368.0,3,3,640.21,5,3,3,533,Regular Customer,Use personalized promotions and cross-selling to increase purchase frequency.
16369.0,19,7,2664.81,5,4,4,544,VIP Customer,"Provide premium offers, loyalty rewards, and personalized recommendations."
16370.0,83,4,1320.56,3,3,4,334,Regular Customer,Use personalized promotions and cross-selling to increase purchase frequency.
16371.0,449,1,157.2,1,1,1,111,Regular Customer,Use personalized promotions and cross-selling to increase purchase frequency.
16372.0,34,6,1298.61,4,4,4,444,VIP Customer,"Provide premium offers, loyalty rewards, and personalized recommendations."
16373.0,383,2,309.49,2,2,2,222,Regular Customer,Use personalized promotions and cross-selling to increase purchase frequency.
16374.0,67,5,1771.45,3,4,4,344,Loyal Customer,"Use loyalty programs, cross-selling, and repeat-purchase offers."
16375.0,471,2,104.0,1,2,1,121,Regular Customer,Use personalized promotions and cross-selling to increase purchase frequency.
16376.0,9,3,977.52,5,3,3,533,Regular Customer,Use personalized promotions and cross-selling to increase purchase frequency.
16377.0,268,2,1308.48,2,2,4,224,Regular Customer,Use personalized promotions and cross-selling to increase purchase frequency.
16378.0,248,3,362.95,2,3,2,232,At Risk,"Launch re-engagement campaigns, targeted discounts, and reminders to bring customers back."
16379.0,5,5,2131.9,5,4,4,544,VIP Customer,"Provide premium offers, loyalty rewards, and personalized recommendations."
16380.0,62,1,1780.59,3,1,4,314,Regular Customer,Use personalized promotions and cross-selling to increase purchase frequency.
16381.0,396,2,258.7,2,2,1,221,Regular Customer,Use personalized promotions and cross-selling to increase purchase frequency.
16382.0,409,2,353.1,2,2,2,222,Regular Customer,Use personalized promotions and cross-selling to increase purchase frequency.
16383.0,75,9,2910.84,3,4,5,345,Loyal Customer,"Use loyalty programs, cross-selling, and repeat-purchase offers."
16384.0,90,4,1358.95,3,3,4,334,Regular Customer,Use personalized promotions and cross-selling to increase purchase frequency.
16385.0,61,5,1030.61,3,4,3,343,Loyal Customer,"Use loyalty programs, cross-selling, and repeat-purchase offers."
16386.0,29,3,1102.59,4,3,3,433,Regular Customer,Use personalized promotions and cross-selling to increase purchase frequency.
16387.0,323,5,918.55,2,4,3,243,At Risk,"Launch re-engagement campaigns, targeted discounts, and reminders to bring customers back."
16388.0,654,1,186.05,1,1,1,111,Regular Customer,Use personalized promotions and cross-selling to increase purchase frequency.
16389.0,54,5,1362.27,4,4,4,444,VIP Customer,"Provide premium offers, loyalty rewards, and personalized recommendations."
16390.0,537,3,467.5,1,3,2,132,At Risk,"Launch re-engagement campaigns, targeted discounts, and reminders to bring customers back."
16391.0,401,4,1103.61,2,3,3,233,At Risk,"Launch re-engagement campaigns, targeted discounts, and reminders to bring customers back."
16392.0,270,3,763.05,2,3,3,233,At Risk,"Launch re-engagement campaigns, targeted discounts, and reminders to bring customers back."
16393.0,3,30,5456.5,5,5,5,555,VIP Customer,"Provide premium offers, loyalty rewards, and personalized recommendations."
16394.0,51,9,1412.06,4,4,4,444,VIP Customer,"Provide premium offers, loyalty rewards, and personalized recommendations."
16395.0,61,17,3458.95,3,5,5,355,Loyal Customer,"Use loyalty programs, cross-selling, and repeat-purchase offers."
16396.0,474,3,102.69999999999999,1,3,1,131,At Risk,"Launch re-engagement campaigns, targeted discounts, and reminders to bring customers back."
16397.0,629,1,127.88,1,1,1,111,Regular Customer,Use personalized promotions and cross-selling to increase purchase frequency.
16398.0,145,4,1631.15,3,3,4,334,Regular Customer,Use personalized promotions and cross-selling to increase purchase frequency.
16399.0,20,3,641.82,4,3,3,433,Regular Customer,Use personalized promotions and cross-selling to increase purchase frequency.
16400.0,95,9,3159.44,3,4,5,345,Loyal Customer,"Use loyalty programs, cross-selling, and repeat-purchase offers."
16401.0,2,39,6628.99,5,5,5,555,VIP Customer,"Provide premium offers, loyalty rewards, and personalized recommendations."
16402.0,265,2,511.4,2,2,2,222,Regular Customer,Use personalized promotions and cross-selling to increase purchase frequency.
16403.0,303,2,161.04999999999998,2,2,1,221,Regular Customer,Use personalized promotions and cross-selling to increase purchase frequency.
16404.0,71,2,430.3,3,2,2,322,Regular Customer,Use personalized promotions and cross-selling to increase purchase frequency.
16405.0,303,2,167.25,2,2,1,221,Regular Customer,Use personalized promotions and cross-selling to increase purchase frequency.
16406.0,19,4,533.98,5,3,2,532,Regular Customer,Use personalized promotions and cross-selling to increase purchase frequency.
16407.0,13,14,2821.65,5,5,4,554,VIP Customer,"Provide premium offers, loyalty rewards, and personalized recommendations."
16408.0,592,1,231.93,1,1,1,111,Regular Customer,Use personalized promotions and cross-selling to increase purchase frequency.
16409.0,37,12,5709.04,4,5,5,455,VIP Customer,"Provide premium offers, loyalty rewards, and personalized recommendations."
16410.0,735,1,130.32,1,1,1,111,Regular Customer,Use personalized promotions and cross-selling to increase purchase frequency.
16411.0,20,4,910.1899999999999,4,3,3,433,Regular Customer,Use personalized promotions and cross-selling to increase purchase frequency.
16412.0,54,5,647.23,4,4,3,443,Loyal Customer,"Use loyalty programs, cross-selling, and repeat-purchase offers."
16413.0,57,2,528.98,4,2,2,422,Recent Customer,Send welcome offers and personalized product recommendations to encourage a second purchase.
16414.0,22,5,559.71,4,4,2,442,Loyal Customer,"Use loyalty programs, cross-selling, and repeat-purchase offers."
16415.0,45,3,719.44,4,3,3,433,Regular Customer,Use personalized promotions and cross-selling to increase purchase frequency.
16416.0,27,10,2948.47,4,5,5,455,VIP Customer,"Provide premium offers, loyalty rewards, and personalized recommendations."
16417.0,493,1,35.7,1,1,1,111,Regular Customer,Use personalized promotions and cross-selling to increase purchase frequency.
16418.0,45,5,1101.94,4,4,3,443,Loyal Customer,"Use loyalty programs, cross-selling, and repeat-purchase offers."
16419.0,113,9,1474.67,3,4,4,344,Loyal Customer,"Use loyalty programs, cross-selling, and repeat-purchase offers."
16420.0,397,1,75.0,2,1,1,211,Regular Customer,Use personalized promotions and cross-selling to increase purchase frequency.
16421.0,377,3,526.27,2,3,2,232,At Risk,"Launch re-engagement campaigns, targeted discounts, and reminders to bring customers back."
16422.0,18,146,61110.54,5,5,5,555,VIP Customer,"Provide premium offers, loyalty rewards, and personalized recommendations."
16423.0,25,1,346.12,4,1,2,412,Recent Customer,Send welcome offers and personalized product recommendations to encourage a second purchase.
16424.0,192,3,392.06,2,3,2,232,At Risk,"Launch re-engagement campaigns, targeted discounts, and reminders to bring customers back."
16425.0,303,1,302.7,2,1,2,212,Regular Customer,Use personalized promotions and cross-selling to increase purchase frequency.
16426.0,3,10,1908.25,5,5,4,554,VIP Customer,"Provide premium offers, loyalty rewards, and personalized recommendations."
16427.0,264,2,241.06,2,2,1,221,Regular Customer,Use personalized promotions and cross-selling to increase purchase frequency.
16428.0,82,4,657.33,3,3,3,333,Regular Customer,Use personalized promotions and cross-selling to increase purchase frequency.
16429.0,107,1,284.55,3,1,2,312,Regular Customer,Use personalized promotions and cross-selling to increase purchase frequency.
16430.0,58,7,1117.94,4,4,3,443,Loyal Customer,"Use loyalty programs, cross-selling, and repeat-purchase offers."
16431.0,214,3,642.81,2,3,3,233,At Risk,"Launch re-engagement campaigns, targeted discounts, and reminders to bring customers back."
16432.0,65,1,287.4,3,1,2,312,Regular Customer,Use personalized promotions and cross-selling to increase purchase frequency.
16433.0,29,2,384.52,4,2,2,422,Recent Customer,Send welcome offers and personalized product recommendations to encourage a second purchase.
16434.0,30,13,2727.04,4,5,4,454,VIP Customer,"Provide premium offers, loyalty rewards, and personalized recommendations."
16435.0,513,3,1011.5699999999999,1,3,3,133,At Risk,"Launch re-engagement campaigns, targeted discounts, and reminders to bring customers back."
16436.0,669,4,242.04,1,3,1,131,At Risk,"Launch re-engagement campaigns, targeted discounts, and reminders to bring customers back."
16437.0,382,2,301.25,2,2,2,222,Regular Customer,Use personalized promotions and cross-selling to increase purchase frequency.
16438.0,6,5,798.35,5,4,3,543,Loyal Customer,"Use loyalty programs, cross-selling, and repeat-purchase offers."
16439.0,723,1,310.70000000000005,1,1,2,112,Regular Customer,Use personalized promotions and cross-selling to increase purchase frequency.
16440.0,8,6,3856.9700000000003,5,4,5,545,VIP Customer,"Provide premium offers, loyalty rewards, and personalized recommendations."
16441.0,68,6,1023.48,3,4,3,343,Loyal Customer,"Use loyalty programs, cross-selling, and repeat-purchase offers."
16442.0,2,5,899.47,5,4,3,543,Loyal Customer,"Use loyalty programs, cross-selling, and repeat-purchase offers."
16443.0,521,1,162.24,1,1,1,111,Regular Customer,Use personalized promotions and cross-selling to increase purchase frequency.
16444.0,47,20,3582.38,4,5,5,455,VIP Customer,"Provide premium offers, loyalty rewards, and personalized recommendations."
16445.0,34,4,602.73,4,3,3,433,Regular Customer,Use personalized promotions and cross-selling to increase purchase frequency.
16446.0,1,4,-6.100000000005821,5,3,1,531,Regular Customer,Use personalized promotions and cross-selling to increase purchase frequency.
16447.0,136,3,775.14,3,3,3,333,Regular Customer,Use personalized promotions and cross-selling to increase purchase frequency.
16448.0,199,2,367.87,2,2,2,222,Regular Customer,Use personalized promotions and cross-selling to increase purchase frequency.
16449.0,191,3,674.69,3,3,3,333,Regular Customer,Use personalized promotions and cross-selling to increase purchase frequency.
16450.0,150,4,1475.73,3,3,4,334,Regular Customer,Use personalized promotions and cross-selling to increase purchase frequency.
16451.0,88,4,1009.4,3,3,3,333,Regular Customer,Use personalized promotions and cross-selling to increase purchase frequency.
16452.0,631,2,332.17,1,2,2,122,Regular Customer,Use personalized promotions and cross-selling to increase purchase frequency.
16453.0,531,2,251.71,1,2,1,121,Regular Customer,Use personalized promotions and cross-selling to increase purchase frequency.
16454.0,45,8,1.9000000000000004,4,4,1,441,Loyal Customer,"Use loyalty programs, cross-selling, and repeat-purchase offers."
16455.0,64,13,4306.72,3,5,5,355,Loyal Customer,"Use loyalty programs, cross-selling, and repeat-purchase offers."
16456.0,100,14,6185.41,3,5,5,355,Loyal Customer,"Use loyalty programs, cross-selling, and repeat-purchase offers."
16457.0,219,1,208.36,2,1,1,211,Regular Customer,Use personalized promotions and cross-selling to increase purchase frequency.
16458.0,3,30,5715.34,5,5,5,555,VIP Customer,"Provide premium offers, loyalty rewards, and personalized recommendations."
16459.0,730,1,71.78999999999999,1,1,1,111,Regular Customer,Use personalized promotions and cross-selling to increase purchase frequency.
16460.0,29,3,814.72,4,3,3,433,Regular Customer,Use personalized promotions and cross-selling to increase purchase frequency.
16461.0,178,3,1615.22,3,3,4,334,Regular Customer,Use personalized promotions and cross-selling to increase purchase frequency.
16462.0,65,4,102.0,3,3,1,331,Regular Customer,Use personalized promotions and cross-selling to increase purchase frequency.
16463.0,22,7,1383.7,4,4,4,444,VIP Customer,"Provide premium offers, loyalty rewards, and personalized recommendations."
16464.0,20,3,1314.68,4,3,4,434,Regular Customer,Use personalized promotions and cross-selling to increase purchase frequency.
16465.0,414,3,726.34,2,3,3,233,At Risk,"Launch re-engagement campaigns, targeted discounts, and reminders to bring customers back."
16466.0,34,16,3713.59,4,5,5,455,VIP Customer,"Provide premium offers, loyalty rewards, and personalized recommendations."
16467.0,509,8,2862.4,1,4,5,145,At Risk,"Launch re-engagement campaigns, targeted discounts, and reminders to bring customers back."
16468.0,75,3,787.52,3,3,3,333,Regular Customer,Use personalized promotions and cross-selling to increase purchase frequency.
16469.0,24,5,828.91,4,4,3,443,Loyal Customer,"Use loyalty programs, cross-selling, and repeat-purchase offers."
16470.0,52,12,2453.65,4,5,4,454,VIP Customer,"Provide premium offers, loyalty rewards, and personalized recommendations."
16471.0,275,6,1186.18,2,4,4,244,At Risk,"Launch re-engagement campaigns, targeted discounts, and reminders to bring customers back."
16472.0,435,2,789.6,1,2,3,123,Regular Customer,Use personalized promotions and cross-selling to increase purchase frequency.
16473.0,165,5,469.58,3,4,2,342,Loyal Customer,"Use loyalty programs, cross-selling, and repeat-purchase offers."
16474.0,8,11,1811.47,5,5,4,554,VIP Customer,"Provide premium offers, loyalty rewards, and personalized recommendations."
16475.0,89,4,544.3,3,3,2,332,Regular Customer,Use personalized promotions and cross-selling to increase purchase frequency.
16476.0,418,3,337.0,1,3,2,132,At Risk,"Launch re-engagement campaigns, targeted discounts, and reminders to bring customers back."
16477.0,64,11,4320.02,3,5,5,355,Loyal Customer,"Use loyalty programs, cross-selling, and repeat-purchase offers."
16478.0,26,3,331.0,4,3,2,432,Regular Customer,Use personalized promotions and cross-selling to increase purchase frequency.
16479.0,11,2,300.83,5,2,2,522,Recent Customer,Send welcome offers and personalized product recommendations to encourage a second purchase.
16480.0,76,1,769.29,3,1,3,313,Regular Customer,Use personalized promotions and cross-selling to increase purchase frequency.
16481.0,660,3,428.23,1,3,2,132,At Risk,"Launch re-engagement campaigns, targeted discounts, and reminders to bring customers back."
16482.0,16,1,220.62,5,1,1,511,Recent Customer,Send welcome offers and personalized product recommendations to encourage a second purchase.
16483.0,193,1,139.35,2,1,1,211,Regular Customer,Use personalized promotions and cross-selling to increase purchase frequency.
16484.0,174,3,379.4,3,3,2,332,Regular Customer,Use personalized promotions and cross-selling to increase purchase frequency.
16485.0,78,7,2137.68,3,4,4,344,Loyal Customer,"Use loyalty programs, cross-selling, and repeat-purchase offers."
16486.0,538,1,134.36,1,1,1,111,Regular Customer,Use personalized promotions and cross-selling to increase purchase frequency.
16487.0,578,2,209.4,1,2,1,121,Regular Customer,Use personalized promotions and cross-selling to increase purchase frequency.
16488.0,34,4,492.2,4,3,2,432,Regular Customer,Use personalized promotions and cross-selling to increase purchase frequency.
16489.0,381,2,303.7,2,2,2,222,Regular Customer,Use personalized promotions and cross-selling to increase purchase frequency.
16490.0,431,2,179.16000000000003,1,2,1,121,Regular Customer,Use personalized promotions and cross-selling to increase purchase frequency.
16491.0,47,3,1524.31,4,3,4,434,Regular Customer,Use personalized promotions and cross-selling to increase purchase frequency.
16492.0,541,1,385.56,1,1,2,112,Regular Customer,Use personalized promotions and cross-selling to increase purchase frequency.
16493.0,73,9,2110.12,3,4,4,344,Loyal Customer,"Use loyalty programs, cross-selling, and repeat-purchase offers."
16494.0,297,1,826.53,2,1,3,213,Regular Customer,Use personalized promotions and cross-selling to increase purchase frequency.
16495.0,4,3,684.41,5,3,3,533,Regular Customer,Use personalized promotions and cross-selling to increase purchase frequency.
16496.0,9,7,2293.47,5,4,4,544,VIP Customer,"Provide premium offers, loyalty rewards, and personalized recommendations."
16497.0,50,23,6695.28,4,5,5,455,VIP Customer,"Provide premium offers, loyalty rewards, and personalized recommendations."
16498.0,162,3,86.12,3,3,1,331,Regular Customer,Use personalized promotions and cross-selling to increase purchase frequency.
16499.0,361,13,2491.7400000000002,2,5,4,254,At Risk,"Launch re-engagement campaigns, targeted discounts, and reminders to bring customers back."
16500.0,5,10,835.96,5,5,3,553,Loyal Customer,"Use loyalty programs, cross-selling, and repeat-purchase offers."
16501.0,384,1,1237.23,2,1,4,214,Regular Customer,Use personalized promotions and cross-selling to increase purchase frequency.
16502.0,621,2,266.5,1,2,2,122,Regular Customer,Use personalized promotions and cross-selling to increase purchase frequency.
16503.0,107,13,3597.89,3,5,5,355,Loyal Customer,"Use loyalty programs, cross-selling, and repeat-purchase offers."
16504.0,26,1,484.38,4,1,2,412,Recent Customer,Send welcome offers and personalized product recommendations to encourage a second purchase.
16505.0,32,1,777.6,4,1,3,413,Recent Customer,Send welcome offers and personalized product recommendations to encourage a second purchase.
16506.0,20,2,90.30000000000001,4,2,1,421,Recent Customer,Send welcome offers and personalized product recommendations to encourage a second purchase.
16507.0,573,1,152.76,1,1,1,111,Regular Customer,Use personalized promotions and cross-selling to increase purchase frequency.
16508.0,631,1,248.8,1,1,1,111,Regular Customer,Use personalized promotions and cross-selling to increase purchase frequency.
16509.0,297,1,363.7,2,1,2,212,Regular Customer,Use personalized promotions and cross-selling to increase purchase frequency.
16510.0,373,6,2100.0,2,4,4,244,At Risk,"Launch re-engagement campaigns, targeted discounts, and reminders to bring customers back."
16511.0,22,6,1819.02,4,4,4,444,VIP Customer,"Provide premium offers, loyalty rewards, and personalized recommendations."
16512.0,729,1,-33.9,1,1,1,111,Regular Customer,Use personalized promotions and cross-selling to increase purchase frequency.
16513.0,5,4,874.59,5,3,3,533,Regular Customer,Use personalized promotions and cross-selling to increase purchase frequency.
16514.0,631,1,-134.86,1,1,1,111,Regular Customer,Use personalized promotions and cross-selling to increase purchase frequency.
16515.0,53,10,3216.3,4,5,5,455,VIP Customer,"Provide premium offers, loyalty rewards, and personalized recommendations."
16516.0,31,1,101.69999999999999,4,1,1,411,Recent Customer,Send welcome offers and personalized product recommendations to encourage a second purchase.
16517.0,278,1,162.7,2,1,1,211,Regular Customer,Use personalized promotions and cross-selling to increase purchase frequency.
16518.0,62,6,938.27,3,4,3,343,Loyal Customer,"Use loyalty programs, cross-selling, and repeat-purchase offers."
16519.0,26,4,556.26,4,3,2,432,Regular Customer,Use personalized promotions and cross-selling to increase purchase frequency.
16520.0,187,8,2465.92,3,4,4,344,Loyal Customer,"Use loyalty programs, cross-selling, and repeat-purchase offers."
16521.0,416,3,1148.01,1,3,3,133,At Risk,"Launch re-engagement campaigns, targeted discounts, and reminders to bring customers back."
16522.0,436,2,433.36,1,2,2,122,Regular Customer,Use personalized promotions and cross-selling to increase purchase frequency.
16523.0,2,39,11760.54,5,5,5,555,VIP Customer,"Provide premium offers, loyalty rewards, and personalized recommendations."
16524.0,447,2,308.14,1,2,2,122,Regular Customer,Use personalized promotions and cross-selling to increase purchase frequency.
16525.0,3,54,23350.74,5,5,5,555,VIP Customer,"Provide premium offers, loyalty rewards, and personalized recommendations."
16526.0,172,2,717.21,3,2,3,323,Regular Customer,Use personalized promotions and cross-selling to increase purchase frequency.
16527.0,82,2,1272.44,3,2,4,324,Regular Customer,Use personalized promotions and cross-selling to increase purchase frequency.
16528.0,4,1,244.41,5,1,1,511,Recent Customer,Send welcome offers and personalized product recommendations to encourage a second purchase.
16529.0,191,4,2012.0,3,3,4,334,Regular Customer,Use personalized promotions and cross-selling to increase purchase frequency.
16530.0,669,1,48.349999999999994,1,1,1,111,Regular Customer,Use personalized promotions and cross-selling to increase purchase frequency.
16531.0,23,12,2263.58,4,5,4,454,VIP Customer,"Provide premium offers, loyalty rewards, and personalized recommendations."
16532.0,18,5,8756.64,5,4,5,545,VIP Customer,"Provide premium offers, loyalty rewards, and personalized recommendations."
16533.0,20,5,1026.94,4,4,3,443,Loyal Customer,"Use loyalty programs, cross-selling, and repeat-purchase offers."
16534.0,643,1,635.9,1,1,3,113,Regular Customer,Use personalized promotions and cross-selling to increase purchase frequency.
16535.0,6,3,1001.59,5,3,3,533,Regular Customer,Use personalized promotions and cross-selling to increase purchase frequency.
16536.0,108,2,539.02,3,2,2,322,Regular Customer,Use personalized promotions and cross-selling to increase purchase frequency.
16537.0,642,1,23.35,1,1,1,111,Regular Customer,Use personalized promotions and cross-selling to increase purchase frequency.
16538.0,542,3,399.62,1,3,2,132,At Risk,"Launch re-engagement campaigns, targeted discounts, and reminders to bring customers back."
16539.0,3,10,3732.01,5,5,5,555,VIP Customer,"Provide premium offers, loyalty rewards, and personalized recommendations."
16540.0,415,1,226.70000000000002,1,1,1,111,Regular Customer,Use personalized promotions and cross-selling to increase purchase frequency.
16541.0,736,2,419.78,1,2,2,122,Regular Customer,Use personalized promotions and cross-selling to increase purchase frequency.
16542.0,54,2,257.32,4,2,1,421,Recent Customer,Send welcome offers and personalized product recommendations to encourage a second purchase.
16543.0,584,2,277.80999999999995,1,2,2,122,Regular Customer,Use personalized promotions and cross-selling to increase purchase frequency.
16544.0,520,6,110.3,1,4,1,141,At Risk,"Launch re-engagement campaigns, targeted discounts, and reminders to bring customers back."
16545.0,165,2,689.82,3,2,3,323,Regular Customer,Use personalized promotions and cross-selling to increase purchase frequency.
16546.0,291,7,3837.36,2,4,5,245,At Risk,"Launch re-engagement campaigns, targeted discounts, and reminders to bring customers back."
16547.0,547,1,111.71,1,1,1,111,Regular Customer,Use personalized promotions and cross-selling to increase purchase frequency.
16548.0,600,1,30.15,1,1,1,111,Regular Customer,Use personalized promotions and cross-selling to increase purchase frequency.
16549.0,11,37,13159.64,5,5,5,555,VIP Customer,"Provide premium offers, loyalty rewards, and personalized recommendations."
16550.0,109,29,9169.32,3,5,5,355,Loyal Customer,"Use loyalty programs, cross-selling, and repeat-purchase offers."
16551.0,96,7,2237.12,3,4,4,344,Loyal Customer,"Use loyalty programs, cross-selling, and repeat-purchase offers."
16552.0,243,2,475.02000000000004,2,2,2,222,Regular Customer,Use personalized promotions and cross-selling to increase purchase frequency.
16553.0,164,36,16555.87,3,5,5,355,Loyal Customer,"Use loyalty programs, cross-selling, and repeat-purchase offers."
16554.0,4,18,2407.17,5,5,4,554,VIP Customer,"Provide premium offers, loyalty rewards, and personalized recommendations."
16555.0,36,10,285.89,4,5,2,452,Loyal Customer,"Use loyalty programs, cross-selling, and repeat-purchase offers."
16556.0,67,24,7610.2300000000005,3,5,5,355,Loyal Customer,"Use loyalty programs, cross-selling, and repeat-purchase offers."
16557.0,25,2,281.85,4,2,2,422,Recent Customer,Send welcome offers and personalized product recommendations to encourage a second purchase.
16558.0,1,47,13718.960000000001,5,5,5,555,VIP Customer,"Provide premium offers, loyalty rewards, and personalized recommendations."
16559.0,398,1,185.20000000000002,2,1,1,211,Regular Customer,Use personalized promotions and cross-selling to increase purchase frequency.
16560.0,22,10,3010.73,4,5,5,455,VIP Customer,"Provide premium offers, loyalty rewards, and personalized recommendations."
16561.0,6,2,511.12,5,2,2,522,Recent Customer,Send welcome offers and personalized product recommendations to encourage a second purchase.
16562.0,477,1,223.85999999999999,1,1,1,111,Regular Customer,Use personalized promotions and cross-selling to increase purchase frequency.
16563.0,54,7,4412.56,4,4,5,445,VIP Customer,"Provide premium offers, loyalty rewards, and personalized recommendations."
16564.0,570,1,87.8,1,1,1,111,Regular Customer,Use personalized promotions and cross-selling to increase purchase frequency.
16565.0,365,5,700.45,2,4,3,243,At Risk,"Launch re-engagement campaigns, targeted discounts, and reminders to bring customers back."
16566.0,16,6,614.01,5,4,3,543,Loyal Customer,"Use loyalty programs, cross-selling, and repeat-purchase offers."
16567.0,195,2,865.6,2,2,3,223,Regular Customer,Use personalized promotions and cross-selling to increase purchase frequency.
16568.0,428,2,1020.9000000000001,1,2,3,123,Regular Customer,Use personalized promotions and cross-selling to increase purchase frequency.
16569.0,4,5,1455.23,5,4,4,544,VIP Customer,"Provide premium offers, loyalty rewards, and personalized recommendations."
16570.0,9,31,6841.82,5,5,5,555,VIP Customer,"Provide premium offers, loyalty rewards, and personalized recommendations."
16571.0,4,17,4025.05,5,5,5,555,VIP Customer,"Provide premium offers, loyalty rewards, and personalized recommendations."
16572.0,128,4,999.7,3,3,3,333,Regular Customer,Use personalized promotions and cross-selling to increase purchase frequency.
16573.0,74,4,648.41,3,3,3,333,Regular Customer,Use personalized promotions and cross-selling to increase purchase frequency.
16574.0,72,3,1301.78,3,3,4,334,Regular Customer,Use personalized promotions and cross-selling to increase purchase frequency.
16575.0,683,1,-10.49,1,1,1,111,Regular Customer,Use personalized promotions and cross-selling to increase purchase frequency.
16576.0,410,5,513.1700000000001,2,4,2,242,At Risk,"Launch re-engagement campaigns, targeted discounts, and reminders to bring customers back."
16577.0,667,1,380.0,1,1,2,112,Regular Customer,Use personalized promotions and cross-selling to increase purchase frequency.
16578.0,627,1,156.6,1,1,1,111,Regular Customer,Use personalized promotions and cross-selling to increase purchase frequency.
16579.0,366,2,233.85,2,2,1,221,Regular Customer,Use personalized promotions and cross-selling to increase purchase frequency.
16580.0,729,1,-5.0,1,1,1,111,Regular Customer,Use personalized promotions and cross-selling to increase purchase frequency.
16581.0,156,2,70.44,3,2,1,321,Regular Customer,Use personalized promotions and cross-selling to increase purchase frequency.
16582.0,114,1,313.62,3,1,2,312,Regular Customer,Use personalized promotions and cross-selling to increase purchase frequency.
16583.0,374,2,531.4,2,2,2,222,Regular Customer,Use personalized promotions and cross-selling to increase purchase frequency.
16584.0,81,7,3085.4700000000003,3,4,5,345,Loyal Customer,"Use loyalty programs, cross-selling, and repeat-purchase offers."
16585.0,594,2,341.59,1,2,2,122,Regular Customer,Use personalized promotions and cross-selling to increase purchase frequency.
16586.0,249,3,1462.78,2,3,4,234,At Risk,"Launch re-engagement campaigns, targeted discounts, and reminders to bring customers back."
16587.0,233,1,225.15,2,1,1,211,Regular Customer,Use personalized promotions and cross-selling to increase purchase frequency.
16588.0,387,4,1361.28,2,3,4,234,At Risk,"Launch re-engagement campaigns, targeted discounts, and reminders to bring customers back."
16589.0,72,4,612.36,3,3,3,333,Regular Customer,Use personalized promotions and cross-selling to increase purchase frequency.
16590.0,382,3,563.6,2,3,2,232,At Risk,"Launch re-engagement campaigns, targeted discounts, and reminders to bring customers back."
16591.0,69,1,213.5,3,1,1,311,Regular Customer,Use personalized promotions and cross-selling to increase purchase frequency.
16592.0,5,34,7624.46,5,5,5,555,VIP Customer,"Provide premium offers, loyalty rewards, and personalized recommendations."
16593.0,51,9,1051.24,4,4,3,443,Loyal Customer,"Use loyalty programs, cross-selling, and repeat-purchase offers."
16594.0,76,1,181.09,3,1,1,311,Regular Customer,Use personalized promotions and cross-selling to increase purchase frequency.
16595.0,62,5,1810.18,3,4,4,344,Loyal Customer,"Use loyalty programs, cross-selling, and repeat-purchase offers."
16596.0,16,4,579.63,5,3,2,532,Regular Customer,Use personalized promotions and cross-selling to increase purchase frequency.
16597.0,5,1,90.04,5,1,1,511,Recent Customer,Send welcome offers and personalized product recommendations to encourage a second purchase.
16598.0,278,2,140.7,2,2,1,221,Regular Customer,Use personalized promotions and cross-selling to increase purchase frequency.
16599.0,386,1,172.8,2,1,1,211,Regular Customer,Use personalized promotions and cross-selling to increase purchase frequency.
16600.0,5,16,2093.56,5,5,4,554,VIP Customer,"Provide premium offers, loyalty rewards, and personalized recommendations."
16601.0,41,3,684.25,4,3,3,433,Regular Customer,Use personalized promotions and cross-selling to increase purchase frequency.
16602.0,32,5,711.63,4,4,3,443,Loyal Customer,"Use loyalty programs, cross-selling, and repeat-purchase offers."
16603.0,75,2,482.47,3,2,2,322,Regular Customer,Use personalized promotions and cross-selling to increase purchase frequency.
16604.0,549,3,326.25,1,3,2,132,At Risk,"Launch re-engagement campaigns, targeted discounts, and reminders to bring customers back."
16605.0,725,1,60.48,1,1,1,111,Regular Customer,Use personalized promotions and cross-selling to increase purchase frequency.
16606.0,405,2,357.66,2,2,2,222,Regular Customer,Use personalized promotions and cross-selling to increase purchase frequency.
16607.0,18,29,5375.18,5,5,5,555,VIP Customer,"Provide premium offers, loyalty rewards, and personalized recommendations."
16608.0,454,2,1288.72,1,2,4,124,Regular Customer,Use personalized promotions and cross-selling to increase purchase frequency.
16609.0,16,9,5450.96,5,4,5,545,VIP Customer,"Provide premium offers, loyalty rewards, and personalized recommendations."
16610.0,220,1,75.66,2,1,1,211,Regular Customer,Use personalized promotions and cross-selling to increase purchase frequency.
16611.0,187,7,1776.63,3,4,4,344,Loyal Customer,"Use loyalty programs, cross-selling, and repeat-purchase offers."
16612.0,33,10,3243.48,4,5,5,455,VIP Customer,"Provide premium offers, loyalty rewards, and personalized recommendations."
16613.0,71,1,618.59,3,1,3,313,Regular Customer,Use personalized promotions and cross-selling to increase purchase frequency.
16614.0,183,3,1179.79,3,3,3,333,Regular Customer,Use personalized promotions and cross-selling to increase purchase frequency.
16615.0,569,2,264.5,1,2,2,122,Regular Customer,Use personalized promotions and cross-selling to increase purchase frequency.
16616.0,16,2,500.42,5,2,2,522,Recent Customer,Send welcome offers and personalized product recommendations to encourage a second purchase.
16617.0,236,1,151.85,2,1,1,211,Regular Customer,Use personalized promotions and cross-selling to increase purchase frequency.
16618.0,32,6,2630.64,4,4,4,444,VIP Customer,"Provide premium offers, loyalty rewards, and personalized recommendations."
16619.0,254,5,1916.53,2,4,4,244,At Risk,"Launch re-engagement campaigns, targeted discounts, and reminders to bring customers back."
16620.0,4,6,1758.93,5,4,4,544,VIP Customer,"Provide premium offers, loyalty rewards, and personalized recommendations."
16621.0,52,4,813.48,4,3,3,433,Regular Customer,Use personalized promotions and cross-selling to increase purchase frequency.
16622.0,543,2,205.6,1,2,1,121,Regular Customer,Use personalized promotions and cross-selling to increase purchase frequency.
16623.0,246,5,1002.49,2,4,3,243,At Risk,"Launch re-engagement campaigns, targeted discounts, and reminders to bring customers back."
16624.0,81,2,810.5699999999999,3,2,3,323,Regular Customer,Use personalized promotions and cross-selling to increase purchase frequency.
16625.0,275,6,1651.08,2,4,4,244,At Risk,"Launch re-engagement campaigns, targeted discounts, and reminders to bring customers back."
16626.0,1,20,4379.65,5,5,5,555,VIP Customer,"Provide premium offers, loyalty rewards, and personalized recommendations."
16627.0,80,1,322.8,3,1,2,312,Regular Customer,Use personalized promotions and cross-selling to increase purchase frequency.
16628.0,30,8,2313.09,4,4,4,444,VIP Customer,"Provide premium offers, loyalty rewards, and personalized recommendations."
16629.0,74,2,417.73,3,2,2,322,Regular Customer,Use personalized promotions and cross-selling to increase purchase frequency.
16630.0,408,2,104.30000000000001,2,2,1,221,Regular Customer,Use personalized promotions and cross-selling to increase purchase frequency.
16631.0,482,8,1867.02,1,4,4,144,At Risk,"Launch re-engagement campaigns, targeted discounts, and reminders to bring customers back."
16632.0,486,2,406.4,1,2,2,122,Regular Customer,Use personalized promotions and cross-selling to increase purchase frequency.
16633.0,18,7,2878.15,5,4,5,545,VIP Customer,"Provide premium offers, loyalty rewards, and personalized recommendations."
16634.0,223,10,1363.1,2,5,4,254,At Risk,"Launch re-engagement campaigns, targeted discounts, and reminders to bring customers back."
16635.0,407,1,473.0,2,1,2,212,Regular Customer,Use personalized promotions and cross-selling to increase purchase frequency.
16636.0,439,4,3802.04,1,3,5,135,At Risk,"Launch re-engagement campaigns, targeted discounts, and reminders to bring customers back."
16637.0,33,5,1124.59,4,4,3,443,Loyal Customer,"Use loyalty programs, cross-selling, and repeat-purchase offers."
16638.0,23,16,2426.28,4,5,4,454,VIP Customer,"Provide premium offers, loyalty rewards, and personalized recommendations."
16639.0,26,5,1659.85,4,4,4,444,VIP Customer,"Provide premium offers, loyalty rewards, and personalized recommendations."
16640.0,398,1,179.4,2,1,1,211,Regular Customer,Use personalized promotions and cross-selling to increase purchase frequency.
16641.0,106,2,554.5,3,2,2,322,Regular Customer,Use personalized promotions and cross-selling to increase purchase frequency.
16642.0,5,5,1051.46,5,4,3,543,Loyal Customer,"Use loyalty programs, cross-selling, and repeat-purchase offers."
16643.0,246,3,915.5600000000001,2,3,3,233,At Risk,"Launch re-engagement campaigns, targeted discounts, and reminders to bring customers back."
16644.0,178,2,833.78,3,2,3,323,Regular Customer,Use personalized promotions and cross-selling to increase purchase frequency.
16645.0,736,1,160.39,1,1,1,111,Regular Customer,Use personalized promotions and cross-selling to increase purchase frequency.
16646.0,445,2,675.05,1,2,3,123,Regular Customer,Use personalized promotions and cross-selling to increase purchase frequency.
16647.0,170,4,541.9,3,3,2,332,Regular Customer,Use personalized promotions and cross-selling to increase purchase frequency.
16648.0,39,4,653.0,4,3,3,433,Regular Customer,Use personalized promotions and cross-selling to increase purchase frequency.
16649.0,521,1,306.58000000000004,1,1,2,112,Regular Customer,Use personalized promotions and cross-selling to increase purchase frequency.
16650.0,72,7,1916.11,3,4,4,344,Loyal Customer,"Use loyalty programs, cross-selling, and repeat-purchase offers."
16651.0,587,1,136.2,1,1,1,111,Regular Customer,Use personalized promotions and cross-selling to increase purchase frequency.
16652.0,54,24,17312.83,4,5,5,455,VIP Customer,"Provide premium offers, loyalty rewards, and personalized recommendations."
16653.0,17,3,1166.92,5,3,3,533,Regular Customer,Use personalized promotions and cross-selling to increase purchase frequency.
16654.0,142,9,1705.17,3,4,4,344,Loyal Customer,"Use loyalty programs, cross-selling, and repeat-purchase offers."
16655.0,18,14,6513.27,5,5,5,555,VIP Customer,"Provide premium offers, loyalty rewards, and personalized recommendations."
16656.0,23,44,16307.72,4,5,5,455,VIP Customer,"Provide premium offers, loyalty rewards, and personalized recommendations."
16657.0,10,4,933.62,5,3,3,533,Regular Customer,Use personalized promotions and cross-selling to increase purchase frequency.
16658.0,369,9,696.72,2,4,3,243,At Risk,"Launch re-engagement campaigns, targeted discounts, and reminders to bring customers back."
16659.0,190,1,39.12,3,1,1,311,Regular Customer,Use personalized promotions and cross-selling to increase purchase frequency.
16660.0,17,8,1422.35,5,4,4,544,VIP Customer,"Provide premium offers, loyalty rewards, and personalized recommendations."
16661.0,541,5,842.1800000000001,1,4,3,143,At Risk,"Launch re-engagement campaigns, targeted discounts, and reminders to bring customers back."
16662.0,395,1,163.8,2,1,1,211,Regular Customer,Use personalized promotions and cross-selling to increase purchase frequency.
16663.0,730,1,165.0,1,1,1,111,Regular Customer,Use personalized promotions and cross-selling to increase purchase frequency.
16664.0,570,1,109.2,1,1,1,111,Regular Customer,Use personalized promotions and cross-selling to increase purchase frequency.
16665.0,363,1,135.39999999999998,2,1,1,211,Regular Customer,Use personalized promotions and cross-selling to increase purchase frequency.
16666.0,20,2,225.94,4,2,1,421,Recent Customer,Send welcome offers and personalized product recommendations to encourage a second purchase.
16667.0,69,2,570.13,3,2,2,322,Regular Customer,Use personalized promotions and cross-selling to increase purchase frequency.
16668.0,16,13,862.42,5,5,3,553,Loyal Customer,"Use loyalty programs, cross-selling, and repeat-purchase offers."
16669.0,24,5,226.14000000000001,4,4,1,441,Loyal Customer,"Use loyalty programs, cross-selling, and repeat-purchase offers."
16670.0,17,33,7786.66,5,5,5,555,VIP Customer,"Provide premium offers, loyalty rewards, and personalized recommendations."
16671.0,29,3,1692.27,4,3,4,434,Regular Customer,Use personalized promotions and cross-selling to increase purchase frequency.
16672.0,3,23,8093.59,5,5,5,555,VIP Customer,"Provide premium offers, loyalty rewards, and personalized recommendations."
16673.0,680,1,188.83,1,1,1,111,Regular Customer,Use personalized promotions and cross-selling to increase purchase frequency.
16674.0,55,2,319.61,4,2,2,422,Recent Customer,Send welcome offers and personalized product recommendations to encourage a second purchase.
16675.0,442,2,608.86,1,2,3,123,Regular Customer,Use personalized promotions and cross-selling to increase purchase frequency.
16676.0,34,7,2328.5,4,4,4,444,VIP Customer,"Provide premium offers, loyalty rewards, and personalized recommendations."
16677.0,394,3,849.77,2,3,3,233,At Risk,"Launch re-engagement campaigns, targeted discounts, and reminders to bring customers back."
16678.0,3,17,3013.83,5,5,5,555,VIP Customer,"Provide premium offers, loyalty rewards, and personalized recommendations."
16679.0,367,3,793.06,2,3,3,233,At Risk,"Launch re-engagement campaigns, targeted discounts, and reminders to bring customers back."
16680.0,44,3,821.45,4,3,3,433,Regular Customer,Use personalized promotions and cross-selling to increase purchase frequency.
16681.0,73,7,1921.84,3,4,4,344,Loyal Customer,"Use loyalty programs, cross-selling, and repeat-purchase offers."
16682.0,5,5,1028.0,5,4,3,543,Loyal Customer,"Use loyalty programs, cross-selling, and repeat-purchase offers."
16683.0,530,2,309.35,1,2,2,122,Regular Customer,Use personalized promotions and cross-selling to increase purchase frequency.
16684.0,5,65,141502.25,5,5,5,555,VIP Customer,"Provide premium offers, loyalty rewards, and personalized recommendations."
16685.0,62,2,324.24,3,2,2,322,Regular Customer,Use personalized promotions and cross-selling to increase purchase frequency.
16686.0,48,18,5051.57,4,5,5,455,VIP Customer,"Provide premium offers, loyalty rewards, and personalized recommendations."
16687.0,391,1,157.63,2,1,1,211,Regular Customer,Use personalized promotions and cross-selling to increase purchase frequency.
16688.0,2,4,1260.86,5,3,4,534,Regular Customer,Use personalized promotions and cross-selling to increase purchase frequency.
16689.0,76,3,303.26,3,3,2,332,Regular Customer,Use personalized promotions and cross-selling to increase purchase frequency.
16690.0,44,5,336.08,4,4,2,442,Loyal Customer,"Use loyalty programs, cross-selling, and repeat-purchase offers."
16691.0,419,2,178.83,1,2,1,121,Regular Customer,Use personalized promotions and cross-selling to increase purchase frequency.
16692.0,257,4,1914.6999999999998,2,3,4,234,At Risk,"Launch re-engagement campaigns, targeted discounts, and reminders to bring customers back."
16693.0,69,5,1199.46,3,4,4,344,Loyal Customer,"Use loyalty programs, cross-selling, and repeat-purchase offers."
16694.0,724,1,98.30000000000001,1,1,1,111,Regular Customer,Use personalized promotions and cross-selling to increase purchase frequency.
16695.0,562,2,193.15,1,2,1,121,Regular Customer,Use personalized promotions and cross-selling to increase purchase frequency.
16696.0,136,4,657.9000000000001,3,3,3,333,Regular Customer,Use personalized promotions and cross-selling to increase purchase frequency.
16697.0,242,1,112.75,2,1,1,211,Regular Customer,Use personalized promotions and cross-selling to increase purchase frequency.
16698.0,227,2,1998.0,2,2,4,224,Regular Customer,Use personalized promotions and cross-selling to increase purchase frequency.
16699.0,381,8,964.9,2,4,3,243,At Risk,"Launch re-engagement campaigns, targeted discounts, and reminders to bring customers back."
16700.0,9,31,9084.06,5,5,5,555,VIP Customer,"Provide premium offers, loyalty rewards, and personalized recommendations."
16701.0,9,34,9614.59,5,5,5,555,VIP Customer,"Provide premium offers, loyalty rewards, and personalized recommendations."
16702.0,416,5,1100.8799999999999,1,4,3,143,At Risk,"Launch re-engagement campaigns, targeted discounts, and reminders to bring customers back."
16703.0,732,1,-15.0,1,1,1,111,Regular Customer,Use personalized promotions and cross-selling to increase purchase frequency.
16704.0,619,2,695.66,1,2,3,123,Regular Customer,Use personalized promotions and cross-selling to increase purchase frequency.
16705.0,1,61,42653.141,5,5,5,555,VIP Customer,"Provide premium offers, loyalty rewards, and personalized recommendations."
16706.0,38,3,531.35,4,3,2,432,Regular Customer,Use personalized promotions and cross-selling to increase purchase frequency.
16707.0,401,4,551.11,2,3,2,232,At Risk,"Launch re-engagement campaigns, targeted discounts, and reminders to bring customers back."
16708.0,46,1,656.63,4,1,3,413,Recent Customer,Send welcome offers and personalized product recommendations to encourage a second purchase.
16709.0,85,14,9087.460000000001,3,5,5,355,Loyal Customer,"Use loyalty programs, cross-selling, and repeat-purchase offers."
16710.0,20,23,6336.34,4,5,5,455,VIP Customer,"Provide premium offers, loyalty rewards, and personalized recommendations."
16711.0,4,10,2751.48,5,5,4,554,VIP Customer,"Provide premium offers, loyalty rewards, and personalized recommendations."
16712.0,10,13,4266.99,5,5,5,555,VIP Customer,"Provide premium offers, loyalty rewards, and personalized recommendations."
16713.0,19,41,14380.54,5,5,5,555,VIP Customer,"Provide premium offers, loyalty rewards, and personalized recommendations."
16714.0,219,7,1254.71,2,4,4,244,At Risk,"Launch re-engagement campaigns, targeted discounts, and reminders to bring customers back."
16715.0,79,2,625.52,3,2,3,323,Regular Customer,Use personalized promotions and cross-selling to increase purchase frequency.
16716.0,267,4,1568.2800000000002,2,3,4,234,At Risk,"Launch re-engagement campaigns, targeted discounts, and reminders to bring customers back."
16717.0,10,20,6309.96,5,5,5,555,VIP Customer,"Provide premium offers, loyalty rewards, and personalized recommendations."
16718.0,370,5,3647.53,2,4,5,245,At Risk,"Launch re-engagement campaigns, targeted discounts, and reminders to bring customers back."
16719.0,15,17,3828.55,5,5,5,555,VIP Customer,"Provide premium offers, loyalty rewards, and personalized recommendations."
16720.0,27,4,593.43,4,3,3,433,Regular Customer,Use personalized promotions and cross-selling to increase purchase frequency.
16721.0,263,1,292.47,2,1,2,212,Regular Customer,Use personalized promotions and cross-selling to increase purchase frequency.
16722.0,18,26,8967.83,5,5,5,555,VIP Customer,"Provide premium offers, loyalty rewards, and personalized recommendations."
16723.0,92,4,1301.63,3,3,4,334,Regular Customer,Use personalized promotions and cross-selling to increase purchase frequency.
16724.0,405,1,147.35,2,1,1,211,Regular Customer,Use personalized promotions and cross-selling to increase purchase frequency.
16725.0,303,16,1870.71,2,5,4,254,At Risk,"Launch re-engagement campaigns, targeted discounts, and reminders to bring customers back."
16726.0,27,7,2088.41,4,4,4,444,VIP Customer,"Provide premium offers, loyalty rewards, and personalized recommendations."
16727.0,365,4,1437.42,2,3,4,234,At Risk,"Launch re-engagement campaigns, targeted discounts, and reminders to bring customers back."
16728.0,47,4,1054.67,4,3,3,433,Regular Customer,Use personalized promotions and cross-selling to increase purchase frequency.
16729.0,37,26,7076.28,4,5,5,455,VIP Customer,"Provide premium offers, loyalty rewards, and personalized recommendations."
16730.0,53,4,702.79,4,3,3,433,Regular Customer,Use personalized promotions and cross-selling to increase purchase frequency.
16731.0,649,1,174.05,1,1,1,111,Regular Customer,Use personalized promotions and cross-selling to increase purchase frequency.
16732.0,32,9,3966.79,4,4,5,445,VIP Customer,"Provide premium offers, loyalty rewards, and personalized recommendations."
16733.0,530,1,259.68,1,1,2,112,Regular Customer,Use personalized promotions and cross-selling to increase purchase frequency.
16734.0,53,3,650.51,4,3,3,433,Regular Customer,Use personalized promotions and cross-selling to increase purchase frequency.
16735.0,79,22,5632.01,3,5,5,355,Loyal Customer,"Use loyalty programs, cross-selling, and repeat-purchase offers."
16736.0,506,8,2904.51,1,4,5,145,At Risk,"Launch re-engagement campaigns, targeted discounts, and reminders to bring customers back."
16737.0,54,2,835.1999999999999,4,2,3,423,Recent Customer,Send welcome offers and personalized product recommendations to encourage a second purchase.
16738.0,298,1,3.75,2,1,1,211,Regular Customer,Use personalized promotions and cross-selling to increase purchase frequency.
16739.0,173,4,772.23,3,3,3,333,Regular Customer,Use personalized promotions and cross-selling to increase purchase frequency.
16740.0,396,1,236.81,2,1,1,211,Regular Customer,Use personalized promotions and cross-selling to increase purchase frequency.
16741.0,626,1,173.06,1,1,1,111,Regular Customer,Use personalized promotions and cross-selling to increase purchase frequency.
16742.0,47,15,2387.71,4,5,4,454,VIP Customer,"Provide premium offers, loyalty rewards, and personalized recommendations."
16743.0,30,15,4207.01,4,5,5,455,VIP Customer,"Provide premium offers, loyalty rewards, and personalized recommendations."
16744.0,12,7,1304.76,5,4,4,544,VIP Customer,"Provide premium offers, loyalty rewards, and personalized recommendations."
16745.0,87,18,7170.7,3,5,5,355,Loyal Customer,"Use loyalty programs, cross-selling, and repeat-purchase offers."
16746.0,5,46,18031.85,5,5,5,555,VIP Customer,"Provide premium offers, loyalty rewards, and personalized recommendations."
16747.0,26,4,826.96,4,3,3,433,Regular Customer,Use personalized promotions and cross-selling to increase purchase frequency.
16748.0,18,15,3632.29,5,5,5,555,VIP Customer,"Provide premium offers, loyalty rewards, and personalized recommendations."
16749.0,592,2,4387.08,1,2,5,125,Regular Customer,Use personalized promotions and cross-selling to increase purchase frequency.
16750.0,45,5,623.93,4,4,3,443,Loyal Customer,"Use loyalty programs, cross-selling, and repeat-purchase offers."
16751.0,31,1,1764.72,4,1,4,414,Recent Customer,Send welcome offers and personalized product recommendations to encourage a second purchase.
16752.0,373,1,415.0,2,1,2,212,Regular Customer,Use personalized promotions and cross-selling to increase purchase frequency.
16753.0,59,1,223.92000000000002,4,1,1,411,Recent Customer,Send welcome offers and personalized product recommendations to encourage a second purchase.
16754.0,373,35,56560.58,2,5,5,255,At Risk,"Launch re-engagement campaigns, targeted discounts, and reminders to bring customers back."
16755.0,115,10,2882.03,3,5,5,355,Loyal Customer,"Use loyalty programs, cross-selling, and repeat-purchase offers."
16756.0,215,9,1287.42,2,4,4,244,At Risk,"Launch re-engagement campaigns, targeted discounts, and reminders to bring customers back."
16757.0,319,2,270.48,2,2,2,222,Regular Customer,Use personalized promotions and cross-selling to increase purchase frequency.
16758.0,66,1,369.34000000000003,3,1,2,312,Regular Customer,Use personalized promotions and cross-selling to increase purchase frequency.
16759.0,8,4,772.84,5,3,3,533,Regular Customer,Use personalized promotions and cross-selling to increase purchase frequency.
16760.0,431,1,228.0,1,1,1,111,Regular Customer,Use personalized promotions and cross-selling to increase purchase frequency.
16761.0,97,1,316.62,3,1,2,312,Regular Customer,Use personalized promotions and cross-selling to increase purchase frequency.
16762.0,20,3,1501.38,4,3,4,434,Regular Customer,Use personalized promotions and cross-selling to increase purchase frequency.
16763.0,186,3,947.75,3,3,3,333,Regular Customer,Use personalized promotions and cross-selling to increase purchase frequency.
16764.0,4,18,2758.25,5,5,4,554,VIP Customer,"Provide premium offers, loyalty rewards, and personalized recommendations."
16765.0,295,2,454.75,2,2,2,222,Regular Customer,Use personalized promotions and cross-selling to increase purchase frequency.
16766.0,274,2,1145.6,2,2,3,223,Regular Customer,Use personalized promotions and cross-selling to increase purchase frequency.
16767.0,31,16,7971.8,4,5,5,455,VIP Customer,"Provide premium offers, loyalty rewards, and personalized recommendations."
16768.0,48,14,1647.07,4,5,4,454,VIP Customer,"Provide premium offers, loyalty rewards, and personalized recommendations."
16769.0,261,4,1141.75,2,3,3,233,At Risk,"Launch re-engagement campaigns, targeted discounts, and reminders to bring customers back."
16770.0,58,11,1900.03,4,5,4,454,VIP Customer,"Provide premium offers, loyalty rewards, and personalized recommendations."
16771.0,34,10,3967.6,4,5,5,455,VIP Customer,"Provide premium offers, loyalty rewards, and personalized recommendations."
16772.0,418,5,2785.6,1,4,4,144,At Risk,"Launch re-engagement campaigns, targeted discounts, and reminders to bring customers back."
16773.0,58,3,421.24,4,3,2,432,Regular Customer,Use personalized promotions and cross-selling to increase purchase frequency.
16774.0,68,9,1587.85,3,4,4,344,Loyal Customer,"Use loyalty programs, cross-selling, and repeat-purchase offers."
16775.0,11,17,2975.29,5,5,5,555,VIP Customer,"Provide premium offers, loyalty rewards, and personalized recommendations."
16776.0,61,2,619.85,3,2,3,323,Regular Customer,Use personalized promotions and cross-selling to increase purchase frequency.
16777.0,81,6,1277.01,3,4,4,344,Loyal Customer,"Use loyalty programs, cross-selling, and repeat-purchase offers."
16778.0,75,2,245.94,3,2,1,321,Regular Customer,Use personalized promotions and cross-selling to increase purchase frequency.
16779.0,3,62,32981.61,5,5,5,555,VIP Customer,"Provide premium offers, loyalty rewards, and personalized recommendations."
16780.0,101,3,605.55,3,3,3,333,Regular Customer,Use personalized promotions and cross-selling to increase purchase frequency.
16781.0,366,3,901.05,2,3,3,233,At Risk,"Launch re-engagement campaigns, targeted discounts, and reminders to bring customers back."
16782.0,11,50,10348.960000000001,5,5,5,555,VIP Customer,"Provide premium offers, loyalty rewards, and personalized recommendations."
16783.0,437,1,391.95,1,1,2,112,Regular Customer,Use personalized promotions and cross-selling to increase purchase frequency.
16784.0,20,5,896.53,4,4,3,443,Loyal Customer,"Use loyalty programs, cross-selling, and repeat-purchase offers."
16785.0,410,1,533.78,2,1,2,212,Regular Customer,Use personalized promotions and cross-selling to increase purchase frequency.
16786.0,394,1,51.839999999999996,2,1,1,211,Regular Customer,Use personalized promotions and cross-selling to increase purchase frequency.
16787.0,398,4,1035.43,2,3,3,233,At Risk,"Launch re-engagement campaigns, targeted discounts, and reminders to bring customers back."
16788.0,124,5,1950.3,3,4,4,344,Loyal Customer,"Use loyalty programs, cross-selling, and repeat-purchase offers."
16789.0,9,1,80.8,5,1,1,511,Recent Customer,Send welcome offers and personalized product recommendations to encourage a second purchase.
16790.0,4,8,1520.1200000000001,5,4,4,544,VIP Customer,"Provide premium offers, loyalty rewards, and personalized recommendations."
16791.0,30,18,3946.12,4,5,5,455,VIP Customer,"Provide premium offers, loyalty rewards, and personalized recommendations."
16792.0,283,5,623.46,2,4,3,243,At Risk,"Launch re-engagement campaigns, targeted discounts, and reminders to bring customers back."
16793.0,58,1,243.84,4,1,1,411,Recent Customer,Send welcome offers and personalized product recommendations to encourage a second purchase.
16794.0,2,17,2069.71,5,5,4,554,VIP Customer,"Provide premium offers, loyalty rewards, and personalized recommendations."
16795.0,366,5,2465.19,2,4,4,244,At Risk,"Launch re-engagement campaigns, targeted discounts, and reminders to bring customers back."
16796.0,90,1,305.62,3,1,2,312,Regular Customer,Use personalized promotions and cross-selling to increase purchase frequency.
16797.0,394,9,1786.77,2,4,4,244,At Risk,"Launch re-engagement campaigns, targeted discounts, and reminders to bring customers back."
16798.0,555,4,837.56,1,3,3,133,At Risk,"Launch re-engagement campaigns, targeted discounts, and reminders to bring customers back."
16799.0,433,3,491.03000000000003,1,3,2,132,At Risk,"Launch re-engagement campaigns, targeted discounts, and reminders to bring customers back."
16800.0,12,1,1201.49,5,1,4,514,Recent Customer,Send welcome offers and personalized product recommendations to encourage a second purchase.
16801.0,164,5,867.83,3,4,3,343,Loyal Customer,"Use loyalty programs, cross-selling, and repeat-purchase offers."
16802.0,680,2,582.61,1,2,2,122,Regular Customer,Use personalized promotions and cross-selling to increase purchase frequency.
16803.0,66,1,332.3,3,1,2,312,Regular Customer,Use personalized promotions and cross-selling to increase purchase frequency.
16804.0,24,3,536.99,4,3,2,432,Regular Customer,Use personalized promotions and cross-selling to increase purchase frequency.
16805.0,174,5,1097.24,3,4,3,343,Loyal Customer,"Use loyalty programs, cross-selling, and repeat-purchase offers."
16806.0,104,4,801.49,3,3,3,333,Regular Customer,Use personalized promotions and cross-selling to increase purchase frequency.
16807.0,143,8,2064.88,3,4,4,344,Loyal Customer,"Use loyalty programs, cross-selling, and repeat-purchase offers."
16808.0,100,2,288.42,3,2,2,322,Regular Customer,Use personalized promotions and cross-selling to increase purchase frequency.
16809.0,24,10,1725.48,4,5,4,454,VIP Customer,"Provide premium offers, loyalty rewards, and personalized recommendations."
16810.0,193,4,786.14,2,3,3,233,At Risk,"Launch re-engagement campaigns, targeted discounts, and reminders to bring customers back."
16811.0,5,2,547.07,5,2,2,522,Recent Customer,Send welcome offers and personalized product recommendations to encourage a second purchase.
16812.0,361,5,2216.8,2,4,4,244,At Risk,"Launch re-engagement campaigns, targeted discounts, and reminders to bring customers back."
16813.0,9,10,1692.98,5,5,4,554,VIP Customer,"Provide premium offers, loyalty rewards, and personalized recommendations."
16814.0,15,37,12491.210000000001,5,5,5,555,VIP Customer,"Provide premium offers, loyalty rewards, and personalized recommendations."
16815.0,454,2,410.97,1,2,2,122,Regular Customer,Use personalized promotions and cross-selling to increase purchase frequency.
16816.0,104,4,417.06,3,3,2,332,Regular Customer,Use personalized promotions and cross-selling to increase purchase frequency.
16817.0,3,18,2594.55,5,5,4,554,VIP Customer,"Provide premium offers, loyalty rewards, and personalized recommendations."
16818.0,11,13,3317.97,5,5,5,555,VIP Customer,"Provide premium offers, loyalty rewards, and personalized recommendations."
16819.0,466,2,182.59,1,2,1,121,Regular Customer,Use personalized promotions and cross-selling to increase purchase frequency.
16820.0,96,1,497.61,3,1,2,312,Regular Customer,Use personalized promotions and cross-selling to increase purchase frequency.
16821.0,382,1,113.35,2,1,1,211,Regular Customer,Use personalized promotions and cross-selling to increase purchase frequency.
16822.0,664,3,144.84,1,3,1,131,At Risk,"Launch re-engagement campaigns, targeted discounts, and reminders to bring customers back."
16823.0,228,8,2253.14,2,4,4,244,At Risk,"Launch re-engagement campaigns, targeted discounts, and reminders to bring customers back."
16824.0,16,3,686.24,5,3,3,533,Regular Customer,Use personalized promotions and cross-selling to increase purchase frequency.
16825.0,39,5,1826.89,4,4,4,444,VIP Customer,"Provide premium offers, loyalty rewards, and personalized recommendations."
16826.0,52,1,341.7,4,1,2,412,Recent Customer,Send welcome offers and personalized product recommendations to encourage a second purchase.
16827.0,394,5,392.13,2,4,2,242,At Risk,"Launch re-engagement campaigns, targeted discounts, and reminders to bring customers back."
16828.0,94,2,128.5,3,2,1,321,Regular Customer,Use personalized promotions and cross-selling to increase purchase frequency.
16829.0,157,2,513.32,3,2,2,322,Regular Customer,Use personalized promotions and cross-selling to increase purchase frequency.
16830.0,39,5,1183.7,4,4,3,443,Loyal Customer,"Use loyalty programs, cross-selling, and repeat-purchase offers."
16831.0,565,1,91.8,1,1,1,111,Regular Customer,Use personalized promotions and cross-selling to increase purchase frequency.
16832.0,185,5,417.61,3,4,2,342,Loyal Customer,"Use loyalty programs, cross-selling, and repeat-purchase offers."
16833.0,2,6,2409.04,5,4,4,544,VIP Customer,"Provide premium offers, loyalty rewards, and personalized recommendations."
16834.0,228,2,898.96,2,2,3,223,Regular Customer,Use personalized promotions and cross-selling to increase purchase frequency.
16835.0,129,10,1471.51,3,5,4,354,Loyal Customer,"Use loyalty programs, cross-selling, and repeat-purchase offers."
16836.0,40,4,782.37,4,3,3,433,Regular Customer,Use personalized promotions and cross-selling to increase purchase frequency.
16837.0,32,12,3167.73,4,5,5,455,VIP Customer,"Provide premium offers, loyalty rewards, and personalized recommendations."
16838.0,198,6,1126.66,2,4,3,243,At Risk,"Launch re-engagement campaigns, targeted discounts, and reminders to bring customers back."
16839.0,9,51,20968.27,5,5,5,555,VIP Customer,"Provide premium offers, loyalty rewards, and personalized recommendations."
16840.0,604,3,126.71000000000001,1,3,1,131,At Risk,"Launch re-engagement campaigns, targeted discounts, and reminders to bring customers back."
16841.0,37,14,3841.16,4,5,5,455,VIP Customer,"Provide premium offers, loyalty rewards, and personalized recommendations."
16842.0,65,4,1260.44,3,3,4,334,Regular Customer,Use personalized promotions and cross-selling to increase purchase frequency.
16843.0,43,38,19528.78,4,5,5,455,VIP Customer,"Provide premium offers, loyalty rewards, and personalized recommendations."
16844.0,563,2,614.34,1,2,3,123,Regular Customer,Use personalized promotions and cross-selling to increase purchase frequency.
16845.0,619,1,253.88,1,1,1,111,Regular Customer,Use personalized promotions and cross-selling to increase purchase frequency.
16846.0,51,3,842.41,4,3,3,433,Regular Customer,Use personalized promotions and cross-selling to increase purchase frequency.
16847.0,44,2,614.89,4,2,3,423,Recent Customer,Send welcome offers and personalized product recommendations to encourage a second purchase.
16848.0,53,4,1411.62,4,3,4,434,Regular Customer,Use personalized promotions and cross-selling to increase purchase frequency.
16849.0,187,1,124.57,3,1,1,311,Regular Customer,Use personalized promotions and cross-selling to increase purchase frequency.
16850.0,334,1,332.41,2,1,2,212,Regular Customer,Use personalized promotions and cross-selling to increase purchase frequency.
16851.0,5,3,342.45,5,3,2,532,Regular Customer,Use personalized promotions and cross-selling to increase purchase frequency.
16852.0,11,2,144.91000000000003,5,2,1,521,Recent Customer,Send welcome offers and personalized product recommendations to encourage a second purchase.
16853.0,732,1,-67.5,1,1,1,111,Regular Customer,Use personalized promotions and cross-selling to increase purchase frequency.
16854.0,418,2,1408.96,1,2,4,124,Regular Customer,Use personalized promotions and cross-selling to increase purchase frequency.
16855.0,24,2,328.4,4,2,2,422,Recent Customer,Send welcome offers and personalized product recommendations to encourage a second purchase.
16856.0,15,3,358.49,5,3,2,532,Regular Customer,Use personalized promotions and cross-selling to increase purchase frequency.
16857.0,443,1,352.8,1,1,2,112,Regular Customer,Use personalized promotions and cross-selling to increase purchase frequency.
16858.0,367,16,4431.63,2,5,5,255,At Risk,"Launch re-engagement campaigns, targeted discounts, and reminders to bring customers back."
16859.0,107,10,1657.74,3,5,4,354,Loyal Customer,"Use loyalty programs, cross-selling, and repeat-purchase offers."
16860.0,453,4,1593.67,1,3,4,134,At Risk,"Launch re-engagement campaigns, targeted discounts, and reminders to bring customers back."
16861.0,60,6,902.37,3,4,3,343,Loyal Customer,"Use loyalty programs, cross-selling, and repeat-purchase offers."
16862.0,548,4,662.33,1,3,3,133,At Risk,"Launch re-engagement campaigns, targeted discounts, and reminders to bring customers back."
16863.0,30,5,977.07,4,4,3,443,Loyal Customer,"Use loyalty programs, cross-selling, and repeat-purchase offers."
16864.0,435,2,409.25,1,2,2,122,Regular Customer,Use personalized promotions and cross-selling to increase purchase frequency.
16865.0,402,1,130.95,2,1,1,211,Regular Customer,Use personalized promotions and cross-selling to increase purchase frequency.
16866.0,141,3,207.73999999999998,3,3,1,331,Regular Customer,Use personalized promotions and cross-selling to increase purchase frequency.
16867.0,690,1,76.74000000000001,1,1,1,111,Regular Customer,Use personalized promotions and cross-selling to increase purchase frequency.
16868.0,395,3,393.39,2,3,2,232,At Risk,"Launch re-engagement campaigns, targeted discounts, and reminders to bring customers back."
16869.0,23,5,805.62,4,4,3,443,Loyal Customer,"Use loyalty programs, cross-selling, and repeat-purchase offers."
16870.0,470,1,450.15999999999997,1,1,2,112,Regular Customer,Use personalized promotions and cross-selling to increase purchase frequency.
16871.0,23,7,2761.4900000000002,4,4,4,444,VIP Customer,"Provide premium offers, loyalty rewards, and personalized recommendations."
16872.0,78,6,1213.13,3,4,4,344,Loyal Customer,"Use loyalty programs, cross-selling, and repeat-purchase offers."
16873.0,5,17,14547.03,5,5,5,555,VIP Customer,"Provide premium offers, loyalty rewards, and personalized recommendations."
16874.0,380,1,217.74,2,1,1,211,Regular Customer,Use personalized promotions and cross-selling to increase purchase frequency.
16875.0,65,20,4053.2,3,5,5,355,Loyal Customer,"Use loyalty programs, cross-selling, and repeat-purchase offers."
16876.0,404,1,136.01,2,1,1,211,Regular Customer,Use personalized promotions and cross-selling to increase purchase frequency.
16877.0,13,6,853.72,5,4,3,543,Loyal Customer,"Use loyalty programs, cross-selling, and repeat-purchase offers."
16878.0,25,2,0.0,4,2,1,421,Recent Customer,Send welcome offers and personalized product recommendations to encourage a second purchase.
16879.0,421,2,-140.95999999999998,1,2,1,121,Regular Customer,Use personalized promotions and cross-selling to increase purchase frequency.
16880.0,31,8,1840.86,4,4,4,444,VIP Customer,"Provide premium offers, loyalty rewards, and personalized recommendations."
16881.0,67,1,432.0,3,1,2,312,Regular Customer,Use personalized promotions and cross-selling to increase purchase frequency.
16882.0,67,3,705.12,3,3,3,333,Regular Customer,Use personalized promotions and cross-selling to increase purchase frequency.
16883.0,188,20,2386.64,3,5,4,354,Loyal Customer,"Use loyalty programs, cross-selling, and repeat-purchase offers."
16884.0,38,4,1073.92,4,3,3,433,Regular Customer,Use personalized promotions and cross-selling to increase purchase frequency.
16885.0,16,4,710.74,5,3,3,533,Regular Customer,Use personalized promotions and cross-selling to increase purchase frequency.
16886.0,445,2,0.0,1,2,1,121,Regular Customer,Use personalized promotions and cross-selling to increase purchase frequency.
16887.0,36,3,660.72,4,3,3,433,Regular Customer,Use personalized promotions and cross-selling to increase purchase frequency.
16888.0,401,3,437.15,2,3,2,232,At Risk,"Launch re-engagement campaigns, targeted discounts, and reminders to bring customers back."
16889.0,195,6,2530.9,2,4,4,244,At Risk,"Launch re-engagement campaigns, targeted discounts, and reminders to bring customers back."
16890.0,477,3,285.41,1,3,2,132,At Risk,"Launch re-engagement campaigns, targeted discounts, and reminders to bring customers back."
16891.0,2,11,2056.82,5,5,4,554,VIP Customer,"Provide premium offers, loyalty rewards, and personalized recommendations."
16892.0,2,9,733.4,5,4,3,543,Loyal Customer,"Use loyalty programs, cross-selling, and repeat-purchase offers."
16893.0,367,2,401.77,2,2,2,222,Regular Customer,Use personalized promotions and cross-selling to increase purchase frequency.
16894.0,503,5,1282.36,1,4,4,144,At Risk,"Launch re-engagement campaigns, targeted discounts, and reminders to bring customers back."
16895.0,65,5,1121.42,3,4,3,343,Loyal Customer,"Use loyalty programs, cross-selling, and repeat-purchase offers."
16896.0,556,1,103.95,1,1,1,111,Regular Customer,Use personalized promotions and cross-selling to increase purchase frequency.
16897.0,300,3,213.03,2,3,1,231,At Risk,"Launch re-engagement campaigns, targeted discounts, and reminders to bring customers back."
16898.0,27,6,887.67,4,4,3,443,Loyal Customer,"Use loyalty programs, cross-selling, and repeat-purchase offers."
16899.0,8,8,1721.02,5,4,4,544,VIP Customer,"Provide premium offers, loyalty rewards, and personalized recommendations."
16900.0,12,5,187.6900000000001,5,4,1,541,Loyal Customer,"Use loyalty programs, cross-selling, and repeat-purchase offers."
16901.0,730,1,204.26,1,1,1,111,Regular Customer,Use personalized promotions and cross-selling to increase purchase frequency.
16902.0,117,1,1706.88,3,1,4,314,Regular Customer,Use personalized promotions and cross-selling to increase purchase frequency.
16903.0,30,4,1029.98,4,3,3,433,Regular Customer,Use personalized promotions and cross-selling to increase purchase frequency.
16904.0,5,21,5132.37,5,5,5,555,VIP Customer,"Provide premium offers, loyalty rewards, and personalized recommendations."
16905.0,6,20,5004.5,5,5,5,555,VIP Customer,"Provide premium offers, loyalty rewards, and personalized recommendations."
16906.0,82,7,1448.8,3,4,4,344,Loyal Customer,"Use loyalty programs, cross-selling, and repeat-purchase offers."
16907.0,30,9,1707.9,4,4,4,444,VIP Customer,"Provide premium offers, loyalty rewards, and personalized recommendations."
16908.0,723,2,153.59,1,2,1,121,Regular Customer,Use personalized promotions and cross-selling to increase purchase frequency.
16909.0,65,2,364.14,3,2,2,322,Regular Customer,Use personalized promotions and cross-selling to increase purchase frequency.
16910.0,5,8,1510.06,5,4,4,544,VIP Customer,"Provide premium offers, loyalty rewards, and personalized recommendations."
16911.0,628,3,251.35,1,3,1,131,At Risk,"Launch re-engagement campaigns, targeted discounts, and reminders to bring customers back."
16912.0,24,18,4433.6,4,5,5,455,VIP Customer,"Provide premium offers, loyalty rewards, and personalized recommendations."
16913.0,291,3,423.90999999999997,2,3,2,232,At Risk,"Launch re-engagement campaigns, targeted discounts, and reminders to bring customers back."
16914.0,37,1,208.46,4,1,1,411,Recent Customer,Send welcome offers and personalized product recommendations to encourage a second purchase.
16915.0,10,11,1543.18,5,5,4,554,VIP Customer,"Provide premium offers, loyalty rewards, and personalized recommendations."
16916.0,24,4,1123.4,4,3,3,433,Regular Customer,Use personalized promotions and cross-selling to increase purchase frequency.
16917.0,277,3,1848.88,2,3,4,234,At Risk,"Launch re-engagement campaigns, targeted discounts, and reminders to bring customers back."
16918.0,50,19,3138.06,4,5,5,455,VIP Customer,"Provide premium offers, loyalty rewards, and personalized recommendations."
16919.0,157,28,5053.81,3,5,5,355,Loyal Customer,"Use loyalty programs, cross-selling, and repeat-purchase offers."
16920.0,412,1,355.45,2,1,2,212,Regular Customer,Use personalized promotions and cross-selling to increase purchase frequency.
16921.0,62,3,446.67,3,3,2,332,Regular Customer,Use personalized promotions and cross-selling to increase purchase frequency.
16922.0,573,1,611.08,1,1,3,113,Regular Customer,Use personalized promotions and cross-selling to increase purchase frequency.
16923.0,13,41,12793.380000000001,5,5,5,555,VIP Customer,"Provide premium offers, loyalty rewards, and personalized recommendations."
16924.0,22,4,739.5,4,3,3,433,Regular Customer,Use personalized promotions and cross-selling to increase purchase frequency.
16925.0,541,1,125.65,1,1,1,111,Regular Customer,Use personalized promotions and cross-selling to increase purchase frequency.
16926.0,372,6,1410.4,2,4,4,244,At Risk,"Launch re-engagement campaigns, targeted discounts, and reminders to bring customers back."
16927.0,116,3,543.05,3,3,2,332,Regular Customer,Use personalized promotions and cross-selling to increase purchase frequency.
16928.0,81,33,3993.58,3,5,5,355,Loyal Customer,"Use loyalty programs, cross-selling, and repeat-purchase offers."
16929.0,4,7,1295.39,5,4,4,544,VIP Customer,"Provide premium offers, loyalty rewards, and personalized recommendations."
16930.0,27,3,380.55,4,3,2,432,Regular Customer,Use personalized promotions and cross-selling to increase purchase frequency.
16931.0,6,23,5233.62,5,5,5,555,VIP Customer,"Provide premium offers, loyalty rewards, and personalized recommendations."
16932.0,54,3,440.71,4,3,2,432,Regular Customer,Use personalized promotions and cross-selling to increase purchase frequency.
16933.0,2,16,3099.6,5,5,5,555,VIP Customer,"Provide premium offers, loyalty rewards, and personalized recommendations."
16934.0,55,7,2090.7400000000002,4,4,4,444,VIP Customer,"Provide premium offers, loyalty rewards, and personalized recommendations."
16935.0,382,3,535.1,2,3,2,232,At Risk,"Launch re-engagement campaigns, targeted discounts, and reminders to bring customers back."
16936.0,26,2,551.17,4,2,2,422,Recent Customer,Send welcome offers and personalized product recommendations to encourage a second purchase.
16937.0,500,1,202.1,1,1,1,111,Regular Customer,Use personalized promotions and cross-selling to increase purchase frequency.
16938.0,9,10,6209.93,5,5,5,555,VIP Customer,"Provide premium offers, loyalty rewards, and personalized recommendations."
16939.0,489,3,449.0,1,3,2,132,At Risk,"Launch re-engagement campaigns, targeted discounts, and reminders to bring customers back."
16940.0,53,11,6245.41,4,5,5,455,VIP Customer,"Provide premium offers, loyalty rewards, and personalized recommendations."
16941.0,612,1,33.0,1,1,1,111,Regular Customer,Use personalized promotions and cross-selling to increase purchase frequency.
16942.0,13,10,1894.11,5,5,4,554,VIP Customer,"Provide premium offers, loyalty rewards, and personalized recommendations."
16943.0,212,7,816.73,2,4,3,243,At Risk,"Launch re-engagement campaigns, targeted discounts, and reminders to bring customers back."
16944.0,610,1,101.36,1,1,1,111,Regular Customer,Use personalized promotions and cross-selling to increase purchase frequency.
16945.0,22,35,8530.66,4,5,5,455,VIP Customer,"Provide premium offers, loyalty rewards, and personalized recommendations."
16946.0,384,6,1199.54,2,4,4,244,At Risk,"Launch re-engagement campaigns, targeted discounts, and reminders to bring customers back."
16947.0,236,10,896.73,2,5,3,253,At Risk,"Launch re-engagement campaigns, targeted discounts, and reminders to bring customers back."
16948.0,139,7,868.77,3,4,3,343,Loyal Customer,"Use loyalty programs, cross-selling, and repeat-purchase offers."
16949.0,4,7,1161.27,5,4,3,543,Loyal Customer,"Use loyalty programs, cross-selling, and repeat-purchase offers."
16950.0,57,12,3725.19,4,5,5,455,VIP Customer,"Provide premium offers, loyalty rewards, and personalized recommendations."
16951.0,124,4,1262.75,3,3,4,334,Regular Customer,Use personalized promotions and cross-selling to increase purchase frequency.
16952.0,110,5,798.78,3,4,3,343,Loyal Customer,"Use loyalty programs, cross-selling, and repeat-purchase offers."
16953.0,31,1,20.8,4,1,1,411,Recent Customer,Send welcome offers and personalized product recommendations to encourage a second purchase.
16954.0,1,21,6037.33,5,5,5,555,VIP Customer,"Provide premium offers, loyalty rewards, and personalized recommendations."
16955.0,185,9,1261.16,3,4,4,344,Loyal Customer,"Use loyalty programs, cross-selling, and repeat-purchase offers."
16956.0,10,2,292.34,5,2,2,522,Recent Customer,Send welcome offers and personalized product recommendations to encourage a second purchase.
16957.0,240,2,416.64,2,2,2,222,Regular Customer,Use personalized promotions and cross-selling to increase purchase frequency.
16958.0,436,1,809.44,1,1,3,113,Regular Customer,Use personalized promotions and cross-selling to increase purchase frequency.
16959.0,88,1,117.35000000000001,3,1,1,311,Regular Customer,Use personalized promotions and cross-selling to increase purchase frequency.
16960.0,39,9,2021.98,4,4,4,444,VIP Customer,"Provide premium offers, loyalty rewards, and personalized recommendations."
16961.0,117,6,773.01,3,4,3,343,Loyal Customer,"Use loyalty programs, cross-selling, and repeat-purchase offers."
16962.0,410,1,251.04,2,1,1,211,Regular Customer,Use personalized promotions and cross-selling to increase purchase frequency.
16963.0,188,1,110.55000000000001,3,1,1,311,Regular Customer,Use personalized promotions and cross-selling to increase purchase frequency.
16964.0,734,2,207.85,1,2,1,121,Regular Customer,Use personalized promotions and cross-selling to increase purchase frequency.
16965.0,227,1,201.19,2,1,1,211,Regular Customer,Use personalized promotions and cross-selling to increase purchase frequency.
16966.0,9,10,2148.47,5,5,4,554,VIP Customer,"Provide premium offers, loyalty rewards, and personalized recommendations."
16967.0,190,1,319.02,3,1,2,312,Regular Customer,Use personalized promotions and cross-selling to increase purchase frequency.
16968.0,5,2,439.43,5,2,2,522,Recent Customer,Send welcome offers and personalized product recommendations to encourage a second purchase.
16969.0,40,3,650.41,4,3,3,433,Regular Customer,Use personalized promotions and cross-selling to increase purchase frequency.
16970.0,627,1,71.4,1,1,1,111,Regular Customer,Use personalized promotions and cross-selling to increase purchase frequency.
16971.0,3,2,232.20999999999998,5,2,1,521,Recent Customer,Send welcome offers and personalized product recommendations to encourage a second purchase.
16972.0,383,2,786.25,2,2,3,223,Regular Customer,Use personalized promotions and cross-selling to increase purchase frequency.
16973.0,387,1,127.0,2,1,1,211,Regular Customer,Use personalized promotions and cross-selling to increase purchase frequency.
16974.0,523,2,365.5,1,2,2,122,Regular Customer,Use personalized promotions and cross-selling to increase purchase frequency.
16975.0,414,5,902.4200000000001,2,4,3,243,At Risk,"Launch re-engagement campaigns, targeted discounts, and reminders to bring customers back."
16976.0,268,1,251.51999999999998,2,1,1,211,Regular Customer,Use personalized promotions and cross-selling to increase purchase frequency.
16977.0,396,4,496.0,2,3,2,232,At Risk,"Launch re-engagement campaigns, targeted discounts, and reminders to bring customers back."
16978.0,78,3,768.88,3,3,3,333,Regular Customer,Use personalized promotions and cross-selling to increase purchase frequency.
16979.0,4,12,2787.09,5,5,4,554,VIP Customer,"Provide premium offers, loyalty rewards, and personalized recommendations."
16980.0,256,3,1473.3300000000002,2,3,4,234,At Risk,"Launch re-engagement campaigns, targeted discounts, and reminders to bring customers back."
16981.0,541,1,-4620.86,1,1,1,111,Regular Customer,Use personalized promotions and cross-selling to increase purchase frequency.
16982.0,61,1,384.06,3,1,2,312,Regular Customer,Use personalized promotions and cross-selling to increase purchase frequency.
16983.0,13,12,3699.17,5,5,5,555,VIP Customer,"Provide premium offers, loyalty rewards, and personalized recommendations."
16984.0,79,19,10599.42,3,5,5,355,Loyal Customer,"Use loyalty programs, cross-selling, and repeat-purchase offers."
16985.0,18,26,10545.76,5,5,5,555,VIP Customer,"Provide premium offers, loyalty rewards, and personalized recommendations."
16986.0,30,11,4888.75,4,5,5,455,VIP Customer,"Provide premium offers, loyalty rewards, and personalized recommendations."
16987.0,4,12,2524.0,5,5,4,554,VIP Customer,"Provide premium offers, loyalty rewards, and personalized recommendations."
16988.0,6,2,382.67,5,2,2,522,Recent Customer,Send welcome offers and personalized product recommendations to encourage a second purchase.
16989.0,8,6,1133.25,5,4,3,543,Loyal Customer,"Use loyalty programs, cross-selling, and repeat-purchase offers."
16990.0,219,2,344.0,2,2,2,222,Regular Customer,Use personalized promotions and cross-selling to increase purchase frequency.
16991.0,422,1,1041.21,1,1,3,113,Regular Customer,Use personalized promotions and cross-selling to increase purchase frequency.
16992.0,11,15,5460.1,5,5,5,555,VIP Customer,"Provide premium offers, loyalty rewards, and personalized recommendations."
16993.0,464,3,1688.15,1,3,4,134,At Risk,"Launch re-engagement campaigns, targeted discounts, and reminders to bring customers back."
16994.0,627,1,-779.32,1,1,1,111,Regular Customer,Use personalized promotions and cross-selling to increase purchase frequency.
16995.0,373,1,-2.5,2,1,1,211,Regular Customer,Use personalized promotions and cross-selling to increase purchase frequency.
16996.0,31,13,2044.16,4,5,4,454,VIP Customer,"Provide premium offers, loyalty rewards, and personalized recommendations."
16997.0,289,3,702.0,2,3,3,233,At Risk,"Launch re-engagement campaigns, targeted discounts, and reminders to bring customers back."
16998.0,150,7,394.02000000000004,3,4,2,342,Loyal Customer,"Use loyalty programs, cross-selling, and repeat-purchase offers."
16999.0,24,2,484.82,4,2,2,422,Recent Customer,Send welcome offers and personalized product recommendations to encourage a second purchase.
17000.0,397,2,406.3,2,2,2,222,Regular Customer,Use personalized promotions and cross-selling to increase purchase frequency.
17001.0,1,19,6640.8,5,5,5,555,VIP Customer,"Provide premium offers, loyalty rewards, and personalized recommendations."
17002.0,74,8,2565.6,3,4,4,344,Loyal Customer,"Use loyalty programs, cross-selling, and repeat-purchase offers."
17003.0,403,4,830.16,2,3,3,233,At Risk,"Launch re-engagement campaigns, targeted discounts, and reminders to bring customers back."
17004.0,47,4,2425.16,4,3,4,434,Regular Customer,Use personalized promotions and cross-selling to increase purchase frequency.
17005.0,471,3,732.41,1,3,3,133,At Risk,"Launch re-engagement campaigns, targeted discounts, and reminders to bring customers back."
17006.0,5,8,1636.32,5,4,4,544,VIP Customer,"Provide premium offers, loyalty rewards, and personalized recommendations."
17007.0,51,8,1107.6,4,4,3,443,Loyal Customer,"Use loyalty programs, cross-selling, and repeat-purchase offers."
17008.0,430,1,81.36,1,1,1,111,Regular Customer,Use personalized promotions and cross-selling to increase purchase frequency.
17009.0,552,1,242.06,1,1,1,111,Regular Customer,Use personalized promotions and cross-selling to increase purchase frequency.
17010.0,17,2,185.46,5,2,1,521,Recent Customer,Send welcome offers and personalized product recommendations to encourage a second purchase.
17011.0,31,4,536.7,4,3,2,432,Regular Customer,Use personalized promotions and cross-selling to increase purchase frequency.
17012.0,726,1,384.16,1,1,2,112,Regular Customer,Use personalized promotions and cross-selling to increase purchase frequency.
17013.0,604,2,-3224.76,1,2,1,121,Regular Customer,Use personalized promotions and cross-selling to increase purchase frequency.
17014.0,9,4,565.58,5,3,2,532,Regular Customer,Use personalized promotions and cross-selling to increase purchase frequency.
17015.0,29,3,1842.56,4,3,4,434,Regular Customer,Use personalized promotions and cross-selling to increase purchase frequency.
17016.0,577,1,552.4,1,1,2,112,Regular Customer,Use personalized promotions and cross-selling to increase purchase frequency.
17017.0,3,41,8087.41,5,5,5,555,VIP Customer,"Provide premium offers, loyalty rewards, and personalized recommendations."
17018.0,41,6,2287.7,4,4,4,444,VIP Customer,"Provide premium offers, loyalty rewards, and personalized recommendations."
17019.0,12,13,3951.5,5,5,5,555,VIP Customer,"Provide premium offers, loyalty rewards, and personalized recommendations."
17020.0,543,2,935.62,1,2,3,123,Regular Customer,Use personalized promotions and cross-selling to increase purchase frequency.
17021.0,443,6,1182.22,1,4,3,143,At Risk,"Launch re-engagement campaigns, targeted discounts, and reminders to bring customers back."
17022.0,32,2,260.0,4,2,2,422,Recent Customer,Send welcome offers and personalized product recommendations to encourage a second purchase.
17023.0,418,3,800.18,1,3,3,133,At Risk,"Launch re-engagement campaigns, targeted discounts, and reminders to bring customers back."
17024.0,46,3,95.85,4,3,1,431,Regular Customer,Use personalized promotions and cross-selling to increase purchase frequency.
17025.0,61,5,1510.6399999999999,3,4,4,344,Loyal Customer,"Use loyalty programs, cross-selling, and repeat-purchase offers."
17026.0,186,3,208.98,3,3,1,331,Regular Customer,Use personalized promotions and cross-selling to increase purchase frequency.
17027.0,79,10,1285.41,3,5,4,354,Loyal Customer,"Use loyalty programs, cross-selling, and repeat-purchase offers."
17028.0,582,3,1593.83,1,3,4,134,At Risk,"Launch re-engagement campaigns, targeted discounts, and reminders to bring customers back."
17029.0,111,7,2137.3,3,4,4,344,Loyal Customer,"Use loyalty programs, cross-selling, and repeat-purchase offers."
17030.0,64,1,146.87,3,1,1,311,Regular Customer,Use personalized promotions and cross-selling to increase purchase frequency.
17031.0,12,6,2773.85,5,4,4,544,VIP Customer,"Provide premium offers, loyalty rewards, and personalized recommendations."
17032.0,442,13,2150.06,1,5,4,154,At Risk,"Launch re-engagement campaigns, targeted discounts, and reminders to bring customers back."
17033.0,87,4,1332.79,3,3,4,334,Regular Customer,Use personalized promotions and cross-selling to increase purchase frequency.
17034.0,17,7,1239.32,5,4,4,544,VIP Customer,"Provide premium offers, loyalty rewards, and personalized recommendations."
17035.0,246,5,568.39,2,4,2,242,At Risk,"Launch re-engagement campaigns, targeted discounts, and reminders to bring customers back."
17036.0,384,1,176.9,2,1,1,211,Regular Customer,Use personalized promotions and cross-selling to increase purchase frequency.
17037.0,79,2,1253.22,3,2,4,324,Regular Customer,Use personalized promotions and cross-selling to increase purchase frequency.
17038.0,31,2,743.17,4,2,3,423,Recent Customer,Send welcome offers and personalized product recommendations to encourage a second purchase.
17039.0,605,1,1954.99,1,1,4,114,Regular Customer,Use personalized promotions and cross-selling to increase purchase frequency.
17040.0,138,2,463.25,3,2,2,322,Regular Customer,Use personalized promotions and cross-selling to increase purchase frequency.
17041.0,27,7,1670.48,4,4,4,444,VIP Customer,"Provide premium offers, loyalty rewards, and personalized recommendations."
17042.0,3,5,1044.3799999999999,5,4,3,543,Loyal Customer,"Use loyalty programs, cross-selling, and repeat-purchase offers."
17043.0,33,8,2616.55,4,4,4,444,VIP Customer,"Provide premium offers, loyalty rewards, and personalized recommendations."
17044.0,9,16,11867.6,5,5,5,555,VIP Customer,"Provide premium offers, loyalty rewards, and personalized recommendations."
17045.0,114,5,827.6800000000001,3,4,3,343,Loyal Customer,"Use loyalty programs, cross-selling, and repeat-purchase offers."
17046.0,158,5,1906.07,3,4,4,344,Loyal Customer,"Use loyalty programs, cross-selling, and repeat-purchase offers."
17047.0,86,6,2289.23,3,4,4,344,Loyal Customer,"Use loyalty programs, cross-selling, and repeat-purchase offers."
17048.0,116,11,1991.45,3,5,4,354,Loyal Customer,"Use loyalty programs, cross-selling, and repeat-purchase offers."
17049.0,3,25,9593.78,5,5,5,555,VIP Customer,"Provide premium offers, loyalty rewards, and personalized recommendations."
17050.0,97,12,4391.66,3,5,5,355,Loyal Customer,"Use loyalty programs, cross-selling, and repeat-purchase offers."
17051.0,195,4,714.39,2,3,3,233,At Risk,"Launch re-engagement campaigns, targeted discounts, and reminders to bring customers back."
17052.0,29,1,413.75,4,1,2,412,Recent Customer,Send welcome offers and personalized product recommendations to encourage a second purchase.
17053.0,129,2,496.38,3,2,2,322,Regular Customer,Use personalized promotions and cross-selling to increase purchase frequency.
17054.0,29,6,1353.83,4,4,4,444,VIP Customer,"Provide premium offers, loyalty rewards, and personalized recommendations."
17055.0,446,1,239.55,1,1,1,111,Regular Customer,Use personalized promotions and cross-selling to increase purchase frequency.
17056.0,739,1,128.60000000000002,1,1,1,111,Regular Customer,Use personalized promotions and cross-selling to increase purchase frequency.
17057.0,597,1,294.74,1,1,2,112,Regular Customer,Use personalized promotions and cross-selling to increase purchase frequency.
17058.0,82,3,1179.89,3,3,3,333,Regular Customer,Use personalized promotions and cross-selling to increase purchase frequency.
17059.0,30,10,5584.83,4,5,5,455,VIP Customer,"Provide premium offers, loyalty rewards, and personalized recommendations."
17060.0,267,1,234.24,2,1,1,211,Regular Customer,Use personalized promotions and cross-selling to increase purchase frequency.
17061.0,74,12,5116.13,3,5,5,355,Loyal Customer,"Use loyalty programs, cross-selling, and repeat-purchase offers."
17062.0,314,7,1204.32,2,4,4,244,At Risk,"Launch re-engagement campaigns, targeted discounts, and reminders to bring customers back."
17063.0,9,23,3576.88,5,5,5,555,VIP Customer,"Provide premium offers, loyalty rewards, and personalized recommendations."
17064.0,59,3,859.35,4,3,3,433,Regular Customer,Use personalized promotions and cross-selling to increase purchase frequency.
17065.0,144,3,82.35,3,3,1,331,Regular Customer,Use personalized promotions and cross-selling to increase purchase frequency.
17066.0,727,1,228.34,1,1,1,111,Regular Customer,Use personalized promotions and cross-selling to increase purchase frequency.
17067.0,725,3,454.54,1,3,2,132,At Risk,"Launch re-engagement campaigns, targeted discounts, and reminders to bring customers back."
17068.0,13,49,9126.43,5,5,5,555,VIP Customer,"Provide premium offers, loyalty rewards, and personalized recommendations."
17069.0,29,21,5718.4,4,5,5,455,VIP Customer,"Provide premium offers, loyalty rewards, and personalized recommendations."
17070.0,115,2,445.32,3,2,2,322,Regular Customer,Use personalized promotions and cross-selling to increase purchase frequency.
17071.0,9,20,3738.45,5,5,5,555,VIP Customer,"Provide premium offers, loyalty rewards, and personalized recommendations."
17072.0,626,1,282.05,1,1,2,112,Regular Customer,Use personalized promotions and cross-selling to increase purchase frequency.
17073.0,18,4,1446.09,5,3,4,534,Regular Customer,Use personalized promotions and cross-selling to increase purchase frequency.
17074.0,563,1,203.05,1,1,1,111,Regular Customer,Use personalized promotions and cross-selling to increase purchase frequency.
17075.0,18,11,2221.38,5,5,4,554,VIP Customer,"Provide premium offers, loyalty rewards, and personalized recommendations."
17076.0,37,6,1242.75,4,4,4,444,VIP Customer,"Provide premium offers, loyalty rewards, and personalized recommendations."
17077.0,579,1,306.0,1,1,2,112,Regular Customer,Use personalized promotions and cross-selling to increase purchase frequency.
17078.0,37,2,378.2,4,2,2,422,Recent Customer,Send welcome offers and personalized product recommendations to encourage a second purchase.
17079.0,79,1,118.80000000000001,3,1,1,311,Regular Customer,Use personalized promotions and cross-selling to increase purchase frequency.
17080.0,23,8,955.41,4,4,3,443,Loyal Customer,"Use loyalty programs, cross-selling, and repeat-purchase offers."
17081.0,26,6,964.39,4,4,3,443,Loyal Customer,"Use loyalty programs, cross-selling, and repeat-purchase offers."
17082.0,34,6,4732.03,4,4,5,445,VIP Customer,"Provide premium offers, loyalty rewards, and personalized recommendations."
17083.0,110,11,4035.08,3,5,5,355,Loyal Customer,"Use loyalty programs, cross-selling, and repeat-purchase offers."
17084.0,36,4,5199.72,4,3,5,435,Regular Customer,Use personalized promotions and cross-selling to increase purchase frequency.
17085.0,124,32,7757.41,3,5,5,355,Loyal Customer,"Use loyalty programs, cross-selling, and repeat-purchase offers."
17086.0,8,6,2050.08,5,4,4,544,VIP Customer,"Provide premium offers, loyalty rewards, and personalized recommendations."
17087.0,738,1,221.53,1,1,1,111,Regular Customer,Use personalized promotions and cross-selling to increase purchase frequency.
17088.0,29,4,1991.01,4,3,4,434,Regular Customer,Use personalized promotions and cross-selling to increase purchase frequency.
17089.0,387,1,128.45,2,1,1,211,Regular Customer,Use personalized promotions and cross-selling to increase purchase frequency.
17090.0,5,15,3055.94,5,5,5,555,VIP Customer,"Provide premium offers, loyalty rewards, and personalized recommendations."
17091.0,3,23,7777.5,5,5,5,555,VIP Customer,"Provide premium offers, loyalty rewards, and personalized recommendations."
17092.0,51,14,5563.31,4,5,5,455,VIP Customer,"Provide premium offers, loyalty rewards, and personalized recommendations."
17093.0,593,1,235.88,1,1,1,111,Regular Customer,Use personalized promotions and cross-selling to increase purchase frequency.
17094.0,319,3,370.40000000000003,2,3,2,232,At Risk,"Launch re-engagement campaigns, targeted discounts, and reminders to bring customers back."
17095.0,23,12,2312.59,4,5,4,454,VIP Customer,"Provide premium offers, loyalty rewards, and personalized recommendations."
17096.0,10,17,3690.83,5,5,5,555,VIP Customer,"Provide premium offers, loyalty rewards, and personalized recommendations."
17097.0,3,10,1323.95,5,5,4,554,VIP Customer,"Provide premium offers, loyalty rewards, and personalized recommendations."
17098.0,382,3,591.0699999999999,2,3,3,233,At Risk,"Launch re-engagement campaigns, targeted discounts, and reminders to bring customers back."
17099.0,534,1,582.17,1,1,2,112,Regular Customer,Use personalized promotions and cross-selling to increase purchase frequency.
17100.0,19,2,971.74,5,2,3,523,Recent Customer,Send welcome offers and personalized product recommendations to encourage a second purchase.
17101.0,11,7,2507.05,5,4,4,544,VIP Customer,"Provide premium offers, loyalty rewards, and personalized recommendations."
17102.0,262,1,25.5,2,1,1,211,Regular Customer,Use personalized promotions and cross-selling to increase purchase frequency.
17103.0,723,1,424.3,1,1,2,112,Regular Customer,Use personalized promotions and cross-selling to increase purchase frequency.
17104.0,424,1,474.03,1,1,2,112,Regular Customer,Use personalized promotions and cross-selling to increase purchase frequency.
17105.0,160,2,665.78,3,2,3,323,Regular Customer,Use personalized promotions and cross-selling to increase purchase frequency.
17106.0,390,1,491.23,2,1,2,212,Regular Customer,Use personalized promotions and cross-selling to increase purchase frequency.
17107.0,33,13,15616.82,4,5,5,455,VIP Customer,"Provide premium offers, loyalty rewards, and personalized recommendations."
17108.0,664,1,174.95,1,1,1,111,Regular Customer,Use personalized promotions and cross-selling to increase purchase frequency.
17109.0,30,10,1280.1,4,5,4,454,VIP Customer,"Provide premium offers, loyalty rewards, and personalized recommendations."
17110.0,166,3,510.7,3,3,2,332,Regular Customer,Use personalized promotions and cross-selling to increase purchase frequency.
17111.0,48,2,476.58,4,2,2,422,Recent Customer,Send welcome offers and personalized product recommendations to encourage a second purchase.
17112.0,503,1,205.17,1,1,1,111,Regular Customer,Use personalized promotions and cross-selling to increase purchase frequency.
17113.0,506,8,2109.16,1,4,4,144,At Risk,"Launch re-engagement campaigns, targeted discounts, and reminders to bring customers back."
17114.0,6,10,747.22,5,5,3,553,Loyal Customer,"Use loyalty programs, cross-selling, and repeat-purchase offers."
17115.0,9,13,2616.29,5,5,4,554,VIP Customer,"Provide premium offers, loyalty rewards, and personalized recommendations."
17116.0,649,1,389.78,1,1,2,112,Regular Customer,Use personalized promotions and cross-selling to increase purchase frequency.
17117.0,289,1,116.19999999999999,2,1,1,211,Regular Customer,Use personalized promotions and cross-selling to increase purchase frequency.
17118.0,318,1,157.02,2,1,1,211,Regular Customer,Use personalized promotions and cross-selling to increase purchase frequency.
17119.0,4,3,593.61,5,3,3,533,Regular Customer,Use personalized promotions and cross-selling to increase purchase frequency.
17120.0,234,1,307.46,2,1,2,212,Regular Customer,Use personalized promotions and cross-selling to increase purchase frequency.
17121.0,403,1,314.74,2,1,2,212,Regular Customer,Use personalized promotions and cross-selling to increase purchase frequency.
17122.0,120,4,570.5,3,3,2,332,Regular Customer,Use personalized promotions and cross-selling to increase purchase frequency.
17123.0,162,3,977.17,3,3,3,333,Regular Customer,Use personalized promotions and cross-selling to increase purchase frequency.
17124.0,186,1,298.89,3,1,2,312,Regular Customer,Use personalized promotions and cross-selling to increase purchase frequency.
17125.0,51,1,259.35,4,1,2,412,Recent Customer,Send welcome offers and personalized product recommendations to encourage a second purchase.
17126.0,153,11,2057.54,3,5,4,354,Loyal Customer,"Use loyalty programs, cross-selling, and repeat-purchase offers."
17127.0,429,5,1155.0300000000002,1,4,3,143,At Risk,"Launch re-engagement campaigns, targeted discounts, and reminders to bring customers back."
17128.0,335,1,157.09,2,1,1,211,Regular Customer,Use personalized promotions and cross-selling to increase purchase frequency.
17129.0,521,1,31.85,1,1,1,111,Regular Customer,Use personalized promotions and cross-selling to increase purchase frequency.
17130.0,683,1,-18.38,1,1,1,111,Regular Customer,Use personalized promotions and cross-selling to increase purchase frequency.
17131.0,6,5,2463.17,5,4,4,544,VIP Customer,"Provide premium offers, loyalty rewards, and personalized recommendations."
17132.0,453,2,1272.8,1,2,4,124,Regular Customer,Use personalized promotions and cross-selling to increase purchase frequency.
17133.0,16,13,12972.09,5,5,5,555,VIP Customer,"Provide premium offers, loyalty rewards, and personalized recommendations."
17134.0,107,3,637.1,3,3,3,333,Regular Customer,Use personalized promotions and cross-selling to increase purchase frequency.
17135.0,17,11,1943.24,5,5,4,554,VIP Customer,"Provide premium offers, loyalty rewards, and personalized recommendations."
17136.0,663,1,231.68,1,1,1,111,Regular Customer,Use personalized promotions and cross-selling to increase purchase frequency.
17137.0,417,6,1133.63,1,4,3,143,At Risk,"Launch re-engagement campaigns, targeted discounts, and reminders to bring customers back."
17138.0,276,7,4417.27,2,4,5,245,At Risk,"Launch re-engagement campaigns, targeted discounts, and reminders to bring customers back."
17139.0,16,29,19491.61,5,5,5,555,VIP Customer,"Provide premium offers, loyalty rewards, and personalized recommendations."
17140.0,248,1,465.32,2,1,2,212,Regular Customer,Use personalized promotions and cross-selling to increase purchase frequency.
17141.0,419,4,754.33,1,3,3,133,At Risk,"Launch re-engagement campaigns, targeted discounts, and reminders to bring customers back."
17142.0,240,4,1283.75,2,3,4,234,At Risk,"Launch re-engagement campaigns, targeted discounts, and reminders to bring customers back."
17143.0,418,2,924.11,1,2,3,123,Regular Customer,Use personalized promotions and cross-selling to increase purchase frequency.
17144.0,2,2,984.57,5,2,3,523,Recent Customer,Send welcome offers and personalized product recommendations to encourage a second purchase.
17145.0,466,7,3014.64,1,4,5,145,At Risk,"Launch re-engagement campaigns, targeted discounts, and reminders to bring customers back."
17146.0,106,16,5795.99,3,5,5,355,Loyal Customer,"Use loyalty programs, cross-selling, and repeat-purchase offers."
17147.0,23,16,3069.15,4,5,5,455,VIP Customer,"Provide premium offers, loyalty rewards, and personalized recommendations."
17148.0,52,1,124.88,4,1,1,411,Recent Customer,Send welcome offers and personalized product recommendations to encourage a second purchase.
17149.0,452,1,143.10000000000002,1,1,1,111,Regular Customer,Use personalized promotions and cross-selling to increase purchase frequency.
17150.0,377,6,1375.65,2,4,4,244,At Risk,"Launch re-engagement campaigns, targeted discounts, and reminders to bring customers back."
17151.0,736,1,231.90000000000003,1,1,1,111,Regular Customer,Use personalized promotions and cross-selling to increase purchase frequency.
17152.0,195,5,1830.5,2,4,4,244,At Risk,"Launch re-engagement campaigns, targeted discounts, and reminders to bring customers back."
17153.0,25,1,213.78,4,1,1,411,Recent Customer,Send welcome offers and personalized product recommendations to encourage a second purchase.
17154.0,76,1,329.34,3,1,2,312,Regular Customer,Use personalized promotions and cross-selling to increase purchase frequency.
17155.0,18,7,892.46,5,4,3,543,Loyal Customer,"Use loyalty programs, cross-selling, and repeat-purchase offers."
17156.0,485,2,572.07,1,2,2,122,Regular Customer,Use personalized promotions and cross-selling to increase purchase frequency.
17157.0,8,20,5139.45,5,5,5,555,VIP Customer,"Provide premium offers, loyalty rewards, and personalized recommendations."
17158.0,33,6,1962.3,4,4,4,444,VIP Customer,"Provide premium offers, loyalty rewards, and personalized recommendations."
17159.0,22,6,2095.44,4,4,4,444,VIP Customer,"Provide premium offers, loyalty rewards, and personalized recommendations."
17160.0,32,18,10201.36,4,5,5,455,VIP Customer,"Provide premium offers, loyalty rewards, and personalized recommendations."
17161.0,445,1,856.01,1,1,3,113,Regular Customer,Use personalized promotions and cross-selling to increase purchase frequency.
17162.0,29,11,1707.21,4,5,4,454,VIP Customer,"Provide premium offers, loyalty rewards, and personalized recommendations."
17163.0,22,4,699.78,4,3,3,433,Regular Customer,Use personalized promotions and cross-selling to increase purchase frequency.
17164.0,33,8,2466.4,4,4,4,444,VIP Customer,"Provide premium offers, loyalty rewards, and personalized recommendations."
17165.0,285,8,1783.63,2,4,4,244,At Risk,"Launch re-engagement campaigns, targeted discounts, and reminders to bring customers back."
17166.0,39,3,189.49,4,3,1,431,Regular Customer,Use personalized promotions and cross-selling to increase purchase frequency.
17167.0,380,3,867.11,2,3,3,233,At Risk,"Launch re-engagement campaigns, targeted discounts, and reminders to bring customers back."
17168.0,499,1,400.2,1,1,2,112,Regular Customer,Use personalized promotions and cross-selling to increase purchase frequency.
17169.0,51,6,1129.8799999999999,4,4,3,443,Loyal Customer,"Use loyalty programs, cross-selling, and repeat-purchase offers."
17170.0,375,3,118.98,2,3,1,231,At Risk,"Launch re-engagement campaigns, targeted discounts, and reminders to bring customers back."
17171.0,290,2,384.59,2,2,2,222,Regular Customer,Use personalized promotions and cross-selling to increase purchase frequency.
17172.0,75,6,910.99,3,4,3,343,Loyal Customer,"Use loyalty programs, cross-selling, and repeat-purchase offers."
17173.0,6,9,3755.65,5,4,5,545,VIP Customer,"Provide premium offers, loyalty rewards, and personalized recommendations."
17174.0,218,1,59.9,2,1,1,211,Regular Customer,Use personalized promotions and cross-selling to increase purchase frequency.
17175.0,45,5,1430.94,4,4,4,444,VIP Customer,"Provide premium offers, loyalty rewards, and personalized recommendations."
17176.0,202,3,902.3199999999999,2,3,3,233,At Risk,"Launch re-engagement campaigns, targeted discounts, and reminders to bring customers back."
17177.0,506,1,119.5,1,1,1,111,Regular Customer,Use personalized promotions and cross-selling to increase purchase frequency.
17178.0,732,1,436.71,1,1,2,112,Regular Customer,Use personalized promotions and cross-selling to increase purchase frequency.
17179.0,179,6,1507.26,3,4,4,344,Loyal Customer,"Use loyalty programs, cross-selling, and repeat-purchase offers."
17180.0,57,14,2236.33,4,5,4,454,VIP Customer,"Provide premium offers, loyalty rewards, and personalized recommendations."
17181.0,58,3,465.37,4,3,2,432,Regular Customer,Use personalized promotions and cross-selling to increase purchase frequency.
17182.0,423,2,321.3,1,2,2,122,Regular Customer,Use personalized promotions and cross-selling to increase purchase frequency.
17183.0,8,8,3286.9100000000003,5,4,5,545,VIP Customer,"Provide premium offers, loyalty rewards, and personalized recommendations."
17184.0,570,2,198.41000000000003,1,2,1,121,Regular Customer,Use personalized promotions and cross-selling to increase purchase frequency.
17185.0,592,3,229.46,1,3,1,131,At Risk,"Launch re-engagement campaigns, targeted discounts, and reminders to bring customers back."
17186.0,47,2,144.0,4,2,1,421,Recent Customer,Send welcome offers and personalized product recommendations to encourage a second purchase.
17187.0,227,2,467.71,2,2,2,222,Regular Customer,Use personalized promotions and cross-selling to increase purchase frequency.
17188.0,12,17,4361.83,5,5,5,555,VIP Customer,"Provide premium offers, loyalty rewards, and personalized recommendations."
17189.0,107,5,957.63,3,4,3,343,Loyal Customer,"Use loyalty programs, cross-selling, and repeat-purchase offers."
17190.0,59,8,1548.04,4,4,4,444,VIP Customer,"Provide premium offers, loyalty rewards, and personalized recommendations."
17191.0,29,16,4810.55,4,5,5,455,VIP Customer,"Provide premium offers, loyalty rewards, and personalized recommendations."
17192.0,537,1,77.83,1,1,1,111,Regular Customer,Use personalized promotions and cross-selling to increase purchase frequency.
17193.0,36,12,2254.6,4,5,4,454,VIP Customer,"Provide premium offers, loyalty rewards, and personalized recommendations."
17194.0,274,3,812.5,2,3,3,233,At Risk,"Launch re-engagement campaigns, targeted discounts, and reminders to bring customers back."
17195.0,656,1,562.98,1,1,2,112,Regular Customer,Use personalized promotions and cross-selling to increase purchase frequency.
17196.0,428,1,352.9,1,1,2,112,Regular Customer,Use personalized promotions and cross-selling to increase purchase frequency.
17197.0,30,1,1013.01,4,1,3,413,Recent Customer,Send welcome offers and personalized product recommendations to encourage a second purchase.
17198.0,24,3,1213.88,4,3,4,434,Regular Customer,Use personalized promotions and cross-selling to increase purchase frequency.
17199.0,583,1,145.12,1,1,1,111,Regular Customer,Use personalized promotions and cross-selling to increase purchase frequency.
17200.0,388,4,356.71,2,3,2,232,At Risk,"Launch re-engagement campaigns, targeted discounts, and reminders to bring customers back."
17201.0,54,5,1226.44,4,4,4,444,VIP Customer,"Provide premium offers, loyalty rewards, and personalized recommendations."
17202.0,421,1,160.65,1,1,1,111,Regular Customer,Use personalized promotions and cross-selling to increase purchase frequency.
17203.0,36,10,5575.88,4,5,5,455,VIP Customer,"Provide premium offers, loyalty rewards, and personalized recommendations."
17204.0,170,15,5263.69,3,5,5,355,Loyal Customer,"Use loyalty programs, cross-selling, and repeat-purchase offers."
17205.0,54,3,999.35,4,3,3,433,Regular Customer,Use personalized promotions and cross-selling to increase purchase frequency.
17206.0,54,1,204.24,4,1,1,411,Recent Customer,Send welcome offers and personalized product recommendations to encourage a second purchase.
17207.0,653,1,303.21999999999997,1,1,2,112,Regular Customer,Use personalized promotions and cross-selling to increase purchase frequency.
17208.0,396,1,115.35,2,1,1,211,Regular Customer,Use personalized promotions and cross-selling to increase purchase frequency.
17209.0,650,3,611.6,1,3,3,133,At Risk,"Launch re-engagement campaigns, targeted discounts, and reminders to bring customers back."
17210.0,393,1,253.37,2,1,1,211,Regular Customer,Use personalized promotions and cross-selling to increase purchase frequency.
17211.0,27,15,4002.1,4,5,5,455,VIP Customer,"Provide premium offers, loyalty rewards, and personalized recommendations."
17212.0,254,3,794.41,2,3,3,233,At Risk,"Launch re-engagement campaigns, targeted discounts, and reminders to bring customers back."
17213.0,41,20,5078.93,4,5,5,455,VIP Customer,"Provide premium offers, loyalty rewards, and personalized recommendations."
17214.0,61,7,984.12,3,4,3,343,Loyal Customer,"Use loyalty programs, cross-selling, and repeat-purchase offers."
17215.0,465,1,186.15,1,1,1,111,Regular Customer,Use personalized promotions and cross-selling to increase purchase frequency.
17216.0,555,1,65.05,1,1,1,111,Regular Customer,Use personalized promotions and cross-selling to increase purchase frequency.
17217.0,235,2,218.0,2,2,1,221,Regular Customer,Use personalized promotions and cross-selling to increase purchase frequency.
17218.0,5,18,4192.68,5,5,5,555,VIP Customer,"Provide premium offers, loyalty rewards, and personalized recommendations."
17219.0,32,2,259.13,4,2,1,421,Recent Customer,Send welcome offers and personalized product recommendations to encourage a second purchase.
17220.0,25,21,4481.75,4,5,5,455,VIP Customer,"Provide premium offers, loyalty rewards, and personalized recommendations."
17221.0,8,5,978.52,5,4,3,543,Loyal Customer,"Use loyalty programs, cross-selling, and repeat-purchase offers."
17222.0,66,6,1605.01,3,4,4,344,Loyal Customer,"Use loyalty programs, cross-selling, and repeat-purchase offers."
17223.0,311,3,873.53,2,3,3,233,At Risk,"Launch re-engagement campaigns, targeted discounts, and reminders to bring customers back."
17224.0,502,1,100.86,1,1,1,111,Regular Customer,Use personalized promotions and cross-selling to increase purchase frequency.
17225.0,582,1,131.15,1,1,1,111,Regular Customer,Use personalized promotions and cross-selling to increase purchase frequency.
17226.0,309,3,900.12,2,3,3,233,At Risk,"Launch re-engagement campaigns, targeted discounts, and reminders to bring customers back."
17227.0,19,12,2022.03,5,5,4,554,VIP Customer,"Provide premium offers, loyalty rewards, and personalized recommendations."
17228.0,16,13,3177.24,5,5,5,555,VIP Customer,"Provide premium offers, loyalty rewards, and personalized recommendations."
17229.0,97,2,318.76,3,2,2,322,Regular Customer,Use personalized promotions and cross-selling to increase purchase frequency.
17230.0,265,23,9695.91,2,5,5,255,At Risk,"Launch re-engagement campaigns, targeted discounts, and reminders to bring customers back."
17231.0,13,35,7091.07,5,5,5,555,VIP Customer,"Provide premium offers, loyalty rewards, and personalized recommendations."
17232.0,3,2,421.52,5,2,2,522,Recent Customer,Send welcome offers and personalized product recommendations to encourage a second purchase.
17233.0,36,3,560.86,4,3,2,432,Regular Customer,Use personalized promotions and cross-selling to increase purchase frequency.
17234.0,183,1,149.89000000000001,3,1,1,311,Regular Customer,Use personalized promotions and cross-selling to increase purchase frequency.
17235.0,26,8,1904.8799999999999,4,4,4,444,VIP Customer,"Provide premium offers, loyalty rewards, and personalized recommendations."
17236.0,13,12,1929.26,5,5,4,554,VIP Customer,"Provide premium offers, loyalty rewards, and personalized recommendations."
17237.0,12,4,1002.08,5,3,3,533,Regular Customer,Use personalized promotions and cross-selling to increase purchase frequency.
17238.0,3,32,7783.1,5,5,5,555,VIP Customer,"Provide premium offers, loyalty rewards, and personalized recommendations."
17239.0,313,6,1174.15,2,4,3,243,At Risk,"Launch re-engagement campaigns, targeted discounts, and reminders to bring customers back."
17240.0,597,1,130.6,1,1,1,111,Regular Customer,Use personalized promotions and cross-selling to increase purchase frequency.
17241.0,386,12,2744.14,2,5,4,254,At Risk,"Launch re-engagement campaigns, targeted discounts, and reminders to bring customers back."
17242.0,109,5,2889.28,3,4,5,345,Loyal Customer,"Use loyalty programs, cross-selling, and repeat-purchase offers."
17243.0,2,80,20709.21,5,5,5,555,VIP Customer,"Provide premium offers, loyalty rewards, and personalized recommendations."
17244.0,54,5,1826.04,4,4,4,444,VIP Customer,"Provide premium offers, loyalty rewards, and personalized recommendations."
17245.0,205,2,371.63,2,2,2,222,Regular Customer,Use personalized promotions and cross-selling to increase purchase frequency.
17246.0,547,2,38.92,1,2,1,121,Regular Customer,Use personalized promotions and cross-selling to increase purchase frequency.
17247.0,16,1,282.19,5,1,2,512,Recent Customer,Send welcome offers and personalized product recommendations to encourage a second purchase.
17248.0,121,2,546.16,3,2,2,322,Regular Customer,Use personalized promotions and cross-selling to increase purchase frequency.
17249.0,429,1,68.03,1,1,1,111,Regular Customer,Use personalized promotions and cross-selling to increase purchase frequency.
17250.0,4,2,384.52,5,2,2,522,Recent Customer,Send welcome offers and personalized product recommendations to encourage a second purchase.
17251.0,363,4,803.73,2,3,3,233,At Risk,"Launch re-engagement campaigns, targeted discounts, and reminders to bring customers back."
17252.0,117,2,353.86,3,2,2,322,Regular Customer,Use personalized promotions and cross-selling to increase purchase frequency.
17253.0,19,1,178.26,5,1,1,511,Recent Customer,Send welcome offers and personalized product recommendations to encourage a second purchase.
17254.0,5,3,470.73,5,3,2,532,Regular Customer,Use personalized promotions and cross-selling to increase purchase frequency.
17255.0,41,4,799.13,4,3,3,433,Regular Customer,Use personalized promotions and cross-selling to increase purchase frequency.
17256.0,108,5,498.93,3,4,2,342,Loyal Customer,"Use loyalty programs, cross-selling, and repeat-purchase offers."
17257.0,437,2,192.73,1,2,1,121,Regular Customer,Use personalized promotions and cross-selling to increase purchase frequency.
17258.0,397,2,417.3,2,2,2,222,Regular Customer,Use personalized promotions and cross-selling to increase purchase frequency.
17259.0,149,6,1889.34,3,4,4,344,Loyal Customer,"Use loyalty programs, cross-selling, and repeat-purchase offers."
17260.0,412,1,120.95,2,1,1,211,Regular Customer,Use personalized promotions and cross-selling to increase purchase frequency.
17261.0,510,1,230.44,1,1,1,111,Regular Customer,Use personalized promotions and cross-selling to increase purchase frequency.
17262.0,53,11,2757.62,4,5,4,454,VIP Customer,"Provide premium offers, loyalty rewards, and personalized recommendations."
17263.0,209,1,63.440000000000005,2,1,1,211,Regular Customer,Use personalized promotions and cross-selling to increase purchase frequency.
17264.0,425,1,279.59,1,1,2,112,Regular Customer,Use personalized promotions and cross-selling to increase purchase frequency.
17265.0,139,2,562.9,3,2,2,322,Regular Customer,Use personalized promotions and cross-selling to increase purchase frequency.
17266.0,3,5,517.73,5,4,2,542,Loyal Customer,"Use loyalty programs, cross-selling, and repeat-purchase offers."
17267.0,128,2,317.62,3,2,2,322,Regular Customer,Use personalized promotions and cross-selling to increase purchase frequency.
17268.0,108,11,1733.8899999999999,3,5,4,354,Loyal Customer,"Use loyalty programs, cross-selling, and repeat-purchase offers."
17269.0,386,1,537.46,2,1,2,212,Regular Customer,Use personalized promotions and cross-selling to increase purchase frequency.
17270.0,470,2,604.4,1,2,3,123,Regular Customer,Use personalized promotions and cross-selling to increase purchase frequency.
17271.0,737,1,210.39,1,1,1,111,Regular Customer,Use personalized promotions and cross-selling to increase purchase frequency.
17272.0,43,5,2144.53,4,4,4,444,VIP Customer,"Provide premium offers, loyalty rewards, and personalized recommendations."
17273.0,425,1,141.12,1,1,1,111,Regular Customer,Use personalized promotions and cross-selling to increase purchase frequency.
17274.0,36,2,577.38,4,2,2,422,Recent Customer,Send welcome offers and personalized product recommendations to encourage a second purchase.
17275.0,384,1,114.52,2,1,1,211,Regular Customer,Use personalized promotions and cross-selling to increase purchase frequency.
17276.0,400,2,451.34000000000003,2,2,2,222,Regular Customer,Use personalized promotions and cross-selling to increase purchase frequency.
17277.0,228,2,1065.3500000000001,2,2,3,223,Regular Customer,Use personalized promotions and cross-selling to increase purchase frequency.
17278.0,242,2,271.24,2,2,2,222,Regular Customer,Use personalized promotions and cross-selling to increase purchase frequency.
17279.0,58,1,187.82999999999998,4,2,1,421,Recent Customer,Send welcome offers and personalized product recommendations to encourage a second purchase.
17280.0,439,1,118.85999999999999,1,2,1,121,Regular Customer,Use personalized promotions and cross-selling to increase purchase frequency.
17281.0,375,6,797.8499999999999,2,4,3,243,At Risk,"Launch re-engagement campaigns, targeted discounts, and reminders to bring customers back."
17282.0,131,5,2339.66,3,4,4,344,Loyal Customer,"Use loyalty programs, cross-selling, and repeat-purchase offers."
17283.0,379,1,188.46,2,2,1,221,Regular Customer,Use personalized promotions and cross-selling to increase purchase frequency.
17284.0,61,11,2328.22,3,5,4,354,Loyal Customer,"Use loyalty programs, cross-selling, and repeat-purchase offers."
17285.0,629,2,428.34,1,2,2,122,Regular Customer,Use personalized promotions and cross-selling to increase purchase frequency.
17286.0,22,3,395.48,4,3,2,432,Regular Customer,Use personalized promotions and cross-selling to increase purchase frequency.
17287.0,27,23,4095.71,4,5,5,455,VIP Customer,"Provide premium offers, loyalty rewards, and personalized recommendations."
17288.0,10,11,2499.98,5,5,4,554,VIP Customer,"Provide premium offers, loyalty rewards, and personalized recommendations."
17289.0,32,11,2069.89,4,5,4,454,VIP Customer,"Provide premium offers, loyalty rewards, and personalized recommendations."
17290.0,4,8,1501.44,5,4,4,544,VIP Customer,"Provide premium offers, loyalty rewards, and personalized recommendations."
17291.0,309,1,550.8000000000001,2,2,2,222,Regular Customer,Use personalized promotions and cross-selling to increase purchase frequency.
17292.0,473,2,271.75,1,2,2,122,Regular Customer,Use personalized promotions and cross-selling to increase purchase frequency.
17293.0,9,17,3774.23,5,5,5,555,VIP Customer,"Provide premium offers, loyalty rewards, and personalized recommendations."
17294.0,670,2,467.78999999999996,1,2,2,122,Regular Customer,Use personalized promotions and cross-selling to increase purchase frequency.
17295.0,29,3,556.95,4,3,2,432,Regular Customer,Use personalized promotions and cross-selling to increase purchase frequency.
17296.0,731,1,338.13,1,2,2,122,Regular Customer,Use personalized promotions and cross-selling to increase purchase frequency.
17297.0,18,1,131.78,5,2,1,521,Recent Customer,Send welcome offers and personalized product recommendations to encourage a second purchase.
17298.0,102,6,952.52,3,4,3,343,Loyal Customer,"Use loyalty programs, cross-selling, and repeat-purchase offers."
17299.0,12,6,1016.08,5,4,3,543,Loyal Customer,"Use loyalty programs, cross-selling, and repeat-purchase offers."
17300.0,391,2,393.64,2,2,2,222,Regular Customer,Use personalized promotions and cross-selling to increase purchase frequency.
17301.0,22,2,330.43,4,2,2,422,Recent Customer,Send welcome offers and personalized product recommendations to encourage a second purchase.
17302.0,15,6,1119.93,5,4,3,543,Loyal Customer,"Use loyalty programs, cross-selling, and repeat-purchase offers."
17303.0,362,1,250.04,2,2,1,221,Regular Customer,Use personalized promotions and cross-selling to increase purchase frequency.
17304.0,535,1,111.5,1,2,1,121,Regular Customer,Use personalized promotions and cross-selling to increase purchase frequency.
17305.0,649,1,2135.46,1,2,4,124,Regular Customer,Use personalized promotions and cross-selling to increase purchase frequency.
17306.0,11,23,9751.77,5,5,5,555,VIP Customer,"Provide premium offers, loyalty rewards, and personalized recommendations."
17307.0,366,15,3225.67,2,5,5,255,At Risk,"Launch re-engagement campaigns, targeted discounts, and reminders to bring customers back."
17308.0,394,2,4511.76,2,2,5,225,Regular Customer,Use personalized promotions and cross-selling to increase purchase frequency.
17309.0,96,3,330.59000000000003,3,3,2,332,Regular Customer,Use personalized promotions and cross-selling to increase purchase frequency.
17310.0,388,2,1025.1,2,2,3,223,Regular Customer,Use personalized promotions and cross-selling to increase purchase frequency.
17311.0,79,7,3490.66,3,4,5,345,Loyal Customer,"Use loyalty programs, cross-selling, and repeat-purchase offers."
17312.0,139,3,644.3,3,3,3,333,Regular Customer,Use personalized promotions and cross-selling to increase purchase frequency.
17313.0,18,2,2288.13,5,2,4,524,Recent Customer,Send welcome offers and personalized product recommendations to encourage a second purchase.
17314.0,25,22,4514.7,4,5,5,455,VIP Customer,"Provide premium offers, loyalty rewards, and personalized recommendations."
17315.0,1,49,9558.55,5,5,5,555,VIP Customer,"Provide premium offers, loyalty rewards, and personalized recommendations."
17316.0,421,1,124.45,1,2,1,121,Regular Customer,Use personalized promotions and cross-selling to increase purchase frequency.
17317.0,47,5,2524.02,4,4,4,444,VIP Customer,"Provide premium offers, loyalty rewards, and personalized recommendations."
17318.0,726,1,164.28,1,2,1,121,Regular Customer,Use personalized promotions and cross-selling to increase purchase frequency.
17319.0,670,1,29.1,1,2,1,121,Regular Customer,Use personalized promotions and cross-selling to increase purchase frequency.
17320.0,101,6,2895.77,3,4,5,345,Loyal Customer,"Use loyalty programs, cross-selling, and repeat-purchase offers."
17321.0,9,6,1741.18,5,4,4,544,VIP Customer,"Provide premium offers, loyalty rewards, and personalized recommendations."
17322.0,377,7,900.64,2,4,3,243,At Risk,"Launch re-engagement campaigns, targeted discounts, and reminders to bring customers back."
17323.0,16,14,1553.51,5,5,4,554,VIP Customer,"Provide premium offers, loyalty rewards, and personalized recommendations."
17324.0,18,13,2148.87,5,5,4,554,VIP Customer,"Provide premium offers, loyalty rewards, and personalized recommendations."
17325.0,281,3,609.5699999999999,2,3,3,233,At Risk,"Launch re-engagement campaigns, targeted discounts, and reminders to bring customers back."
17326.0,409,2,321.95,2,2,2,222,Regular Customer,Use personalized promotions and cross-selling to increase purchase frequency.
17327.0,410,2,152.35,2,2,1,221,Regular Customer,Use personalized promotions and cross-selling to increase purchase frequency.
17328.0,674,1,104.7,1,2,1,121,Regular Customer,Use personalized promotions and cross-selling to increase purchase frequency.
17329.0,15,5,1004.4300000000001,5,4,3,543,Loyal Customer,"Use loyalty programs, cross-selling, and repeat-purchase offers."
17330.0,23,4,423.8,4,3,2,432,Regular Customer,Use personalized promotions and cross-selling to increase purchase frequency.
17331.0,124,1,175.2,3,2,1,321,Regular Customer,Use personalized promotions and cross-selling to increase purchase frequency.
17332.0,529,5,838.27,1,4,3,143,At Risk,"Launch re-engagement campaigns, targeted discounts, and reminders to bring customers back."
17333.0,86,1,494.25,3,2,2,322,Regular Customer,Use personalized promotions and cross-selling to increase purchase frequency.
17334.0,302,4,634.73,2,3,3,233,At Risk,"Launch re-engagement campaigns, targeted discounts, and reminders to bring customers back."
17335.0,384,2,508.0,2,2,2,222,Regular Customer,Use personalized promotions and cross-selling to increase purchase frequency.
17336.0,473,1,81.12,1,2,1,121,Regular Customer,Use personalized promotions and cross-selling to increase purchase frequency.
17337.0,152,7,1944.32,3,4,4,344,Loyal Customer,"Use loyalty programs, cross-selling, and repeat-purchase offers."
17338.0,18,20,12036.57,5,5,5,555,VIP Customer,"Provide premium offers, loyalty rewards, and personalized recommendations."
17339.0,95,4,303.36,3,3,2,332,Regular Customer,Use personalized promotions and cross-selling to increase purchase frequency.
17340.0,10,30,21411.64,5,5,5,555,VIP Customer,"Provide premium offers, loyalty rewards, and personalized recommendations."
17341.0,157,5,1889.83,3,4,4,344,Loyal Customer,"Use loyalty programs, cross-selling, and repeat-purchase offers."
17342.0,375,7,1155.8400000000001,2,4,3,243,At Risk,"Launch re-engagement campaigns, targeted discounts, and reminders to bring customers back."
17343.0,356,6,1259.94,2,4,4,244,At Risk,"Launch re-engagement campaigns, targeted discounts, and reminders to bring customers back."
17344.0,47,3,454.61,4,3,2,432,Regular Customer,Use personalized promotions and cross-selling to increase purchase frequency.
17345.0,16,12,1484.3799999999999,5,5,4,554,VIP Customer,"Provide premium offers, loyalty rewards, and personalized recommendations."
17346.0,4,27,5258.02,5,5,5,555,VIP Customer,"Provide premium offers, loyalty rewards, and personalized recommendations."
17347.0,87,1,228.96,3,2,1,321,Regular Customer,Use personalized promotions and cross-selling to increase purchase frequency.
17348.0,15,9,2476.41,5,4,4,544,VIP Customer,"Provide premium offers, loyalty rewards, and personalized recommendations."
17349.0,180,5,852.25,3,4,3,343,Loyal Customer,"Use loyalty programs, cross-selling, and repeat-purchase offers."
17350.0,9,8,1876.161,5,4,4,544,VIP Customer,"Provide premium offers, loyalty rewards, and personalized recommendations."
17351.0,37,12,1988.23,4,5,4,454,VIP Customer,"Provide premium offers, loyalty rewards, and personalized recommendations."
17352.0,697,1,36.25,1,2,1,121,Regular Customer,Use personalized promotions and cross-selling to increase purchase frequency.
17353.0,130,7,3155.55,3,4,5,345,Loyal Customer,"Use loyalty programs, cross-selling, and repeat-purchase offers."
17354.0,51,4,3143.46,4,3,5,435,Regular Customer,Use personalized promotions and cross-selling to increase purchase frequency.
17355.0,387,1,285.11,2,2,2,222,Regular Customer,Use personalized promotions and cross-selling to increase purchase frequency.
17356.0,312,5,946.47,2,4,3,243,At Risk,"Launch re-engagement campaigns, targeted discounts, and reminders to bring customers back."
17357.0,25,2,388.14,4,2,2,422,Recent Customer,Send welcome offers and personalized product recommendations to encourage a second purchase.
17358.0,304,5,866.05,2,4,3,243,At Risk,"Launch re-engagement campaigns, targeted discounts, and reminders to bring customers back."
17359.0,12,2,284.46,5,2,2,522,Recent Customer,Send welcome offers and personalized product recommendations to encourage a second purchase.
17360.0,18,7,1201.43,5,4,4,544,VIP Customer,"Provide premium offers, loyalty rewards, and personalized recommendations."
17361.0,50,5,880.64,4,4,3,443,Loyal Customer,"Use loyalty programs, cross-selling, and repeat-purchase offers."
17362.0,240,8,1010.54,2,4,3,243,At Risk,"Launch re-engagement campaigns, targeted discounts, and reminders to bring customers back."
17363.0,396,3,940.86,2,3,3,233,At Risk,"Launch re-engagement campaigns, targeted discounts, and reminders to bring customers back."
17364.0,1,31,11684.55,5,5,5,555,VIP Customer,"Provide premium offers, loyalty rewards, and personalized recommendations."
17365.0,13,16,8205.83,5,5,5,555,VIP Customer,"Provide premium offers, loyalty rewards, and personalized recommendations."
17366.0,393,3,1094.59,2,3,3,233,At Risk,"Launch re-engagement campaigns, targeted discounts, and reminders to bring customers back."
17367.0,239,1,168.4,2,2,1,221,Regular Customer,Use personalized promotions and cross-selling to increase purchase frequency.
17368.0,24,16,2213.24,4,5,4,454,VIP Customer,"Provide premium offers, loyalty rewards, and personalized recommendations."
17369.0,456,1,979.1999999999999,1,2,3,123,Regular Customer,Use personalized promotions and cross-selling to increase purchase frequency.
17370.0,73,4,446.18,3,3,2,332,Regular Customer,Use personalized promotions and cross-selling to increase purchase frequency.
17371.0,18,6,662.55,5,4,3,543,Loyal Customer,"Use loyalty programs, cross-selling, and repeat-purchase offers."
17372.0,41,31,4325.43,4,5,5,455,VIP Customer,"Provide premium offers, loyalty rewards, and personalized recommendations."
17373.0,41,7,1167.5,4,4,3,443,Loyal Customer,"Use loyalty programs, cross-selling, and repeat-purchase offers."
17374.0,219,4,711.21,2,3,3,233,At Risk,"Launch re-engagement campaigns, targeted discounts, and reminders to bring customers back."
17375.0,191,5,632.95,3,4,3,343,Loyal Customer,"Use loyalty programs, cross-selling, and repeat-purchase offers."
17376.0,71,4,453.64,3,3,2,332,Regular Customer,Use personalized promotions and cross-selling to increase purchase frequency.
17377.0,24,91,17851.41,4,5,5,455,VIP Customer,"Provide premium offers, loyalty rewards, and personalized recommendations."
17378.0,375,2,0.0,2,2,1,221,Regular Customer,Use personalized promotions and cross-selling to increase purchase frequency.
17379.0,12,1,404.66,5,2,2,522,Recent Customer,Send welcome offers and personalized product recommendations to encourage a second purchase.
17380.0,435,4,643.75,1,3,3,133,At Risk,"Launch re-engagement campaigns, targeted discounts, and reminders to bring customers back."
17381.0,9,39,39999.19,5,5,5,555,VIP Customer,"Provide premium offers, loyalty rewards, and personalized recommendations."
17382.0,66,8,902.28,3,4,3,343,Loyal Customer,"Use loyalty programs, cross-selling, and repeat-purchase offers."
17383.0,5,2,309.99,5,2,2,522,Recent Customer,Send welcome offers and personalized product recommendations to encourage a second purchase.
17384.0,20,3,507.55,4,3,2,432,Regular Customer,Use personalized promotions and cross-selling to increase purchase frequency.
17385.0,15,1,261.11,5,2,2,522,Recent Customer,Send welcome offers and personalized product recommendations to encourage a second purchase.
17386.0,8,7,2812.77,5,4,4,544,VIP Customer,"Provide premium offers, loyalty rewards, and personalized recommendations."
17387.0,20,2,784.11,4,2,3,423,Recent Customer,Send welcome offers and personalized product recommendations to encourage a second purchase.
17388.0,78,11,2691.57,3,5,4,354,Loyal Customer,"Use loyalty programs, cross-selling, and repeat-purchase offers."
17389.0,1,77,54587.03,5,5,5,555,VIP Customer,"Provide premium offers, loyalty rewards, and personalized recommendations."
17390.0,421,1,149.3,1,2,1,121,Regular Customer,Use personalized promotions and cross-selling to increase purchase frequency.
17391.0,164,2,508.8,3,2,2,322,Regular Customer,Use personalized promotions and cross-selling to increase purchase frequency.
17392.0,307,3,626.56,2,3,3,233,At Risk,"Launch re-engagement campaigns, targeted discounts, and reminders to bring customers back."
17393.0,411,2,381.15,2,2,2,222,Regular Customer,Use personalized promotions and cross-selling to increase purchase frequency.
17394.0,220,1,203.86999999999998,2,2,1,221,Regular Customer,Use personalized promotions and cross-selling to increase purchase frequency.
17395.0,509,1,97.5,1,2,1,121,Regular Customer,Use personalized promotions and cross-selling to increase purchase frequency.
17396.0,40,16,8529.6,4,5,5,455,VIP Customer,"Provide premium offers, loyalty rewards, and personalized recommendations."
17397.0,23,3,1233.18,4,3,4,434,Regular Customer,Use personalized promotions and cross-selling to increase purchase frequency.
17398.0,115,3,653.38,3,3,3,333,Regular Customer,Use personalized promotions and cross-selling to increase purchase frequency.
17399.0,541,1,-25111.09,1,2,1,121,Regular Customer,Use personalized promotions and cross-selling to increase purchase frequency.
17400.0,127,8,4677.05,3,4,5,345,Loyal Customer,"Use loyalty programs, cross-selling, and repeat-purchase offers."
17401.0,542,1,114.85,1,2,1,121,Regular Customer,Use personalized promotions and cross-selling to increase purchase frequency.
17402.0,5,26,5047.08,5,5,5,555,VIP Customer,"Provide premium offers, loyalty rewards, and personalized recommendations."
17403.0,37,2,400.57,4,2,2,422,Recent Customer,Send welcome offers and personalized product recommendations to encourage a second purchase.
17404.0,5,28,46006.82,5,5,5,555,VIP Customer,"Provide premium offers, loyalty rewards, and personalized recommendations."
17405.0,2,5,967.22,5,4,3,543,Loyal Customer,"Use loyalty programs, cross-selling, and repeat-purchase offers."
17406.0,331,18,4592.1,2,5,5,255,At Risk,"Launch re-engagement campaigns, targeted discounts, and reminders to bring customers back."
17407.0,412,1,552.9,2,2,2,222,Regular Customer,Use personalized promotions and cross-selling to increase purchase frequency.
17408.0,164,4,164.89000000000001,3,3,1,331,Regular Customer,Use personalized promotions and cross-selling to increase purchase frequency.
17409.0,185,10,7793.51,3,5,5,355,Loyal Customer,"Use loyalty programs, cross-selling, and repeat-purchase offers."
17410.0,17,5,1214.72,5,4,4,544,VIP Customer,"Provide premium offers, loyalty rewards, and personalized recommendations."
17411.0,13,9,1286.53,5,4,4,544,VIP Customer,"Provide premium offers, loyalty rewards, and personalized recommendations."
17412.0,3,19,4384.98,5,5,5,555,VIP Customer,"Provide premium offers, loyalty rewards, and personalized recommendations."
17413.0,405,2,560.14,2,2,2,222,Regular Customer,Use personalized promotions and cross-selling to increase purchase frequency.
17414.0,44,6,2249.52,4,4,4,444,VIP Customer,"Provide premium offers, loyalty rewards, and personalized recommendations."
17415.0,80,1,507.84,3,2,2,322,Regular Customer,Use personalized promotions and cross-selling to increase purchase frequency.
17416.0,30,25,17221.47,4,5,5,455,VIP Customer,"Provide premium offers, loyalty rewards, and personalized recommendations."
17417.0,549,1,164.18,1,2,1,121,Regular Customer,Use personalized promotions and cross-selling to increase purchase frequency.
17418.0,43,3,670.0600000000001,4,3,3,433,Regular Customer,Use personalized promotions and cross-selling to increase purchase frequency.
17419.0,12,20,6474.92,5,5,5,555,VIP Customer,"Provide premium offers, loyalty rewards, and personalized recommendations."
17420.0,51,8,1074.53,4,4,3,443,Loyal Customer,"Use loyalty programs, cross-selling, and repeat-purchase offers."
17421.0,387,3,1059.41,2,3,3,233,At Risk,"Launch re-engagement campaigns, targeted discounts, and reminders to bring customers back."
17422.0,17,20,3341.65,5,5,5,555,VIP Customer,"Provide premium offers, loyalty rewards, and personalized recommendations."
17423.0,46,5,1084.17,4,4,3,443,Loyal Customer,"Use loyalty programs, cross-selling, and repeat-purchase offers."
17424.0,429,1,-176.96,1,2,1,121,Regular Customer,Use personalized promotions and cross-selling to increase purchase frequency.
17425.0,20,2,759.17,4,2,3,423,Recent Customer,Send welcome offers and personalized product recommendations to encourage a second purchase.
17426.0,5,17,7606.37,5,5,5,555,VIP Customer,"Provide premium offers, loyalty rewards, and personalized recommendations."
17427.0,72,1,100.8,3,2,1,321,Regular Customer,Use personalized promotions and cross-selling to increase purchase frequency.
17428.0,1,51,31238.06,5,5,5,555,VIP Customer,"Provide premium offers, loyalty rewards, and personalized recommendations."
17429.0,121,7,1342.16,3,4,4,344,Loyal Customer,"Use loyalty programs, cross-selling, and repeat-purchase offers."
17430.0,33,4,735.17,4,3,3,433,Regular Customer,Use personalized promotions and cross-selling to increase purchase frequency.
17431.0,314,1,403.3,2,2,2,222,Regular Customer,Use personalized promotions and cross-selling to increase purchase frequency.
17432.0,19,9,1751.39,5,4,4,544,VIP Customer,"Provide premium offers, loyalty rewards, and personalized recommendations."
17433.0,89,2,569.96,3,2,2,322,Regular Customer,Use personalized promotions and cross-selling to increase purchase frequency.
17434.0,3,9,2333.42,5,4,4,544,VIP Customer,"Provide premium offers, loyalty rewards, and personalized recommendations."
17435.0,412,1,331.35,2,2,2,222,Regular Customer,Use personalized promotions and cross-selling to increase purchase frequency.
17436.0,2,7,521.31,5,4,2,542,Loyal Customer,"Use loyalty programs, cross-selling, and repeat-purchase offers."
17437.0,530,1,373.17,1,2,2,122,Regular Customer,Use personalized promotions and cross-selling to increase purchase frequency.
17438.0,248,6,1412.6200000000001,2,4,4,244,At Risk,"Launch re-engagement campaigns, targeted discounts, and reminders to bring customers back."
17439.0,656,1,325.74,1,2,2,122,Regular Customer,Use personalized promotions and cross-selling to increase purchase frequency.
17440.0,148,6,314.26,3,4,2,342,Loyal Customer,"Use loyalty programs, cross-selling, and repeat-purchase offers."
17441.0,733,1,293.35,1,2,2,122,Regular Customer,Use personalized promotions and cross-selling to increase purchase frequency.
17442.0,30,23,4500.7,4,5,5,455,VIP Customer,"Provide premium offers, loyalty rewards, and personalized recommendations."
17443.0,220,1,534.24,2,2,2,222,Regular Customer,Use personalized promotions and cross-selling to increase purchase frequency.
17444.0,148,3,2940.04,3,3,5,335,Regular Customer,Use personalized promotions and cross-selling to increase purchase frequency.
17445.0,631,1,-506.51,1,2,1,121,Regular Customer,Use personalized promotions and cross-selling to increase purchase frequency.
17446.0,177,2,120.9,3,2,1,321,Regular Customer,Use personalized promotions and cross-selling to increase purchase frequency.
17447.0,41,2,541.53,4,2,2,422,Recent Customer,Send welcome offers and personalized product recommendations to encourage a second purchase.
17448.0,145,54,10192.73,3,5,5,355,Loyal Customer,"Use loyalty programs, cross-selling, and repeat-purchase offers."
17449.0,3,14,4935.15,5,5,5,555,VIP Customer,"Provide premium offers, loyalty rewards, and personalized recommendations."
17450.0,9,61,233579.38999999998,5,5,5,555,VIP Customer,"Provide premium offers, loyalty rewards, and personalized recommendations."
17451.0,2,10,1648.95,5,5,4,554,VIP Customer,"Provide premium offers, loyalty rewards, and personalized recommendations."
17452.0,604,1,-227.28,1,2,1,121,Regular Customer,Use personalized promotions and cross-selling to increase purchase frequency.
17453.0,18,2,486.71999999999997,5,2,2,522,Recent Customer,Send welcome offers and personalized product recommendations to encourage a second purchase.
17454.0,193,11,1532.64,2,5,4,254,At Risk,"Launch re-engagement campaigns, targeted discounts, and reminders to bring customers back."
17455.0,204,1,131.7,2,2,1,221,Regular Customer,Use personalized promotions and cross-selling to increase purchase frequency.
17456.0,366,2,1225.42,2,2,4,224,Regular Customer,Use personalized promotions and cross-selling to increase purchase frequency.
17457.0,127,18,5799.01,3,5,5,355,Loyal Customer,"Use loyalty programs, cross-selling, and repeat-purchase offers."
17458.0,16,2,529.58,5,2,2,522,Recent Customer,Send welcome offers and personalized product recommendations to encourage a second purchase.
17459.0,44,2,657.3,4,2,3,423,Recent Customer,Send welcome offers and personalized product recommendations to encourage a second purchase.
17460.0,79,21,2007.4,3,5,4,354,Loyal Customer,"Use loyalty programs, cross-selling, and repeat-purchase offers."
17461.0,23,3,757.46,4,3,3,433,Regular Customer,Use personalized promotions and cross-selling to increase purchase frequency.
17462.0,52,3,662.94,4,3,3,433,Regular Customer,Use personalized promotions and cross-selling to increase purchase frequency.
17463.0,17,9,2537.91,5,4,4,544,VIP Customer,"Provide premium offers, loyalty rewards, and personalized recommendations."
17464.0,159,4,879.74,3,3,3,333,Regular Customer,Use personalized promotions and cross-selling to increase purchase frequency.
17465.0,426,9,2533.64,1,4,4,144,At Risk,"Launch re-engagement campaigns, targeted discounts, and reminders to bring customers back."
17466.0,11,2,763.28,5,2,3,523,Recent Customer,Send welcome offers and personalized product recommendations to encourage a second purchase.
17467.0,396,1,102.6,2,2,1,221,Regular Customer,Use personalized promotions and cross-selling to increase purchase frequency.
17468.0,11,3,194.8,5,3,1,531,Regular Customer,Use personalized promotions and cross-selling to increase purchase frequency.
17469.0,17,22,4958.34,5,5,5,555,VIP Customer,"Provide premium offers, loyalty rewards, and personalized recommendations."
17470.0,45,11,2804.87,4,5,4,454,VIP Customer,"Provide premium offers, loyalty rewards, and personalized recommendations."
17471.0,475,1,321.65000000000003,1,2,2,122,Regular Customer,Use personalized promotions and cross-selling to increase purchase frequency.
17472.0,192,4,935.1,2,3,3,233,At Risk,"Launch re-engagement campaigns, targeted discounts, and reminders to bring customers back."
17473.0,402,3,592.15,2,3,3,233,At Risk,"Launch re-engagement campaigns, targeted discounts, and reminders to bring customers back."
17474.0,600,1,1047.0,1,2,3,123,Regular Customer,Use personalized promotions and cross-selling to increase purchase frequency.
17475.0,80,1,194.37,3,2,1,321,Regular Customer,Use personalized promotions and cross-selling to increase purchase frequency.
17476.0,394,4,446.51,2,3,2,232,At Risk,"Launch re-engagement campaigns, targeted discounts, and reminders to bring customers back."
17477.0,613,5,1079.0,1,4,3,143,At Risk,"Launch re-engagement campaigns, targeted discounts, and reminders to bring customers back."
17478.0,409,2,1272.8,2,2,4,224,Regular Customer,Use personalized promotions and cross-selling to increase purchase frequency.
17479.0,633,1,389.26000000000005,1,2,2,122,Regular Customer,Use personalized promotions and cross-selling to increase purchase frequency.
17480.0,74,3,896.72,3,3,3,333,Regular Customer,Use personalized promotions and cross-selling to increase purchase frequency.
17481.0,4,5,1249.34,5,4,4,544,VIP Customer,"Provide premium offers, loyalty rewards, and personalized recommendations."
17482.0,488,2,778.19,1,2,3,123,Regular Customer,Use personalized promotions and cross-selling to increase purchase frequency.
17483.0,66,4,591.73,3,3,3,333,Regular Customer,Use personalized promotions and cross-selling to increase purchase frequency.
17484.0,577,2,209.57,1,2,1,121,Regular Customer,Use personalized promotions and cross-selling to increase purchase frequency.
17485.0,739,1,-29.55,1,2,1,121,Regular Customer,Use personalized promotions and cross-selling to increase purchase frequency.
17486.0,262,1,396.87,2,2,2,222,Regular Customer,Use personalized promotions and cross-selling to increase purchase frequency.
17487.0,729,1,160.55,1,2,1,121,Regular Customer,Use personalized promotions and cross-selling to increase purchase frequency.
17488.0,642,1,336.5,1,2,2,122,Regular Customer,Use personalized promotions and cross-selling to increase purchase frequency.
17489.0,59,2,376.64,4,2,2,422,Recent Customer,Send welcome offers and personalized product recommendations to encourage a second purchase.
17490.0,1,13,2585.06,5,5,4,554,VIP Customer,"Provide premium offers, loyalty rewards, and personalized recommendations."
17491.0,2,18,5964.12,5,5,5,555,VIP Customer,"Provide premium offers, loyalty rewards, and personalized recommendations."
17492.0,249,3,1122.42,2,3,3,233,At Risk,"Launch re-engagement campaigns, targeted discounts, and reminders to bring customers back."
17493.0,386,1,100.91000000000001,2,2,1,221,Regular Customer,Use personalized promotions and cross-selling to increase purchase frequency.
17494.0,502,1,54.699999999999996,1,2,1,121,Regular Customer,Use personalized promotions and cross-selling to increase purchase frequency.
17495.0,8,4,759.07,5,3,3,533,Regular Customer,Use personalized promotions and cross-selling to increase purchase frequency.
17496.0,359,5,1385.89,2,4,4,244,At Risk,"Launch re-engagement campaigns, targeted discounts, and reminders to bring customers back."
17497.0,391,2,287.25,2,2,2,222,Regular Customer,Use personalized promotions and cross-selling to increase purchase frequency.
17498.0,76,1,272.22,3,2,2,322,Regular Customer,Use personalized promotions and cross-selling to increase purchase frequency.
17499.0,290,3,1296.84,2,3,4,234,At Risk,"Launch re-engagement campaigns, targeted discounts, and reminders to bring customers back."
17500.0,18,3,1138.0,5,3,3,533,Regular Customer,Use personalized promotions and cross-selling to increase purchase frequency.
17501.0,221,2,288.6,2,2,2,222,Regular Customer,Use personalized promotions and cross-selling to increase purchase frequency.
17502.0,10,4,689.1,5,3,3,533,Regular Customer,Use personalized promotions and cross-selling to increase purchase frequency.
17503.0,3,2,558.96,5,2,2,522,Recent Customer,Send welcome offers and personalized product recommendations to encourage a second purchase.
17504.0,207,19,9313.37,2,5,5,255,At Risk,"Launch re-engagement campaigns, targeted discounts, and reminders to bring customers back."
17505.0,162,5,2435.48,3,4,4,344,Loyal Customer,"Use loyalty programs, cross-selling, and repeat-purchase offers."
17506.0,71,2,294.29,3,2,2,322,Regular Customer,Use personalized promotions and cross-selling to increase purchase frequency.
17507.0,262,2,605.58,2,2,3,223,Regular Customer,Use personalized promotions and cross-selling to increase purchase frequency.
17508.0,281,9,4546.78,2,4,5,245,At Risk,"Launch re-engagement campaigns, targeted discounts, and reminders to bring customers back."
17509.0,58,11,6100.74,4,5,5,455,VIP Customer,"Provide premium offers, loyalty rewards, and personalized recommendations."
17510.0,25,2,514.56,4,2,2,422,Recent Customer,Send welcome offers and personalized product recommendations to encourage a second purchase.
17511.0,3,85,171885.98,5,5,5,555,VIP Customer,"Provide premium offers, loyalty rewards, and personalized recommendations."
17512.0,29,20,5432.27,4,5,5,455,VIP Customer,"Provide premium offers, loyalty rewards, and personalized recommendations."
17513.0,73,3,1158.8,3,3,3,333,Regular Customer,Use personalized promotions and cross-selling to increase purchase frequency.
17514.0,129,2,542.83,3,2,2,322,Regular Customer,Use personalized promotions and cross-selling to increase purchase frequency.
17515.0,32,9,1617.46,4,4,4,444,VIP Customer,"Provide premium offers, loyalty rewards, and personalized recommendations."
17516.0,16,6,957.55,5,4,3,543,Loyal Customer,"Use loyalty programs, cross-selling, and repeat-purchase offers."
17517.0,309,1,153.94,2,2,1,221,Regular Customer,Use personalized promotions and cross-selling to increase purchase frequency.
17518.0,426,2,329.42,1,2,2,122,Regular Customer,Use personalized promotions and cross-selling to increase purchase frequency.
17519.0,18,17,5102.8,5,5,5,555,VIP Customer,"Provide premium offers, loyalty rewards, and personalized recommendations."
17520.0,54,1,546.81,4,2,2,422,Recent Customer,Send welcome offers and personalized product recommendations to encourage a second purchase.
17521.0,25,6,1276.81,4,4,4,444,VIP Customer,"Provide premium offers, loyalty rewards, and personalized recommendations."
17522.0,2,5,1070.71,5,4,3,543,Loyal Customer,"Use loyalty programs, cross-selling, and repeat-purchase offers."
17523.0,12,4,652.74,5,3,3,533,Regular Customer,Use personalized promotions and cross-selling to increase purchase frequency.
17524.0,362,4,508.9,2,3,2,232,At Risk,"Launch re-engagement campaigns, targeted discounts, and reminders to bring customers back."
17525.0,360,3,1161.9,2,3,3,233,At Risk,"Launch re-engagement campaigns, targeted discounts, and reminders to bring customers back."
17526.0,2,16,3676.84,5,5,5,555,VIP Customer,"Provide premium offers, loyalty rewards, and personalized recommendations."
17527.0,54,6,888.86,4,4,3,443,Loyal Customer,"Use loyalty programs, cross-selling, and repeat-purchase offers."
17528.0,2,11,3540.1,5,5,5,555,VIP Customer,"Provide premium offers, loyalty rewards, and personalized recommendations."
17529.0,611,2,1240.25,1,2,4,124,Regular Customer,Use personalized promotions and cross-selling to increase purchase frequency.
17530.0,2,13,3140.56,5,5,5,555,VIP Customer,"Provide premium offers, loyalty rewards, and personalized recommendations."
17531.0,121,9,1191.22,3,4,4,344,Loyal Customer,"Use loyalty programs, cross-selling, and repeat-purchase offers."
17532.0,386,1,65.34,2,2,1,221,Regular Customer,Use personalized promotions and cross-selling to increase purchase frequency.
17533.0,435,1,34.8,1,2,1,121,Regular Customer,Use personalized promotions and cross-selling to increase purchase frequency.
17534.0,54,5,1668.83,4,4,4,444,VIP Customer,"Provide premium offers, loyalty rewards, and personalized recommendations."
17535.0,281,1,164.4,2,2,1,221,Regular Customer,Use personalized promotions and cross-selling to increase purchase frequency.
17536.0,178,3,364.83,3,3,2,332,Regular Customer,Use personalized promotions and cross-selling to increase purchase frequency.
17537.0,30,2,897.62,4,2,3,423,Recent Customer,Send welcome offers and personalized product recommendations to encourage a second purchase.
17538.0,26,1,98.42,4,2,1,421,Recent Customer,Send welcome offers and personalized product recommendations to encourage a second purchase.
17539.0,618,7,1047.07,1,4,3,143,At Risk,"Launch re-engagement campaigns, targeted discounts, and reminders to bring customers back."
17540.0,9,7,1582.1000000000001,5,4,4,544,VIP Customer,"Provide premium offers, loyalty rewards, and personalized recommendations."
17541.0,510,1,124.46,1,2,1,121,Regular Customer,Use personalized promotions and cross-selling to increase purchase frequency.
17542.0,270,3,341.7,2,3,2,232,At Risk,"Launch re-engagement campaigns, targeted discounts, and reminders to bring customers back."
17543.0,550,1,120.05,1,2,1,121,Regular Customer,Use personalized promotions and cross-selling to increase purchase frequency.
17544.0,391,3,960.69,2,3,3,233,At Risk,"Launch re-engagement campaigns, targeted discounts, and reminders to bring customers back."
17545.0,44,6,1448.54,4,4,4,444,VIP Customer,"Provide premium offers, loyalty rewards, and personalized recommendations."
17546.0,547,1,-648.05,1,2,1,121,Regular Customer,Use personalized promotions and cross-selling to increase purchase frequency.
17547.0,373,4,680.5500000000001,2,3,3,233,At Risk,"Launch re-engagement campaigns, targeted discounts, and reminders to bring customers back."
17548.0,218,6,345.0,2,4,2,242,At Risk,"Launch re-engagement campaigns, targeted discounts, and reminders to bring customers back."
17549.0,24,2,148.86,4,2,1,421,Recent Customer,Send welcome offers and personalized product recommendations to encourage a second purchase.
17550.0,198,10,2206.54,2,5,4,254,At Risk,"Launch re-engagement campaigns, targeted discounts, and reminders to bring customers back."
17551.0,360,1,306.84,2,2,2,222,Regular Customer,Use personalized promotions and cross-selling to increase purchase frequency.
17552.0,43,16,3039.2,4,5,5,455,VIP Customer,"Provide premium offers, loyalty rewards, and personalized recommendations."
17553.0,130,4,3757.6,3,3,5,335,Regular Customer,Use personalized promotions and cross-selling to increase purchase frequency.
17554.0,2,5,1952.45,5,4,4,544,VIP Customer,"Provide premium offers, loyalty rewards, and personalized recommendations."
17555.0,20,5,1057.74,4,4,3,443,Loyal Customer,"Use loyalty programs, cross-selling, and repeat-purchase offers."
17556.0,206,2,300.67,2,2,2,222,Regular Customer,Use personalized promotions and cross-selling to increase purchase frequency.
17557.0,15,4,575.46,5,3,2,532,Regular Customer,Use personalized promotions and cross-selling to increase purchase frequency.
17558.0,394,1,259.17,2,2,2,222,Regular Customer,Use personalized promotions and cross-selling to increase purchase frequency.
17559.0,513,1,167.62,1,2,1,121,Regular Customer,Use personalized promotions and cross-selling to increase purchase frequency.
17560.0,95,9,1895.8,3,4,4,344,Loyal Customer,"Use loyalty programs, cross-selling, and repeat-purchase offers."
17561.0,20,4,722.34,4,3,3,433,Regular Customer,Use personalized promotions and cross-selling to increase purchase frequency.
17562.0,15,8,1107.38,5,4,3,543,Loyal Customer,"Use loyalty programs, cross-selling, and repeat-purchase offers."
17563.0,579,5,309.28000000000003,1,4,2,142,At Risk,"Launch re-engagement campaigns, targeted discounts, and reminders to bring customers back."
17564.0,25,3,454.01,4,3,2,432,Regular Customer,Use personalized promotions and cross-selling to increase purchase frequency.
17565.0,587,1,131.83,1,2,1,121,Regular Customer,Use personalized promotions and cross-selling to increase purchase frequency.
17566.0,9,2,901.21,5,2,3,523,Recent Customer,Send welcome offers and personalized product recommendations to encourage a second purchase.
17567.0,8,11,5037.11,5,5,5,555,VIP Customer,"Provide premium offers, loyalty rewards, and personalized recommendations."
17568.0,634,1,382.79,1,2,2,122,Regular Customer,Use personalized promotions and cross-selling to increase purchase frequency.
17569.0,333,1,344.14,2,2,2,222,Regular Customer,Use personalized promotions and cross-selling to increase purchase frequency.
17570.0,382,2,0.0,2,2,1,221,Regular Customer,Use personalized promotions and cross-selling to increase purchase frequency.
17571.0,51,5,1703.75,4,4,4,444,VIP Customer,"Provide premium offers, loyalty rewards, and personalized recommendations."
17572.0,72,10,723.01,3,5,3,353,Loyal Customer,"Use loyalty programs, cross-selling, and repeat-purchase offers."
17573.0,30,4,362.9,4,3,2,432,Regular Customer,Use personalized promotions and cross-selling to increase purchase frequency.
17574.0,243,1,185.65,2,2,1,221,Regular Customer,Use personalized promotions and cross-selling to increase purchase frequency.
17575.0,668,1,171.7,1,2,1,121,Regular Customer,Use personalized promotions and cross-selling to increase purchase frequency.
17576.0,9,45,8885.66,5,5,5,555,VIP Customer,"Provide premium offers, loyalty rewards, and personalized recommendations."
17577.0,646,2,348.75,1,2,2,122,Regular Customer,Use personalized promotions and cross-selling to increase purchase frequency.
17578.0,191,10,1003.73,3,5,3,353,Loyal Customer,"Use loyalty programs, cross-selling, and repeat-purchase offers."
17579.0,5,5,744.58,5,4,3,543,Loyal Customer,"Use loyalty programs, cross-selling, and repeat-purchase offers."
17580.0,253,5,545.27,2,4,2,242,At Risk,"Launch re-engagement campaigns, targeted discounts, and reminders to bring customers back."
17581.0,1,53,18247.47,5,5,5,555,VIP Customer,"Provide premium offers, loyalty rewards, and personalized recommendations."
17582.0,237,6,1433.7,2,4,4,244,At Risk,"Launch re-engagement campaigns, targeted discounts, and reminders to bring customers back."
17583.0,561,1,135.95,1,2,1,121,Regular Customer,Use personalized promotions and cross-selling to increase purchase frequency.
17584.0,8,7,5294.42,5,4,5,545,VIP Customer,"Provide premium offers, loyalty rewards, and personalized recommendations."
17585.0,110,7,2093.3,3,4,4,344,Loyal Customer,"Use loyalty programs, cross-selling, and repeat-purchase offers."
17586.0,620,1,167.4,1,2,1,121,Regular Customer,Use personalized promotions and cross-selling to increase purchase frequency.
17587.0,629,1,181.66,1,2,1,121,Regular Customer,Use personalized promotions and cross-selling to increase purchase frequency.
17588.0,101,9,2901.65,3,4,5,345,Loyal Customer,"Use loyalty programs, cross-selling, and repeat-purchase offers."
17589.0,61,21,13904.82,3,5,5,355,Loyal Customer,"Use loyalty programs, cross-selling, and repeat-purchase offers."
17590.0,3,3,1479.22,5,3,4,534,Regular Customer,Use personalized promotions and cross-selling to increase purchase frequency.
17591.0,74,9,2765.7200000000003,3,4,4,344,Loyal Customer,"Use loyalty programs, cross-selling, and repeat-purchase offers."
17592.0,739,2,0.0,1,2,1,121,Regular Customer,Use personalized promotions and cross-selling to increase purchase frequency.
17593.0,4,15,8044.0,5,5,5,555,VIP Customer,"Provide premium offers, loyalty rewards, and personalized recommendations."
17594.0,86,4,2497.88,3,3,4,334,Regular Customer,Use personalized promotions and cross-selling to increase purchase frequency.
17595.0,13,2,388.79,5,2,2,522,Recent Customer,Send welcome offers and personalized product recommendations to encourage a second purchase.
17596.0,24,14,4907.32,4,5,5,455,VIP Customer,"Provide premium offers, loyalty rewards, and personalized recommendations."
17597.0,214,7,3425.29,2,4,5,245,At Risk,"Launch re-engagement campaigns, targeted discounts, and reminders to bring customers back."
17598.0,382,1,409.98,2,2,2,222,Regular Customer,Use personalized promotions and cross-selling to increase purchase frequency.
17599.0,465,3,44.55,1,3,1,131,At Risk,"Launch re-engagement campaigns, targeted discounts, and reminders to bring customers back."
17600.0,18,1,161.67000000000002,5,2,1,521,Recent Customer,Send welcome offers and personalized product recommendations to encourage a second purchase.
17601.0,240,2,421.48,2,2,2,222,Regular Customer,Use personalized promotions and cross-selling to increase purchase frequency.
17602.0,3,18,7337.43,5,5,5,555,VIP Customer,"Provide premium offers, loyalty rewards, and personalized recommendations."
17603.0,51,11,120.01000000000002,4,5,1,451,Loyal Customer,"Use loyalty programs, cross-selling, and repeat-purchase offers."
17604.0,218,6,945.9300000000001,2,4,3,243,At Risk,"Launch re-engagement campaigns, targeted discounts, and reminders to bring customers back."
17605.0,591,1,160.75,1,2,1,121,Regular Customer,Use personalized promotions and cross-selling to increase purchase frequency.
17606.0,738,1,87.30000000000001,1,2,1,121,Regular Customer,Use personalized promotions and cross-selling to increase purchase frequency.
17607.0,377,1,333.81,2,2,2,222,Regular Customer,Use personalized promotions and cross-selling to increase purchase frequency.
17608.0,34,4,498.53,4,3,2,432,Regular Customer,Use personalized promotions and cross-selling to increase purchase frequency.
17609.0,41,14,1758.99,4,5,4,454,VIP Customer,"Provide premium offers, loyalty rewards, and personalized recommendations."
17610.0,541,8,1427.84,1,4,4,144,At Risk,"Launch re-engagement campaigns, targeted discounts, and reminders to bring customers back."
17611.0,4,35,8205.38,5,5,5,555,VIP Customer,"Provide premium offers, loyalty rewards, and personalized recommendations."
17612.0,54,32,5156.14,4,5,5,455,VIP Customer,"Provide premium offers, loyalty rewards, and personalized recommendations."
17613.0,23,17,4509.37,4,5,5,455,VIP Customer,"Provide premium offers, loyalty rewards, and personalized recommendations."
17614.0,58,1,390.07,4,2,2,422,Recent Customer,Send welcome offers and personalized product recommendations to encourage a second purchase.
17615.0,131,7,725.7,3,4,3,343,Loyal Customer,"Use loyalty programs, cross-selling, and repeat-purchase offers."
17616.0,174,4,1060.8,3,3,3,333,Regular Customer,Use personalized promotions and cross-selling to increase purchase frequency.
17617.0,559,2,237.28,1,2,1,121,Regular Customer,Use personalized promotions and cross-selling to increase purchase frequency.
17618.0,6,13,4047.94,5,5,5,555,VIP Customer,"Provide premium offers, loyalty rewards, and personalized recommendations."
17619.0,313,1,218.52,2,2,1,221,Regular Customer,Use personalized promotions and cross-selling to increase purchase frequency.
17620.0,60,1,81.44,3,2,1,321,Regular Customer,Use personalized promotions and cross-selling to increase purchase frequency.
17621.0,22,8,3029.32,4,4,5,445,VIP Customer,"Provide premium offers, loyalty rewards, and personalized recommendations."
17622.0,597,3,1125.17,1,3,3,133,At Risk,"Launch re-engagement campaigns, targeted discounts, and reminders to bring customers back."
17623.0,33,7,2383.67,4,4,4,444,VIP Customer,"Provide premium offers, loyalty rewards, and personalized recommendations."
17624.0,15,4,1568.63,5,3,4,534,Regular Customer,Use personalized promotions and cross-selling to increase purchase frequency.
17625.0,19,8,6067.8,5,4,5,545,VIP Customer,"Provide premium offers, loyalty rewards, and personalized recommendations."
17626.0,603,1,254.0,1,2,1,121,Regular Customer,Use personalized promotions and cross-selling to increase purchase frequency.
17627.0,479,2,285.11,1,2,2,122,Regular Customer,Use personalized promotions and cross-selling to increase purchase frequency.
17628.0,82,1,75.75,3,2,1,321,Regular Customer,Use personalized promotions and cross-selling to increase purchase frequency.
17629.0,6,11,2425.52,5,5,4,554,VIP Customer,"Provide premium offers, loyalty rewards, and personalized recommendations."
17630.0,170,2,503.59999999999997,3,2,2,322,Regular Customer,Use personalized promotions and cross-selling to increase purchase frequency.
17631.0,2,7,998.49,5,4,3,543,Loyal Customer,"Use loyalty programs, cross-selling, and repeat-purchase offers."
17632.0,718,2,-12.7,1,2,1,121,Regular Customer,Use personalized promotions and cross-selling to increase purchase frequency.
17633.0,32,9,1974.89,4,4,4,444,VIP Customer,"Provide premium offers, loyalty rewards, and personalized recommendations."
17634.0,37,9,2361.9700000000003,4,4,4,444,VIP Customer,"Provide premium offers, loyalty rewards, and personalized recommendations."
17635.0,425,4,1256.83,1,3,4,134,At Risk,"Launch re-engagement campaigns, targeted discounts, and reminders to bring customers back."
17636.0,9,2,265.93,5,2,2,522,Recent Customer,Send welcome offers and personalized product recommendations to encourage a second purchase.
17637.0,32,2,547.0600000000001,4,2,2,422,Recent Customer,Send welcome offers and personalized product recommendations to encourage a second purchase.
17638.0,648,2,842.4,1,2,3,123,Regular Customer,Use personalized promotions and cross-selling to increase purchase frequency.
17639.0,277,6,615.17,2,4,3,243,At Risk,"Launch re-engagement campaigns, targeted discounts, and reminders to bring customers back."
17640.0,87,8,3107.59,3,4,5,345,Loyal Customer,"Use loyalty programs, cross-selling, and repeat-purchase offers."
17641.0,739,1,-6.95,1,2,1,121,Regular Customer,Use personalized promotions and cross-selling to increase purchase frequency.
17642.0,120,5,1824.49,3,4,4,344,Loyal Customer,"Use loyalty programs, cross-selling, and repeat-purchase offers."
17643.0,374,2,541.25,2,2,2,222,Regular Customer,Use personalized promotions and cross-selling to increase purchase frequency.
17644.0,2,28,5864.54,5,5,5,555,VIP Customer,"Provide premium offers, loyalty rewards, and personalized recommendations."
17645.0,729,1,-9.9,1,2,1,121,Regular Customer,Use personalized promotions and cross-selling to increase purchase frequency.
17646.0,220,16,4094.1600000000003,2,5,5,255,At Risk,"Launch re-engagement campaigns, targeted discounts, and reminders to bring customers back."
17647.0,66,3,331.65999999999997,3,3,2,332,Regular Customer,Use personalized promotions and cross-selling to increase purchase frequency.
17648.0,61,6,2208.42,3,4,4,344,Loyal Customer,"Use loyalty programs, cross-selling, and repeat-purchase offers."
17649.0,135,5,1542.44,3,4,4,344,Loyal Customer,"Use loyalty programs, cross-selling, and repeat-purchase offers."
17650.0,22,1,166.08,4,2,1,421,Recent Customer,Send welcome offers and personalized product recommendations to encourage a second purchase.
17651.0,12,22,5632.59,5,5,5,555,VIP Customer,"Provide premium offers, loyalty rewards, and personalized recommendations."
17652.0,26,18,4737.13,4,5,5,455,VIP Customer,"Provide premium offers, loyalty rewards, and personalized recommendations."
17653.0,30,5,1175.88,4,4,3,443,Loyal Customer,"Use loyalty programs, cross-selling, and repeat-purchase offers."
17654.0,278,1,117.55,2,2,1,221,Regular Customer,Use personalized promotions and cross-selling to increase purchase frequency.
17655.0,11,10,3585.28,5,5,5,555,VIP Customer,"Provide premium offers, loyalty rewards, and personalized recommendations."
17656.0,74,5,1674.69,3,4,4,344,Loyal Customer,"Use loyalty programs, cross-selling, and repeat-purchase offers."
17657.0,431,1,126.0,1,2,1,121,Regular Customer,Use personalized promotions and cross-selling to increase purchase frequency.
17658.0,11,3,485.88,5,3,2,532,Regular Customer,Use personalized promotions and cross-selling to increase purchase frequency.
17659.0,4,17,3784.13,5,5,5,555,VIP Customer,"Provide premium offers, loyalty rewards, and personalized recommendations."
17660.0,142,2,359.47,3,2,2,322,Regular Customer,Use personalized promotions and cross-selling to increase purchase frequency.
17661.0,642,1,-54.0,1,2,1,121,Regular Customer,Use personalized promotions and cross-selling to increase purchase frequency.
17662.0,662,2,412.92,1,2,2,122,Regular Customer,Use personalized promotions and cross-selling to increase purchase frequency.
17663.0,26,23,5081.04,4,5,5,455,VIP Customer,"Provide premium offers, loyalty rewards, and personalized recommendations."
17664.0,19,4,1166.23,5,3,3,533,Regular Customer,Use personalized promotions and cross-selling to increase purchase frequency.
17665.0,494,1,563.1,1,2,2,122,Regular Customer,Use personalized promotions and cross-selling to increase purchase frequency.
17666.0,4,5,2047.8,5,4,4,544,VIP Customer,"Provide premium offers, loyalty rewards, and personalized recommendations."
17667.0,67,12,3883.8,3,5,5,355,Loyal Customer,"Use loyalty programs, cross-selling, and repeat-purchase offers."
17668.0,2,2,347.75,5,2,2,522,Recent Customer,Send welcome offers and personalized product recommendations to encourage a second purchase.
17669.0,43,10,6142.35,4,5,5,455,VIP Customer,"Provide premium offers, loyalty rewards, and personalized recommendations."
17670.0,228,1,205.7,2,2,1,221,Regular Customer,Use personalized promotions and cross-selling to increase purchase frequency.
17671.0,16,7,2114.71,5,4,4,544,VIP Customer,"Provide premium offers, loyalty rewards, and personalized recommendations."
17672.0,44,9,5707.08,4,4,5,445,VIP Customer,"Provide premium offers, loyalty rewards, and personalized recommendations."
17673.0,2,15,4216.33,5,5,5,555,VIP Customer,"Provide premium offers, loyalty rewards, and personalized recommendations."
17674.0,75,2,851.7,3,2,3,323,Regular Customer,Use personalized promotions and cross-selling to increase purchase frequency.
17675.0,2,90,37605.840000000004,5,5,5,555,VIP Customer,"Provide premium offers, loyalty rewards, and personalized recommendations."
17676.0,5,13,2722.52,5,5,4,554,VIP Customer,"Provide premium offers, loyalty rewards, and personalized recommendations."
17677.0,2,91,35866.63,5,5,5,555,VIP Customer,"Provide premium offers, loyalty rewards, and personalized recommendations."
17678.0,264,3,579.81,2,3,2,232,At Risk,"Launch re-engagement campaigns, targeted discounts, and reminders to bring customers back."
17679.0,53,11,3166.56,4,5,5,455,VIP Customer,"Provide premium offers, loyalty rewards, and personalized recommendations."
17680.0,24,4,462.5,4,3,2,432,Regular Customer,Use personalized promotions and cross-selling to increase purchase frequency.
17681.0,598,6,529.6,1,4,2,142,At Risk,"Launch re-engagement campaigns, targeted discounts, and reminders to bring customers back."
17682.0,11,12,4441.78,5,5,5,555,VIP Customer,"Provide premium offers, loyalty rewards, and personalized recommendations."
17683.0,386,3,819.01,2,3,3,233,At Risk,"Launch re-engagement campaigns, targeted discounts, and reminders to bring customers back."
17684.0,44,1,239.41,4,2,1,421,Recent Customer,Send welcome offers and personalized product recommendations to encourage a second purchase.
17685.0,17,14,5928.17,5,5,5,555,VIP Customer,"Provide premium offers, loyalty rewards, and personalized recommendations."
17686.0,8,9,8296.81,5,4,5,545,VIP Customer,"Provide premium offers, loyalty rewards, and personalized recommendations."
17687.0,421,1,432.68,1,2,2,122,Regular Customer,Use personalized promotions and cross-selling to increase purchase frequency.
17688.0,375,2,286.5,2,2,2,222,Regular Customer,Use personalized promotions and cross-selling to increase purchase frequency.
17689.0,389,2,317.08,2,2,2,222,Regular Customer,Use personalized promotions and cross-selling to increase purchase frequency.
17690.0,31,21,7438.6,4,5,5,455,VIP Customer,"Provide premium offers, loyalty rewards, and personalized recommendations."
17691.0,359,5,769.85,2,4,3,243,At Risk,"Launch re-engagement campaigns, targeted discounts, and reminders to bring customers back."
17692.0,128,14,2962.4,3,5,5,355,Loyal Customer,"Use loyalty programs, cross-selling, and repeat-purchase offers."
17693.0,137,3,187.02,3,3,1,331,Regular Customer,Use personalized promotions and cross-selling to increase purchase frequency.
17694.0,142,3,1695.97,3,3,4,334,Regular Customer,Use personalized promotions and cross-selling to increase purchase frequency.
17695.0,132,6,1720.54,3,4,4,344,Loyal Customer,"Use loyalty programs, cross-selling, and repeat-purchase offers."
17696.0,39,48,7380.89,4,5,5,455,VIP Customer,"Provide premium offers, loyalty rewards, and personalized recommendations."
17697.0,237,1,338.95,2,2,2,222,Regular Customer,Use personalized promotions and cross-selling to increase purchase frequency.
17698.0,261,1,154.95,2,2,1,221,Regular Customer,Use personalized promotions and cross-selling to increase purchase frequency.
17699.0,477,2,442.0,1,2,2,122,Regular Customer,Use personalized promotions and cross-selling to increase purchase frequency.
17700.0,17,17,6630.87,5,5,5,555,VIP Customer,"Provide premium offers, loyalty rewards, and personalized recommendations."
17701.0,253,1,417.95,2,2,2,222,Regular Customer,Use personalized promotions and cross-selling to increase purchase frequency.
17702.0,31,9,2911.79,4,4,5,445,VIP Customer,"Provide premium offers, loyalty rewards, and personalized recommendations."
17703.0,36,4,1094.84,4,3,3,433,Regular Customer,Use personalized promotions and cross-selling to increase purchase frequency.
17704.0,169,2,885.19,3,2,3,323,Regular Customer,Use personalized promotions and cross-selling to increase purchase frequency.
17705.0,4,12,2041.5,5,5,4,554,VIP Customer,"Provide premium offers, loyalty rewards, and personalized recommendations."
17706.0,5,43,19543.9,5,5,5,555,VIP Customer,"Provide premium offers, loyalty rewards, and personalized recommendations."
17707.0,186,9,605.0500000000001,3,4,3,343,Loyal Customer,"Use loyalty programs, cross-selling, and repeat-purchase offers."
17708.0,188,4,887.9300000000001,3,3,3,333,Regular Customer,Use personalized promotions and cross-selling to increase purchase frequency.
17709.0,170,5,671.01,3,4,3,343,Loyal Customer,"Use loyalty programs, cross-selling, and repeat-purchase offers."
17710.0,424,1,293.5,1,2,2,122,Regular Customer,Use personalized promotions and cross-selling to increase purchase frequency.
17711.0,11,2,385.1,5,2,2,522,Recent Customer,Send welcome offers and personalized product recommendations to encourage a second purchase.
17712.0,45,1,522.91,4,2,2,422,Recent Customer,Send welcome offers and personalized product recommendations to encourage a second purchase.
17713.0,383,4,1198.09,2,3,4,234,At Risk,"Launch re-engagement campaigns, targeted discounts, and reminders to bring customers back."
17714.0,321,9,1376.58,2,4,4,244,At Risk,"Launch re-engagement campaigns, targeted discounts, and reminders to bring customers back."
17715.0,201,2,489.59999999999997,2,2,2,222,Regular Customer,Use personalized promotions and cross-selling to increase purchase frequency.
17716.0,23,27,15671.32,4,5,5,455,VIP Customer,"Provide premium offers, loyalty rewards, and personalized recommendations."
17717.0,422,1,376.92,1,2,2,122,Regular Customer,Use personalized promotions and cross-selling to increase purchase frequency.
17718.0,233,3,386.98,2,3,2,232,At Risk,"Launch re-engagement campaigns, targeted discounts, and reminders to bring customers back."
17719.0,38,18,5367.8,4,5,5,455,VIP Customer,"Provide premium offers, loyalty rewards, and personalized recommendations."
17720.0,27,12,2715.06,4,5,4,454,VIP Customer,"Provide premium offers, loyalty rewards, and personalized recommendations."
17721.0,660,1,307.21000000000004,1,2,2,122,Regular Customer,Use personalized promotions and cross-selling to increase purchase frequency.
17722.0,97,7,4386.96,3,4,5,345,Loyal Customer,"Use loyalty programs, cross-selling, and repeat-purchase offers."
17723.0,128,7,3378.4000000000005,3,4,5,345,Loyal Customer,"Use loyalty programs, cross-selling, and repeat-purchase offers."
17724.0,58,4,995.6500000000001,4,3,3,433,Regular Customer,Use personalized promotions and cross-selling to increase purchase frequency.
17725.0,17,14,3371.13,5,5,5,555,VIP Customer,"Provide premium offers, loyalty rewards, and personalized recommendations."
17726.0,396,8,1089.56,2,4,3,243,At Risk,"Launch re-engagement campaigns, targeted discounts, and reminders to bring customers back."
17727.0,10,2,1042.55,5,2,3,523,Recent Customer,Send welcome offers and personalized product recommendations to encourage a second purchase.
17728.0,4,8,3861.13,5,4,5,545,VIP Customer,"Provide premium offers, loyalty rewards, and personalized recommendations."
17729.0,597,1,438.65000000000003,1,2,2,122,Regular Customer,Use personalized promotions and cross-selling to increase purchase frequency.
17730.0,4,23,7757.35,5,5,5,555,VIP Customer,"Provide premium offers, loyalty rewards, and personalized recommendations."
17731.0,80,7,1347.08,3,4,4,344,Loyal Customer,"Use loyalty programs, cross-selling, and repeat-purchase offers."
17732.0,373,10,2448.14,2,5,4,254,At Risk,"Launch re-engagement campaigns, targeted discounts, and reminders to bring customers back."
17733.0,39,2,692.19,4,2,3,423,Recent Customer,Send welcome offers and personalized product recommendations to encourage a second purchase.
17734.0,54,6,1442.32,4,4,4,444,VIP Customer,"Provide premium offers, loyalty rewards, and personalized recommendations."
17735.0,3,29,17162.58,5,5,5,555,VIP Customer,"Provide premium offers, loyalty rewards, and personalized recommendations."
17736.0,10,4,337.49,5,3,2,532,Regular Customer,Use personalized promotions and cross-selling to increase purchase frequency.
17737.0,10,2,168.24,5,2,1,521,Recent Customer,Send welcome offers and personalized product recommendations to encourage a second purchase.
17738.0,20,15,4145.36,4,5,5,455,VIP Customer,"Provide premium offers, loyalty rewards, and personalized recommendations."
17739.0,12,20,7718.14,5,5,5,555,VIP Customer,"Provide premium offers, loyalty rewards, and personalized recommendations."
17740.0,390,6,426.9,2,4,2,242,At Risk,"Launch re-engagement campaigns, targeted discounts, and reminders to bring customers back."
17741.0,407,2,101.1,2,2,1,221,Regular Customer,Use personalized promotions and cross-selling to increase purchase frequency.
17742.0,114,11,2098.48,3,5,4,354,Loyal Customer,"Use loyalty programs, cross-selling, and repeat-purchase offers."
17743.0,443,2,208.85,1,2,1,121,Regular Customer,Use personalized promotions and cross-selling to increase purchase frequency.
17744.0,4,8,2617.82,5,4,4,544,VIP Customer,"Provide premium offers, loyalty rewards, and personalized recommendations."
17745.0,478,2,600.34,1,2,3,123,Regular Customer,Use personalized promotions and cross-selling to increase purchase frequency.
17746.0,235,7,873.4300000000001,2,4,3,243,At Risk,"Launch re-engagement campaigns, targeted discounts, and reminders to bring customers back."
17747.0,101,2,64.65,3,2,1,321,Regular Customer,Use personalized promotions and cross-selling to increase purchase frequency.
17748.0,528,1,358.15,1,2,2,122,Regular Customer,Use personalized promotions and cross-selling to increase purchase frequency.
17749.0,179,3,1026.18,3,3,3,333,Regular Customer,Use personalized promotions and cross-selling to increase purchase frequency.
17750.0,6,9,1797.57,5,4,4,544,VIP Customer,"Provide premium offers, loyalty rewards, and personalized recommendations."
17751.0,422,1,157.85999999999999,1,2,1,121,Regular Customer,Use personalized promotions and cross-selling to increase purchase frequency.
17752.0,360,1,80.64,2,2,1,221,Regular Customer,Use personalized promotions and cross-selling to increase purchase frequency.
17753.0,465,5,388.06,1,4,2,142,At Risk,"Launch re-engagement campaigns, targeted discounts, and reminders to bring customers back."
17754.0,1,16,4509.39,5,5,5,555,VIP Customer,"Provide premium offers, loyalty rewards, and personalized recommendations."
17755.0,425,1,-72.23,1,2,1,121,Regular Customer,Use personalized promotions and cross-selling to increase purchase frequency.
17756.0,376,3,733.7,2,3,3,233,At Risk,"Launch re-engagement campaigns, targeted discounts, and reminders to bring customers back."
17757.0,2,60,9342.84,5,5,5,555,VIP Customer,"Provide premium offers, loyalty rewards, and personalized recommendations."
17758.0,20,12,5012.53,4,5,5,455,VIP Customer,"Provide premium offers, loyalty rewards, and personalized recommendations."
17759.0,18,5,1276.91,5,4,4,544,VIP Customer,"Provide premium offers, loyalty rewards, and personalized recommendations."
17760.0,22,7,911.68,4,4,3,443,Loyal Customer,"Use loyalty programs, cross-selling, and repeat-purchase offers."
17761.0,33,1,712.78,4,2,3,423,Recent Customer,Send welcome offers and personalized product recommendations to encourage a second purchase.
17762.0,457,1,129.75,1,2,1,121,Regular Customer,Use personalized promotions and cross-selling to increase purchase frequency.
17763.0,264,5,51.15,2,4,1,241,At Risk,"Launch re-engagement campaigns, targeted discounts, and reminders to bring customers back."
17764.0,51,5,1623.64,4,4,4,444,VIP Customer,"Provide premium offers, loyalty rewards, and personalized recommendations."
17765.0,159,4,530.8,3,3,2,332,Regular Customer,Use personalized promotions and cross-selling to increase purchase frequency.
17766.0,382,2,299.61,2,2,2,222,Regular Customer,Use personalized promotions and cross-selling to increase purchase frequency.
17767.0,16,2,413.05,5,2,2,522,Recent Customer,Send welcome offers and personalized product recommendations to encourage a second purchase.
17768.0,9,8,3504.56,5,4,5,545,VIP Customer,"Provide premium offers, loyalty rewards, and personalized recommendations."
17769.0,13,21,6994.66,5,5,5,555,VIP Customer,"Provide premium offers, loyalty rewards, and personalized recommendations."
17770.0,199,5,1143.27,2,4,3,243,At Risk,"Launch re-engagement campaigns, targeted discounts, and reminders to bring customers back."
17771.0,57,4,387.41,4,3,2,432,Regular Customer,Use personalized promotions and cross-selling to increase purchase frequency.
17772.0,11,3,384.77,5,3,2,532,Regular Customer,Use personalized promotions and cross-selling to increase purchase frequency.
17773.0,515,2,585.27,1,2,3,123,Regular Customer,Use personalized promotions and cross-selling to increase purchase frequency.
17774.0,97,13,2945.7,3,5,5,355,Loyal Customer,"Use loyalty programs, cross-selling, and repeat-purchase offers."
17775.0,255,1,56.4,2,2,1,221,Regular Customer,Use personalized promotions and cross-selling to increase purchase frequency.
17776.0,387,3,331.81,2,3,2,232,At Risk,"Launch re-engagement campaigns, targeted discounts, and reminders to bring customers back."
17777.0,25,3,665.86,4,3,3,433,Regular Customer,Use personalized promotions and cross-selling to increase purchase frequency.
17778.0,662,1,197.70000000000002,1,2,1,121,Regular Customer,Use personalized promotions and cross-selling to increase purchase frequency.
17779.0,22,5,642.17,4,4,3,443,Loyal Customer,"Use loyalty programs, cross-selling, and repeat-purchase offers."
17780.0,668,3,352.91,1,3,2,132,At Risk,"Launch re-engagement campaigns, targeted discounts, and reminders to bring customers back."
17781.0,160,2,188.02,3,2,1,321,Regular Customer,Use personalized promotions and cross-selling to increase purchase frequency.
17782.0,383,2,679.02,2,2,3,223,Regular Customer,Use personalized promotions and cross-selling to increase purchase frequency.
17783.0,73,3,379.91,3,3,2,332,Regular Customer,Use personalized promotions and cross-selling to increase purchase frequency.
17784.0,551,1,112.86,1,2,1,121,Regular Customer,Use personalized promotions and cross-selling to increase purchase frequency.
17785.0,54,3,403.38,4,3,2,432,Regular Customer,Use personalized promotions and cross-selling to increase purchase frequency.
17786.0,86,2,278.74,3,2,2,322,Regular Customer,Use personalized promotions and cross-selling to increase purchase frequency.
17787.0,153,4,2601.4700000000003,3,3,4,334,Regular Customer,Use personalized promotions and cross-selling to increase purchase frequency.
17788.0,74,2,1117.9,3,2,3,323,Regular Customer,Use personalized promotions and cross-selling to increase purchase frequency.
17789.0,282,2,397.15,2,2,2,222,Regular Customer,Use personalized promotions and cross-selling to increase purchase frequency.
17790.0,27,20,2783.61,4,5,4,454,VIP Customer,"Provide premium offers, loyalty rewards, and personalized recommendations."
17791.0,30,1,106.1,4,2,1,421,Recent Customer,Send welcome offers and personalized product recommendations to encourage a second purchase.
17792.0,468,2,370.05,1,2,2,122,Regular Customer,Use personalized promotions and cross-selling to increase purchase frequency.
17793.0,26,1,323.04,4,2,2,422,Recent Customer,Send welcome offers and personalized product recommendations to encourage a second purchase.
17794.0,687,2,147.3,1,2,1,121,Regular Customer,Use personalized promotions and cross-selling to increase purchase frequency.
17795.0,180,2,350.39,3,2,2,322,Regular Customer,Use personalized promotions and cross-selling to increase purchase frequency.
17796.0,41,7,1361.99,4,4,4,444,VIP Customer,"Provide premium offers, loyalty rewards, and personalized recommendations."
17797.0,23,8,1985.87,4,4,4,444,VIP Customer,"Provide premium offers, loyalty rewards, and personalized recommendations."
17798.0,582,1,183.09,1,2,1,121,Regular Customer,Use personalized promotions and cross-selling to increase purchase frequency.
17799.0,23,23,6216.74,4,5,5,455,VIP Customer,"Provide premium offers, loyalty rewards, and personalized recommendations."
17800.0,38,9,1199.01,4,4,4,444,VIP Customer,"Provide premium offers, loyalty rewards, and personalized recommendations."
17801.0,452,4,795.78,1,3,3,133,At Risk,"Launch re-engagement campaigns, targeted discounts, and reminders to bring customers back."
17802.0,83,16,4915.84,3,5,5,355,Loyal Customer,"Use loyalty programs, cross-selling, and repeat-purchase offers."
17803.0,393,1,184.66,2,2,1,221,Regular Customer,Use personalized promotions and cross-selling to increase purchase frequency.
17804.0,377,4,380.13,2,3,2,232,At Risk,"Launch re-engagement campaigns, targeted discounts, and reminders to bring customers back."
17805.0,74,2,927.03,3,2,3,323,Regular Customer,Use personalized promotions and cross-selling to increase purchase frequency.
17806.0,12,1,546.04,5,2,2,522,Recent Customer,Send welcome offers and personalized product recommendations to encourage a second purchase.
17807.0,396,3,437.87,2,3,2,232,At Risk,"Launch re-engagement campaigns, targeted discounts, and reminders to bring customers back."
17808.0,549,4,262.64,1,3,2,132,At Risk,"Launch re-engagement campaigns, targeted discounts, and reminders to bring customers back."
17809.0,17,24,10498.85,5,5,5,555,VIP Customer,"Provide premium offers, loyalty rewards, and personalized recommendations."
17810.0,669,3,344.86,1,3,2,132,At Risk,"Launch re-engagement campaigns, targeted discounts, and reminders to bring customers back."
17811.0,5,60,9448.53,5,5,5,555,VIP Customer,"Provide premium offers, loyalty rewards, and personalized recommendations."
17812.0,13,7,1165.8899999999999,5,4,3,543,Loyal Customer,"Use loyalty programs, cross-selling, and repeat-purchase offers."
17813.0,15,7,1714.6,5,4,4,544,VIP Customer,"Provide premium offers, loyalty rewards, and personalized recommendations."
17814.0,376,2,1617.32,2,2,4,224,Regular Customer,Use personalized promotions and cross-selling to increase purchase frequency.
17815.0,394,1,591.96,2,2,3,223,Regular Customer,Use personalized promotions and cross-selling to increase purchase frequency.
17816.0,37,6,112.32,4,4,1,441,Loyal Customer,"Use loyalty programs, cross-selling, and repeat-purchase offers."
17817.0,5,7,801.15,5,4,3,543,Loyal Customer,"Use loyalty programs, cross-selling, and repeat-purchase offers."
17818.0,738,1,130.18,1,2,1,121,Regular Customer,Use personalized promotions and cross-selling to increase purchase frequency.
17819.0,72,13,6568.719999999999,3,5,5,355,Loyal Customer,"Use loyalty programs, cross-selling, and repeat-purchase offers."
17820.0,192,3,159.51,2,3,1,231,At Risk,"Launch re-engagement campaigns, targeted discounts, and reminders to bring customers back."
17821.0,407,1,334.62,2,2,2,222,Regular Customer,Use personalized promotions and cross-selling to increase purchase frequency.
17822.0,421,5,2188.5,1,4,4,144,At Risk,"Launch re-engagement campaigns, targeted discounts, and reminders to bring customers back."
17823.0,422,2,494.25,1,2,2,122,Regular Customer,Use personalized promotions and cross-selling to increase purchase frequency.
17824.0,52,1,298.4,4,2,2,422,Recent Customer,Send welcome offers and personalized product recommendations to encourage a second purchase.
17825.0,599,4,731.96,1,3,3,133,At Risk,"Launch re-engagement campaigns, targeted discounts, and reminders to bring customers back."
17826.0,375,1,134.59,2,2,1,221,Regular Customer,Use personalized promotions and cross-selling to increase purchase frequency.
17827.0,6,7,2381.3,5,4,4,544,VIP Customer,"Provide premium offers, loyalty rewards, and personalized recommendations."
17828.0,9,9,1599.97,5,4,4,544,VIP Customer,"Provide premium offers, loyalty rewards, and personalized recommendations."
17829.0,299,6,4680.42,2,4,5,245,At Risk,"Launch re-engagement campaigns, targeted discounts, and reminders to bring customers back."
17830.0,2,3,398.7,5,3,2,532,Regular Customer,Use personalized promotions and cross-selling to increase purchase frequency.
17831.0,34,1,35.400000000000006,4,2,1,421,Recent Customer,Send welcome offers and personalized product recommendations to encourage a second purchase.
17832.0,50,1,155.37,4,2,1,421,Recent Customer,Send welcome offers and personalized product recommendations to encourage a second purchase.
17833.0,724,1,342.36,1,2,2,122,Regular Customer,Use personalized promotions and cross-selling to increase purchase frequency.
17834.0,415,2,730.47,1,2,3,123,Regular Customer,Use personalized promotions and cross-selling to increase purchase frequency.
17835.0,3,3,350.64,5,3,2,532,Regular Customer,Use personalized promotions and cross-selling to increase purchase frequency.
17836.0,48,1,110.21000000000001,4,2,1,421,Recent Customer,Send welcome offers and personalized product recommendations to encourage a second purchase.
17837.0,43,10,1560.53,4,5,4,454,VIP Customer,"Provide premium offers, loyalty rewards, and personalized recommendations."
17838.0,27,15,6239.55,4,5,5,455,VIP Customer,"Provide premium offers, loyalty rewards, and personalized recommendations."
17839.0,43,1,338.8,4,2,2,422,Recent Customer,Send welcome offers and personalized product recommendations to encourage a second purchase.
17840.0,444,1,185.72,1,2,1,121,Regular Customer,Use personalized promotions and cross-selling to increase purchase frequency.
17841.0,2,289,69516.19,5,5,5,555,VIP Customer,"Provide premium offers, loyalty rewards, and personalized recommendations."
17842.0,603,1,430.69,1,2,2,122,Regular Customer,Use personalized promotions and cross-selling to increase purchase frequency.
17843.0,304,2,326.23,2,2,2,222,Regular Customer,Use personalized promotions and cross-selling to increase purchase frequency.
17844.0,107,1,51.559999999999995,3,2,1,321,Regular Customer,Use personalized promotions and cross-selling to increase purchase frequency.
17845.0,556,4,598.19,1,3,3,133,At Risk,"Launch re-engagement campaigns, targeted discounts, and reminders to bring customers back."
17846.0,86,1,2033.1,3,2,4,324,Regular Customer,Use personalized promotions and cross-selling to increase purchase frequency.
17847.0,516,2,129.69,1,2,1,121,Regular Customer,Use personalized promotions and cross-selling to increase purchase frequency.
17848.0,82,31,3638.15,3,5,5,355,Loyal Customer,"Use loyalty programs, cross-selling, and repeat-purchase offers."
17849.0,219,8,1063.76,2,4,3,243,At Risk,"Launch re-engagement campaigns, targeted discounts, and reminders to bring customers back."
17850.0,303,159,55703.130000000005,2,5,5,255,At Risk,"Launch re-engagement campaigns, targeted discounts, and reminders to bring customers back."
17851.0,423,6,1563.34,1,4,4,144,At Risk,"Launch re-engagement campaigns, targeted discounts, and reminders to bring customers back."
17852.0,12,5,663.21,5,4,3,543,Loyal Customer,"Use loyalty programs, cross-selling, and repeat-purchase offers."
17853.0,408,3,1608.19,2,3,4,234,At Risk,"Launch re-engagement campaigns, targeted discounts, and reminders to bring customers back."
17854.0,186,6,1071.45,3,4,3,343,Loyal Customer,"Use loyalty programs, cross-selling, and repeat-purchase offers."
17855.0,373,1,417.94,2,2,2,222,Regular Customer,Use personalized promotions and cross-selling to increase purchase frequency.
17856.0,2,6,1393.79,5,4,4,544,VIP Customer,"Provide premium offers, loyalty rewards, and personalized recommendations."
17857.0,4,26,28566.54,5,5,5,555,VIP Customer,"Provide premium offers, loyalty rewards, and personalized recommendations."
17858.0,6,32,12723.3,5,5,5,555,VIP Customer,"Provide premium offers, loyalty rewards, and personalized recommendations."
17859.0,305,1,148.21,2,2,1,221,Regular Customer,Use personalized promotions and cross-selling to increase purchase frequency.
17860.0,369,4,1015.54,2,3,3,233,At Risk,"Launch re-engagement campaigns, targeted discounts, and reminders to bring customers back."
17861.0,4,22,5064.59,5,5,5,555,VIP Customer,"Provide premium offers, loyalty rewards, and personalized recommendations."
17862.0,324,4,1279.09,2,3,4,234,At Risk,"Launch re-engagement campaigns, targeted discounts, and reminders to bring customers back."
17863.0,60,12,5745.2,3,5,5,355,Loyal Customer,"Use loyalty programs, cross-selling, and repeat-purchase offers."
17864.0,13,5,924.32,5,4,3,543,Loyal Customer,"Use loyalty programs, cross-selling, and repeat-purchase offers."
17865.0,31,62,25649.05,4,5,5,455,VIP Customer,"Provide premium offers, loyalty rewards, and personalized recommendations."
17866.0,143,4,1131.0,3,3,3,333,Regular Customer,Use personalized promotions and cross-selling to increase purchase frequency.
17867.0,31,20,895.78,4,5,3,453,Loyal Customer,"Use loyalty programs, cross-selling, and repeat-purchase offers."
17868.0,387,1,234.65,2,2,1,221,Regular Customer,Use personalized promotions and cross-selling to increase purchase frequency.
17869.0,108,7,1036.16,3,4,3,343,Loyal Customer,"Use loyalty programs, cross-selling, and repeat-purchase offers."
17870.0,3,14,3103.2,5,5,5,555,VIP Customer,"Provide premium offers, loyalty rewards, and personalized recommendations."
17871.0,205,5,1118.99,2,4,3,243,At Risk,"Launch re-engagement campaigns, targeted discounts, and reminders to bring customers back."
17872.0,382,1,235.87,2,2,1,221,Regular Customer,Use personalized promotions and cross-selling to increase purchase frequency.
17873.0,81,20,6229.56,3,5,5,355,Loyal Customer,"Use loyalty programs, cross-selling, and repeat-purchase offers."
17874.0,186,7,658.26,3,4,3,343,Loyal Customer,"Use loyalty programs, cross-selling, and repeat-purchase offers."
17875.0,689,1,167.1,1,2,1,121,Regular Customer,Use personalized promotions and cross-selling to increase purchase frequency.
17876.0,400,3,3424.02,2,3,5,235,At Risk,"Launch re-engagement campaigns, targeted discounts, and reminders to bring customers back."
17877.0,171,1,237.61,3,2,1,321,Regular Customer,Use personalized promotions and cross-selling to increase purchase frequency.
17878.0,44,3,1412.33,4,3,4,434,Regular Customer,Use personalized promotions and cross-selling to increase purchase frequency.
17879.0,174,1,178.51999999999998,3,2,1,321,Regular Customer,Use personalized promotions and cross-selling to increase purchase frequency.
17880.0,365,3,824.9200000000001,2,3,3,233,At Risk,"Launch re-engagement campaigns, targeted discounts, and reminders to bring customers back."
17881.0,305,1,133.35000000000002,2,2,1,221,Regular Customer,Use personalized promotions and cross-selling to increase purchase frequency.
17882.0,380,2,313.46,2,2,2,222,Regular Customer,Use personalized promotions and cross-selling to increase purchase frequency.
17883.0,4,8,979.95,5,4,3,543,Loyal Customer,"Use loyalty programs, cross-selling, and repeat-purchase offers."
17884.0,4,23,3028.89,5,5,5,555,VIP Customer,"Provide premium offers, loyalty rewards, and personalized recommendations."
17885.0,13,1,190.19,5,2,1,521,Recent Customer,Send welcome offers and personalized product recommendations to encourage a second purchase.
17886.0,32,7,1598.43,4,4,4,444,VIP Customer,"Provide premium offers, loyalty rewards, and personalized recommendations."
17887.0,130,1,111.35,3,2,1,321,Regular Customer,Use personalized promotions and cross-selling to increase purchase frequency.
17888.0,19,31,1318.9,5,5,4,554,VIP Customer,"Provide premium offers, loyalty rewards, and personalized recommendations."
17889.0,213,7,774.87,2,4,3,243,At Risk,"Launch re-engagement campaigns, targeted discounts, and reminders to bring customers back."
17890.0,323,2,602.09,2,2,3,223,Regular Customer,Use personalized promotions and cross-selling to increase purchase frequency.
17891.0,163,1,203.85999999999999,3,2,1,321,Regular Customer,Use personalized promotions and cross-selling to increase purchase frequency.
17892.0,57,3,244.1,4,3,1,431,Regular Customer,Use personalized promotions and cross-selling to increase purchase frequency.
17893.0,226,1,112.25,2,2,1,221,Regular Customer,Use personalized promotions and cross-selling to increase purchase frequency.
17894.0,72,20,2397.66,3,5,4,354,Loyal Customer,"Use loyalty programs, cross-selling, and repeat-purchase offers."
17895.0,45,1,98.0,4,2,1,421,Recent Customer,Send welcome offers and personalized product recommendations to encourage a second purchase.
17896.0,24,1,256.32,4,2,1,421,Recent Customer,Send welcome offers and personalized product recommendations to encourage a second purchase.
17897.0,173,10,2534.0,3,5,4,354,Loyal Customer,"Use loyalty programs, cross-selling, and repeat-purchase offers."
17898.0,86,4,299.18,3,3,2,332,Regular Customer,Use personalized promotions and cross-selling to increase purchase frequency.
17899.0,160,1,155.8,3,2,1,321,Regular Customer,Use personalized promotions and cross-selling to increase purchase frequency.
17900.0,165,4,15.0,3,3,1,331,Regular Customer,Use personalized promotions and cross-selling to increase purchase frequency.
17901.0,30,3,260.08,4,3,2,432,Regular Customer,Use personalized promotions and cross-selling to increase purchase frequency.
17902.0,547,1,216.39999999999998,1,2,1,121,Regular Customer,Use personalized promotions and cross-selling to increase purchase frequency.
17903.0,395,1,381.09000000000003,2,2,2,222,Regular Customer,Use personalized promotions and cross-selling to increase purchase frequency.
17904.0,22,2,178.92,4,2,1,421,Recent Customer,Send welcome offers and personalized product recommendations to encourage a second purchase.
17905.0,72,14,2374.22,3,5,4,354,Loyal Customer,"Use loyalty programs, cross-selling, and repeat-purchase offers."
17906.0,248,1,72.9,2,2,1,221,Regular Customer,Use personalized promotions and cross-selling to increase purchase frequency.
17907.0,641,1,291.76,1,2,2,122,Regular Customer,Use personalized promotions and cross-selling to increase purchase frequency.
17908.0,374,7,1357.89,2,4,4,244,At Risk,"Launch re-engagement campaigns, targeted discounts, and reminders to bring customers back."
17909.0,738,1,132.55,1,2,1,121,Regular Customer,Use personalized promotions and cross-selling to increase purchase frequency.
17910.0,727,1,261.7,1,2,2,122,Regular Customer,Use personalized promotions and cross-selling to increase purchase frequency.
17911.0,10,1,366.23,5,2,2,522,Recent Customer,Send welcome offers and personalized product recommendations to encourage a second purchase.
17912.0,311,7,360.1,2,4,2,242,At Risk,"Launch re-engagement campaigns, targeted discounts, and reminders to bring customers back."
17913.0,59,14,3479.64,4,5,5,455,VIP Customer,"Provide premium offers, loyalty rewards, and personalized recommendations."
17914.0,4,1,336.43,5,2,2,522,Recent Customer,Send welcome offers and personalized product recommendations to encourage a second purchase.
17915.0,552,1,242.13,1,2,1,121,Regular Customer,Use personalized promotions and cross-selling to increase purchase frequency.
17916.0,629,2,43.87,1,2,1,121,Regular Customer,Use personalized promotions and cross-selling to increase purchase frequency.
17917.0,46,3,341.28,4,3,2,432,Regular Customer,Use personalized promotions and cross-selling to increase purchase frequency.
17918.0,501,3,396.39,1,3,2,132,At Risk,"Launch re-engagement campaigns, targeted discounts, and reminders to bring customers back."
17919.0,89,2,1840.32,3,2,4,324,Regular Customer,Use personalized promotions and cross-selling to increase purchase frequency.
17920.0,5,56,24509.91,5,5,5,555,VIP Customer,"Provide premium offers, loyalty rewards, and personalized recommendations."
17921.0,65,12,2383.35,3,5,4,354,Loyal Customer,"Use loyalty programs, cross-selling, and repeat-purchase offers."
17922.0,544,1,170.4,1,2,1,121,Regular Customer,Use personalized promotions and cross-selling to increase purchase frequency.
17923.0,283,3,497.0,2,3,2,232,At Risk,"Launch re-engagement campaigns, targeted discounts, and reminders to bring customers back."
17924.0,2,14,3445.28,5,5,5,555,VIP Customer,"Provide premium offers, loyalty rewards, and personalized recommendations."
17925.0,373,1,488.16,2,2,2,222,Regular Customer,Use personalized promotions and cross-selling to increase purchase frequency.
17926.0,134,5,1035.49,3,4,3,343,Loyal Customer,"Use loyalty programs, cross-selling, and repeat-purchase offers."
17927.0,722,1,294.0,1,2,2,122,Regular Customer,Use personalized promotions and cross-selling to increase purchase frequency.
17928.0,46,3,341.24,4,3,2,432,Regular Customer,Use personalized promotions and cross-selling to increase purchase frequency.
17929.0,12,13,3073.6,5,5,5,555,VIP Customer,"Provide premium offers, loyalty rewards, and personalized recommendations."
17930.0,36,15,4242.92,4,5,5,455,VIP Customer,"Provide premium offers, loyalty rewards, and personalized recommendations."
17931.0,135,18,3305.96,3,5,5,355,Loyal Customer,"Use loyalty programs, cross-selling, and repeat-purchase offers."
17932.0,30,3,1331.57,4,3,4,434,Regular Customer,Use personalized promotions and cross-selling to increase purchase frequency.
17933.0,633,1,114.69,1,2,1,121,Regular Customer,Use personalized promotions and cross-selling to increase purchase frequency.
17934.0,52,3,1049.15,4,3,3,433,Regular Customer,Use personalized promotions and cross-selling to increase purchase frequency.
17935.0,139,8,655.54,3,4,3,343,Loyal Customer,"Use loyalty programs, cross-selling, and repeat-purchase offers."
17936.0,6,1,389.84,5,2,2,522,Recent Customer,Send welcome offers and personalized product recommendations to encourage a second purchase.
17937.0,9,7,4301.22,5,4,5,545,VIP Customer,"Provide premium offers, loyalty rewards, and personalized recommendations."
17938.0,421,1,144.29,1,2,1,121,Regular Customer,Use personalized promotions and cross-selling to increase purchase frequency.
17939.0,160,1,99.14,3,2,1,321,Regular Customer,Use personalized promotions and cross-selling to increase purchase frequency.
17940.0,50,22,26960.02,4,5,5,455,VIP Customer,"Provide premium offers, loyalty rewards, and personalized recommendations."
17941.0,131,4,1433.28,3,3,4,334,Regular Customer,Use personalized promotions and cross-selling to increase purchase frequency.
17942.0,8,1,77.50000000000001,5,2,1,521,Recent Customer,Send welcome offers and personalized product recommendations to encourage a second purchase.
17943.0,680,1,-165.03,1,2,1,121,Regular Customer,Use personalized promotions and cross-selling to increase purchase frequency.
17944.0,424,1,75.41,1,2,1,121,Regular Customer,Use personalized promotions and cross-selling to increase purchase frequency.
17945.0,697,3,360.35,1,3,2,132,At Risk,"Launch re-engagement campaigns, targeted discounts, and reminders to bring customers back."
17946.0,234,2,149.57999999999998,2,2,1,221,Regular Customer,Use personalized promotions and cross-selling to increase purchase frequency.
17947.0,38,1,176.68,4,2,1,421,Recent Customer,Send welcome offers and personalized product recommendations to encourage a second purchase.
17948.0,148,1,358.56000000000006,3,2,2,322,Regular Customer,Use personalized promotions and cross-selling to increase purchase frequency.
17949.0,2,138,98895.59,5,5,5,555,VIP Customer,"Provide premium offers, loyalty rewards, and personalized recommendations."
17950.0,73,8,1412.65,3,4,4,344,Loyal Customer,"Use loyalty programs, cross-selling, and repeat-purchase offers."
17951.0,40,5,1618.38,4,4,4,444,VIP Customer,"Provide premium offers, loyalty rewards, and personalized recommendations."
17952.0,379,4,819.61,2,3,3,233,At Risk,"Launch re-engagement campaigns, targeted discounts, and reminders to bring customers back."
17953.0,541,1,160.82,1,2,1,121,Regular Customer,Use personalized promotions and cross-selling to increase purchase frequency.
17954.0,6,26,3831.56,5,5,5,555,VIP Customer,"Provide premium offers, loyalty rewards, and personalized recommendations."
17955.0,199,6,949.9,2,4,3,243,At Risk,"Launch re-engagement campaigns, targeted discounts, and reminders to bring customers back."
17956.0,250,1,12.75,2,2,1,221,Regular Customer,Use personalized promotions and cross-selling to increase purchase frequency.
17957.0,67,1,111.68,3,2,1,321,Regular Customer,Use personalized promotions and cross-selling to increase purchase frequency.
17958.0,117,2,973.88,3,2,3,323,Regular Customer,Use personalized promotions and cross-selling to increase purchase frequency.
17959.0,593,1,140.75,1,2,1,121,Regular Customer,Use personalized promotions and cross-selling to increase purchase frequency.
17960.0,172,3,135.08,3,3,1,331,Regular Customer,Use personalized promotions and cross-selling to increase purchase frequency.
17961.0,22,102,2979.09,4,5,5,455,VIP Customer,"Provide premium offers, loyalty rewards, and personalized recommendations."
17962.0,143,5,673.02,3,4,3,343,Loyal Customer,"Use loyalty programs, cross-selling, and repeat-purchase offers."
17963.0,472,4,651.51,1,3,3,133,At Risk,"Launch re-engagement campaigns, targeted discounts, and reminders to bring customers back."
17964.0,32,2,733.46,4,2,3,423,Recent Customer,Send welcome offers and personalized product recommendations to encourage a second purchase.
17965.0,38,33,7117.78,4,5,5,455,VIP Customer,"Provide premium offers, loyalty rewards, and personalized recommendations."
17966.0,38,10,1974.42,4,5,4,454,VIP Customer,"Provide premium offers, loyalty rewards, and personalized recommendations."
17967.0,372,2,357.28999999999996,2,2,2,222,Regular Customer,Use personalized promotions and cross-selling to increase purchase frequency.
17968.0,374,4,888.04,2,3,3,233,At Risk,"Launch re-engagement campaigns, targeted discounts, and reminders to bring customers back."
17969.0,167,27,2251.19,3,5,4,354,Loyal Customer,"Use loyalty programs, cross-selling, and repeat-purchase offers."
17970.0,212,1,582.59,2,2,2,222,Regular Customer,Use personalized promotions and cross-selling to increase purchase frequency.
17971.0,549,1,161.94,1,2,1,121,Regular Customer,Use personalized promotions and cross-selling to increase purchase frequency.
17972.0,242,1,136.04,2,2,1,221,Regular Customer,Use personalized promotions and cross-selling to increase purchase frequency.
17973.0,52,1,337.04,4,2,2,422,Recent Customer,Send welcome offers and personalized product recommendations to encourage a second purchase.
17974.0,25,6,1858.06,4,4,4,444,VIP Customer,"Provide premium offers, loyalty rewards, and personalized recommendations."
17975.0,16,26,6927.68,5,5,5,555,VIP Customer,"Provide premium offers, loyalty rewards, and personalized recommendations."
17976.0,373,1,706.38,2,2,3,223,Regular Customer,Use personalized promotions and cross-selling to increase purchase frequency.
17977.0,30,3,1507.73,4,3,4,434,Regular Customer,Use personalized promotions and cross-selling to increase purchase frequency.
17978.0,366,4,1461.76,2,3,4,234,At Risk,"Launch re-engagement campaigns, targeted discounts, and reminders to bring customers back."
17979.0,36,5,737.81,4,4,3,443,Loyal Customer,"Use loyalty programs, cross-selling, and repeat-purchase offers."
17980.0,166,4,1033.42,3,3,3,333,Regular Customer,Use personalized promotions and cross-selling to increase purchase frequency.
17981.0,411,1,239.12,2,2,1,221,Regular Customer,Use personalized promotions and cross-selling to increase purchase frequency.
17982.0,681,1,138.18,1,2,1,121,Regular Customer,Use personalized promotions and cross-selling to increase purchase frequency.
17983.0,396,1,171.71,2,2,1,221,Regular Customer,Use personalized promotions and cross-selling to increase purchase frequency.
17984.0,146,5,1191.27,3,4,4,344,Loyal Customer,"Use loyalty programs, cross-selling, and repeat-purchase offers."
17985.0,23,1,634.95,4,2,3,423,Recent Customer,Send welcome offers and personalized product recommendations to encourage a second purchase.
17986.0,57,1,20.8,4,2,1,421,Recent Customer,Send welcome offers and personalized product recommendations to encourage a second purchase.
17987.0,186,6,928.12,3,4,3,343,Loyal Customer,"Use loyalty programs, cross-selling, and repeat-purchase offers."
17988.0,12,15,479.59,5,5,2,552,Loyal Customer,"Use loyalty programs, cross-selling, and repeat-purchase offers."
17989.0,380,1,228.82999999999998,2,2,1,221,Regular Customer,Use personalized promotions and cross-selling to increase purchase frequency.
17990.0,237,7,1522.5700000000002,2,4,4,244,At Risk,"Launch re-engagement campaigns, targeted discounts, and reminders to bring customers back."
17991.0,226,3,320.55,2,3,2,232,At Risk,"Launch re-engagement campaigns, targeted discounts, and reminders to bring customers back."
17992.0,390,1,254.13,2,2,1,221,Regular Customer,Use personalized promotions and cross-selling to increase purchase frequency.
17993.0,618,1,235.19,1,2,1,121,Regular Customer,Use personalized promotions and cross-selling to increase purchase frequency.
17994.0,122,14,2262.87,3,5,4,354,Loyal Customer,"Use loyalty programs, cross-selling, and repeat-purchase offers."
17995.0,282,3,495.48,2,3,2,232,At Risk,"Launch re-engagement campaigns, targeted discounts, and reminders to bring customers back."
17996.0,380,3,482.33,2,3,2,232,At Risk,"Launch re-engagement campaigns, targeted discounts, and reminders to bring customers back."
17997.0,75,12,1511.3,3,5,4,354,Loyal Customer,"Use loyalty programs, cross-selling, and repeat-purchase offers."
17998.0,381,4,601.74,2,3,3,233,At Risk,"Launch re-engagement campaigns, targeted discounts, and reminders to bring customers back."
17999.0,38,3,730.9,4,3,3,433,Regular Customer,Use personalized promotions and cross-selling to increase purchase frequency.
18000.0,565,1,124.25,1,2,1,121,Regular Customer,Use personalized promotions and cross-selling to increase purchase frequency.
18001.0,13,6,953.84,5,4,3,543,Loyal Customer,"Use loyalty programs, cross-selling, and repeat-purchase offers."
18002.0,376,4,249.92,2,3,1,231,At Risk,"Launch re-engagement campaigns, targeted discounts, and reminders to bring customers back."
18003.0,377,1,358.61,2,2,2,222,Regular Customer,Use personalized promotions and cross-selling to increase purchase frequency.
18004.0,363,1,169.47,2,2,1,221,Regular Customer,Use personalized promotions and cross-selling to increase purchase frequency.
18005.0,4,2,249.72,5,2,1,521,Recent Customer,Send welcome offers and personalized product recommendations to encourage a second purchase.
18006.0,24,4,997.86,4,3,3,433,Regular Customer,Use personalized promotions and cross-selling to increase purchase frequency.
18007.0,393,1,220.32,2,2,1,221,Regular Customer,Use personalized promotions and cross-selling to increase purchase frequency.
18008.0,71,23,19787.13,3,5,5,355,Loyal Customer,"Use loyalty programs, cross-selling, and repeat-purchase offers."
18009.0,236,14,2077.08,2,5,4,254,At Risk,"Launch re-engagement campaigns, targeted discounts, and reminders to bring customers back."
18010.0,257,1,174.8,2,2,1,221,Regular Customer,Use personalized promotions and cross-selling to increase purchase frequency.
18011.0,374,2,527.03,2,2,2,222,Regular Customer,Use personalized promotions and cross-selling to increase purchase frequency.
18012.0,724,1,115.3,1,2,1,121,Regular Customer,Use personalized promotions and cross-selling to increase purchase frequency.
18013.0,156,2,187.29,3,2,1,321,Regular Customer,Use personalized promotions and cross-selling to increase purchase frequency.
18014.0,29,1,166.42,4,2,1,421,Recent Customer,Send welcome offers and personalized product recommendations to encourage a second purchase.
18015.0,5,1,120.03,5,2,1,521,Recent Customer,Send welcome offers and personalized product recommendations to encourage a second purchase.
18016.0,33,7,1960.46,4,4,4,444,VIP Customer,"Provide premium offers, loyalty rewards, and personalized recommendations."
18017.0,82,4,688.0,3,3,3,333,Regular Customer,Use personalized promotions and cross-selling to increase purchase frequency.
18018.0,109,5,156.69,3,4,1,341,Loyal Customer,"Use loyalty programs, cross-selling, and repeat-purchase offers."
18019.0,52,1,38.45,4,2,1,421,Recent Customer,Send welcome offers and personalized product recommendations to encourage a second purchase.
18020.0,544,2,129.28,1,2,1,121,Regular Customer,Use personalized promotions and cross-selling to increase purchase frequency.
18021.0,510,2,227.06,1,2,1,121,Regular Customer,Use personalized promotions and cross-selling to increase purchase frequency.
18022.0,36,5,1651.79,4,4,4,444,VIP Customer,"Provide premium offers, loyalty rewards, and personalized recommendations."
18023.0,541,1,-3248.86,1,2,1,121,Regular Customer,Use personalized promotions and cross-selling to increase purchase frequency.
18024.0,153,3,236.77999999999997,3,3,1,331,Regular Customer,Use personalized promotions and cross-selling to increase purchase frequency.
18025.0,380,6,1177.72,2,4,3,243,At Risk,"Launch re-engagement campaigns, targeted discounts, and reminders to bring customers back."
18026.0,501,2,2074.07,1,2,4,124,Regular Customer,Use personalized promotions and cross-selling to increase purchase frequency.
18027.0,99,1,115.31,3,2,1,321,Regular Customer,Use personalized promotions and cross-selling to increase purchase frequency.
18028.0,584,1,192.05,1,2,1,121,Regular Customer,Use personalized promotions and cross-selling to increase purchase frequency.
18029.0,643,1,433.77,1,2,2,122,Regular Customer,Use personalized promotions and cross-selling to increase purchase frequency.
18030.0,5,3,220.7,5,3,1,531,Regular Customer,Use personalized promotions and cross-selling to increase purchase frequency.
18031.0,379,1,462.09999999999997,2,2,2,222,Regular Customer,Use personalized promotions and cross-selling to increase purchase frequency.
18032.0,335,1,73.5,2,2,1,221,Regular Customer,Use personalized promotions and cross-selling to increase purchase frequency.
18033.0,66,1,97.97,3,2,1,321,Regular Customer,Use personalized promotions and cross-selling to increase purchase frequency.
18034.0,22,3,793.7,4,3,3,433,Regular Customer,Use personalized promotions and cross-selling to increase purchase frequency.
18035.0,36,5,1276.74,4,4,4,444,VIP Customer,"Provide premium offers, loyalty rewards, and personalized recommendations."
18036.0,33,11,1563.6399999999999,4,5,4,454,VIP Customer,"Provide premium offers, loyalty rewards, and personalized recommendations."
18037.0,155,15,167.42,3,5,1,351,Loyal Customer,"Use loyalty programs, cross-selling, and repeat-purchase offers."
18038.0,557,1,149.41,1,2,1,121,Regular Customer,Use personalized promotions and cross-selling to increase purchase frequency.
18039.0,375,4,579.17,2,3,2,232,At Risk,"Launch re-engagement campaigns, targeted discounts, and reminders to bring customers back."
18040.0,20,2,357.20000000000005,4,2,2,422,Recent Customer,Send welcome offers and personalized product recommendations to encourage a second purchase.
18041.0,12,40,8669.65,5,5,5,555,VIP Customer,"Provide premium offers, loyalty rewards, and personalized recommendations."
18042.0,54,2,281.15,4,2,2,422,Recent Customer,Send welcome offers and personalized product recommendations to encourage a second purchase.
18043.0,25,3,875.97,4,3,3,433,Regular Customer,Use personalized promotions and cross-selling to increase purchase frequency.
18044.0,5,19,3502.66,5,5,5,555,VIP Customer,"Provide premium offers, loyalty rewards, and personalized recommendations."
18045.0,46,1,189.4,4,2,1,421,Recent Customer,Send welcome offers and personalized product recommendations to encourage a second purchase.
18046.0,650,1,189.63,1,2,1,121,Regular Customer,Use personalized promotions and cross-selling to increase purchase frequency.
18047.0,382,2,342.69,2,2,2,222,Regular Customer,Use personalized promotions and cross-selling to increase purchase frequency.
18048.0,204,3,401.73,2,3,2,232,At Risk,"Launch re-engagement campaigns, targeted discounts, and reminders to bring customers back."
18049.0,438,2,556.52,1,2,2,122,Regular Customer,Use personalized promotions and cross-selling to increase purchase frequency.
18050.0,360,2,412.06,2,2,2,222,Regular Customer,Use personalized promotions and cross-selling to increase purchase frequency.
18051.0,635,8,2275.98,1,4,4,144,At Risk,"Launch re-engagement campaigns, targeted discounts, and reminders to bring customers back."
18052.0,565,1,10877.18,1,2,5,125,Regular Customer,Use personalized promotions and cross-selling to increase purchase frequency.
18053.0,67,6,527.77,3,4,2,342,Loyal Customer,"Use loyalty programs, cross-selling, and repeat-purchase offers."
18054.0,393,1,176.5,2,2,1,221,Regular Customer,Use personalized promotions and cross-selling to increase purchase frequency.
18055.0,8,15,11163.52,5,5,5,555,VIP Customer,"Provide premium offers, loyalty rewards, and personalized recommendations."
18056.0,289,3,539.75,2,3,2,232,At Risk,"Launch re-engagement campaigns, targeted discounts, and reminders to bring customers back."
18057.0,394,3,1203.56,2,3,4,234,At Risk,"Launch re-engagement campaigns, targeted discounts, and reminders to bring customers back."
18058.0,10,3,774.06,5,3,3,533,Regular Customer,Use personalized promotions and cross-selling to increase purchase frequency.
18059.0,10,4,296.71,5,3,2,532,Regular Customer,Use personalized promotions and cross-selling to increase purchase frequency.
18060.0,409,2,1185.46,2,2,4,224,Regular Customer,Use personalized promotions and cross-selling to increase purchase frequency.
18061.0,22,29,6480.47,4,5,5,455,VIP Customer,"Provide premium offers, loyalty rewards, and personalized recommendations."
18062.0,174,9,1523.3700000000001,3,4,4,344,Loyal Customer,"Use loyalty programs, cross-selling, and repeat-purchase offers."
18063.0,391,2,186.60000000000002,2,2,1,221,Regular Customer,Use personalized promotions and cross-selling to increase purchase frequency.
18064.0,134,15,4441.18,3,5,5,355,Loyal Customer,"Use loyalty programs, cross-selling, and repeat-purchase offers."
18065.0,6,32,5836.88,5,5,5,555,VIP Customer,"Provide premium offers, loyalty rewards, and personalized recommendations."
18066.0,76,3,1440.4,3,3,4,334,Regular Customer,Use personalized promotions and cross-selling to increase purchase frequency.
18067.0,41,1,396.33,4,2,2,422,Recent Customer,Send welcome offers and personalized product recommendations to encourage a second purchase.
18068.0,290,1,101.69999999999999,2,2,1,221,Regular Customer,Use personalized promotions and cross-selling to increase purchase frequency.
18069.0,27,13,4525.71,4,5,5,455,VIP Customer,"Provide premium offers, loyalty rewards, and personalized recommendations."
18070.0,670,2,307.75,1,2,2,122,Regular Customer,Use personalized promotions and cross-selling to increase purchase frequency.
18071.0,258,6,1428.63,2,4,4,244,At Risk,"Launch re-engagement campaigns, targeted discounts, and reminders to bring customers back."
18072.0,156,2,-5.329070518200751e-15,3,2,1,321,Regular Customer,Use personalized promotions and cross-selling to increase purchase frequency.
18073.0,115,13,3864.44,3,5,5,355,Loyal Customer,"Use loyalty programs, cross-selling, and repeat-purchase offers."
18074.0,374,2,1509.04,2,2,4,224,Regular Customer,Use personalized promotions and cross-selling to increase purchase frequency.
18075.0,24,31,5579.91,4,5,5,455,VIP Customer,"Provide premium offers, loyalty rewards, and personalized recommendations."
18076.0,381,1,151.49,2,2,1,221,Regular Customer,Use personalized promotions and cross-selling to increase purchase frequency.
18077.0,9,18,4338.56,5,5,5,555,VIP Customer,"Provide premium offers, loyalty rewards, and personalized recommendations."
18078.0,218,4,844.6,2,3,3,233,At Risk,"Launch re-engagement campaigns, targeted discounts, and reminders to bring customers back."
18079.0,46,5,4242.75,4,4,5,445,VIP Customer,"Provide premium offers, loyalty rewards, and personalized recommendations."
18080.0,19,2,1231.5,5,2,4,524,Recent Customer,Send welcome offers and personalized product recommendations to encourage a second purchase.
18081.0,37,3,343.45,4,3,2,432,Regular Customer,Use personalized promotions and cross-selling to increase purchase frequency.
18082.0,26,1,703.37,4,2,3,423,Recent Customer,Send welcome offers and personalized product recommendations to encourage a second purchase.
18083.0,398,1,470.72999999999996,2,2,2,222,Regular Customer,Use personalized promotions and cross-selling to increase purchase frequency.
18084.0,17,5,193.72999999999996,5,4,1,541,Loyal Customer,"Use loyalty programs, cross-selling, and repeat-purchase offers."
18085.0,331,4,1645.75,2,3,4,234,At Risk,"Launch re-engagement campaigns, targeted discounts, and reminders to bring customers back."
18086.0,275,1,101.34,2,2,1,221,Regular Customer,Use personalized promotions and cross-selling to increase purchase frequency.
18087.0,99,21,14411.619999999999,3,5,5,355,Loyal Customer,"Use loyalty programs, cross-selling, and repeat-purchase offers."
18088.0,62,1,167.67000000000002,3,2,1,321,Regular Customer,Use personalized promotions and cross-selling to increase purchase frequency.
18089.0,447,1,428.45,1,2,2,122,Regular Customer,Use personalized promotions and cross-selling to increase purchase frequency.
18090.0,422,1,349.4,1,2,2,122,Regular Customer,Use personalized promotions and cross-selling to increase purchase frequency.
18091.0,594,1,360.85,1,2,2,122,Regular Customer,Use personalized promotions and cross-selling to increase purchase frequency.
18092.0,3,20,16173.19,5,5,5,555,VIP Customer,"Provide premium offers, loyalty rewards, and personalized recommendations."
18093.0,94,9,4429.61,3,4,5,345,Loyal Customer,"Use loyalty programs, cross-selling, and repeat-purchase offers."
18094.0,82,15,6322.62,3,5,5,355,Loyal Customer,"Use loyalty programs, cross-selling, and repeat-purchase offers."
18095.0,313,5,2303.09,2,4,4,244,At Risk,"Launch re-engagement campaigns, targeted discounts, and reminders to bring customers back."
18096.0,12,6,1805.28,5,4,4,544,VIP Customer,"Provide premium offers, loyalty rewards, and personalized recommendations."
18097.0,8,14,4652.17,5,5,5,555,VIP Customer,"Provide premium offers, loyalty rewards, and personalized recommendations."
18098.0,397,1,550.84,2,2,2,222,Regular Customer,Use personalized promotions and cross-selling to increase purchase frequency.
18099.0,128,1,168.31,3,2,1,321,Regular Customer,Use personalized promotions and cross-selling to increase purchase frequency.
18100.0,551,1,451.56,1,2,2,122,Regular Customer,Use personalized promotions and cross-selling to increase purchase frequency.
18101.0,12,5,629.16,5,4,3,543,Loyal Customer,"Use loyalty programs, cross-selling, and repeat-purchase offers."
18102.0,1,153,598215.22,5,5,5,555,VIP Customer,"Provide premium offers, loyalty rewards, and personalized recommendations."
18103.0,550,1,105.8,1,2,1,121,Regular Customer,Use personalized promotions and cross-selling to increase purchase frequency.
18104.0,38,1,754.64,4,2,3,423,Recent Customer,Send welcome offers and personalized product recommendations to encourage a second purchase.
18105.0,38,1,113.48000000000002,4,2,1,421,Recent Customer,Send welcome offers and personalized product recommendations to encourage a second purchase.
18106.0,330,6,1461.46,2,4,4,244,At Risk,"Launch re-engagement campaigns, targeted discounts, and reminders to bring customers back."
18107.0,443,1,167.13,1,2,1,121,Regular Customer,Use personalized promotions and cross-selling to increase purchase frequency.
18108.0,249,4,842.46,2,3,3,233,At Risk,"Launch re-engagement campaigns, targeted discounts, and reminders to bring customers back."
18109.0,2,45,9754.66,5,5,5,555,VIP Customer,"Provide premium offers, loyalty rewards, and personalized recommendations."
18110.0,20,3,405.18,4,3,2,432,Regular Customer,Use personalized promotions and cross-selling to increase purchase frequency.
18111.0,584,2,398.9,1,2,2,122,Regular Customer,Use personalized promotions and cross-selling to increase purchase frequency.
18112.0,13,4,775.96,5,3,3,533,Regular Customer,Use personalized promotions and cross-selling to increase purchase frequency.
18113.0,369,1,152.64000000000001,2,2,1,221,Regular Customer,Use personalized promotions and cross-selling to increase purchase frequency.
18114.0,291,1,220.1,2,2,1,221,Regular Customer,Use personalized promotions and cross-selling to increase purchase frequency.
18115.0,698,1,9.700000000000001,1,2,1,121,Regular Customer,Use personalized promotions and cross-selling to increase purchase frequency.
18116.0,68,13,2154.3,3,5,4,354,Loyal Customer,"Use loyalty programs, cross-selling, and repeat-purchase offers."
18117.0,26,1,320.72,4,2,2,422,Recent Customer,Send welcome offers and personalized product recommendations to encourage a second purchase.
18118.0,11,35,6670.07,5,5,5,555,VIP Customer,"Provide premium offers, loyalty rewards, and personalized recommendations."
18119.0,368,1,362.24,2,2,2,222,Regular Customer,Use personalized promotions and cross-selling to increase purchase frequency.
18120.0,215,1,111.15,2,2,1,221,Regular Customer,Use personalized promotions and cross-selling to increase purchase frequency.
18121.0,150,2,673.1,3,2,3,323,Regular Customer,Use personalized promotions and cross-selling to increase purchase frequency.
18122.0,9,6,1826.21,5,4,4,544,VIP Customer,"Provide premium offers, loyalty rewards, and personalized recommendations."
18123.0,25,3,684.59,4,3,3,433,Regular Customer,Use personalized promotions and cross-selling to increase purchase frequency.
18124.0,473,1,111.53,1,2,1,121,Regular Customer,Use personalized promotions and cross-selling to increase purchase frequency.
18125.0,30,5,1141.34,4,4,3,443,Loyal Customer,"Use loyalty programs, cross-selling, and repeat-purchase offers."
18126.0,61,1,206.82999999999998,3,2,1,321,Regular Customer,Use personalized promotions and cross-selling to increase purchase frequency.
18127.0,20,4,561.53,4,3,2,432,Regular Customer,Use personalized promotions and cross-selling to increase purchase frequency.
18128.0,538,1,420.04,1,2,2,122,Regular Customer,Use personalized promotions and cross-selling to increase purchase frequency.
18129.0,244,1,112.55000000000001,2,2,1,221,Regular Customer,Use personalized promotions and cross-selling to increase purchase frequency.
18130.0,9,4,1045.74,5,3,3,533,Regular Customer,Use personalized promotions and cross-selling to increase purchase frequency.
18131.0,632,1,222.95999999999998,1,2,1,121,Regular Customer,Use personalized promotions and cross-selling to increase purchase frequency.
18132.0,505,1,226.9,1,2,1,121,Regular Customer,Use personalized promotions and cross-selling to increase purchase frequency.
18133.0,212,2,715.4999999999999,2,2,3,223,Regular Customer,Use personalized promotions and cross-selling to increase purchase frequency.
18134.0,599,2,445.0,1,2,2,122,Regular Customer,Use personalized promotions and cross-selling to increase purchase frequency.
18135.0,30,13,1229.22,4,5,4,454,VIP Customer,"Provide premium offers, loyalty rewards, and personalized recommendations."
18136.0,64,9,1531.71,3,4,4,344,Loyal Customer,"Use loyalty programs, cross-selling, and repeat-purchase offers."
18137.0,552,2,145.99,1,2,1,121,Regular Customer,Use personalized promotions and cross-selling to increase purchase frequency.
18138.0,296,1,152.65,2,2,1,221,Regular Customer,Use personalized promotions and cross-selling to increase purchase frequency.
18139.0,18,8,8393.22,5,4,5,545,VIP Customer,"Provide premium offers, loyalty rewards, and personalized recommendations."
18140.0,474,1,536.41,1,2,2,122,Regular Customer,Use personalized promotions and cross-selling to increase purchase frequency.
18141.0,361,4,838.57,2,3,3,233,At Risk,"Launch re-engagement campaigns, targeted discounts, and reminders to bring customers back."
18142.0,152,4,1014.9,3,3,3,333,Regular Customer,Use personalized promotions and cross-selling to increase purchase frequency.
18143.0,117,2,1000.16,3,2,3,323,Regular Customer,Use personalized promotions and cross-selling to increase purchase frequency.
18144.0,8,19,5058.0,5,5,5,555,VIP Customer,"Provide premium offers, loyalty rewards, and personalized recommendations."
18145.0,13,12,5600.09,5,5,5,555,VIP Customer,"Provide premium offers, loyalty rewards, and personalized recommendations."
18146.0,141,2,160.35000000000002,3,2,1,321,Regular Customer,Use personalized promotions and cross-selling to increase purchase frequency.
18147.0,46,2,179.33999999999997,4,2,1,421,Recent Customer,Send welcome offers and personalized product recommendations to encourage a second purchase.
18148.0,647,1,114.10000000000001,1,2,1,121,Regular Customer,Use personalized promotions and cross-selling to increase purchase frequency.
18149.0,51,7,1624.71,4,4,4,444,VIP Customer,"Provide premium offers, loyalty rewards, and personalized recommendations."
18150.0,33,3,566.58,4,3,2,432,Regular Customer,Use personalized promotions and cross-selling to increase purchase frequency.
18151.0,135,7,1853.94,3,4,4,344,Loyal Customer,"Use loyalty programs, cross-selling, and repeat-purchase offers."
18152.0,647,1,426.69,1,2,2,122,Regular Customer,Use personalized promotions and cross-selling to increase purchase frequency.
18153.0,660,1,246.22,1,2,1,121,Regular Customer,Use personalized promotions and cross-selling to increase purchase frequency.
18154.0,4,5,932.6,5,4,3,543,Loyal Customer,"Use loyalty programs, cross-selling, and repeat-purchase offers."
18155.0,76,4,347.82,3,3,2,332,Regular Customer,Use personalized promotions and cross-selling to increase purchase frequency.
18156.0,13,2,941.1700000000001,5,2,3,523,Recent Customer,Send welcome offers and personalized product recommendations to encourage a second purchase.
18157.0,572,1,215.35,1,2,1,121,Regular Customer,Use personalized promotions and cross-selling to increase purchase frequency.
18158.0,10,3,451.75,5,3,2,532,Regular Customer,Use personalized promotions and cross-selling to increase purchase frequency.
18159.0,302,1,530.15,2,2,2,222,Regular Customer,Use personalized promotions and cross-selling to increase purchase frequency.
18160.0,58,3,1003.88,4,3,3,433,Regular Customer,Use personalized promotions and cross-selling to increase purchase frequency.
18161.0,11,7,1797.2,5,4,4,544,VIP Customer,"Provide premium offers, loyalty rewards, and personalized recommendations."
18162.0,733,1,379.16,1,2,2,122,Regular Customer,Use personalized promotions and cross-selling to increase purchase frequency.
18163.0,561,2,639.34,1,2,3,123,Regular Customer,Use personalized promotions and cross-selling to increase purchase frequency.
18164.0,32,2,394.7,4,2,2,422,Recent Customer,Send welcome offers and personalized product recommendations to encourage a second purchase.
18165.0,178,1,302.46000000000004,3,2,2,322,Regular Customer,Use personalized promotions and cross-selling to increase purchase frequency.
18166.0,624,1,175.5,1,2,1,121,Regular Customer,Use personalized promotions and cross-selling to increase purchase frequency.
18167.0,4,6,1355.51,5,4,4,544,VIP Customer,"Provide premium offers, loyalty rewards, and personalized recommendations."
18168.0,177,22,3670.12,3,5,5,355,Loyal Customer,"Use loyalty programs, cross-selling, and repeat-purchase offers."
18169.0,61,1,202.65,3,2,1,321,Regular Customer,Use personalized promotions and cross-selling to increase purchase frequency.
18170.0,34,9,2878.0,4,4,5,445,VIP Customer,"Provide premium offers, loyalty rewards, and personalized recommendations."
18171.0,59,11,2414.51,4,5,4,454,VIP Customer,"Provide premium offers, loyalty rewards, and personalized recommendations."
18172.0,15,63,17301.83,5,5,5,555,VIP Customer,"Provide premium offers, loyalty rewards, and personalized recommendations."
18173.0,87,5,2696.36,3,4,4,344,Loyal Customer,"Use loyalty programs, cross-selling, and repeat-purchase offers."
18174.0,8,2,162.5,5,2,1,521,Recent Customer,Send welcome offers and personalized product recommendations to encourage a second purchase.
18175.0,676,1,176.1,1,2,1,121,Regular Customer,Use personalized promotions and cross-selling to increase purchase frequency.
18176.0,354,2,448.65,2,2,2,222,Regular Customer,Use personalized promotions and cross-selling to increase purchase frequency.
18177.0,32,10,2189.62,4,5,4,454,VIP Customer,"Provide premium offers, loyalty rewards, and personalized recommendations."
18178.0,114,15,6054.49,3,5,5,355,Loyal Customer,"Use loyalty programs, cross-selling, and repeat-purchase offers."
18179.0,10,8,2547.55,5,4,4,544,VIP Customer,"Provide premium offers, loyalty rewards, and personalized recommendations."
18180.0,5,6,1843.75,5,4,4,544,VIP Customer,"Provide premium offers, loyalty rewards, and personalized recommendations."
18181.0,25,7,1184.21,4,4,3,443,Loyal Customer,"Use loyalty programs, cross-selling, and repeat-purchase offers."
18182.0,464,1,291.13,1,2,2,122,Regular Customer,Use personalized promotions and cross-selling to increase purchase frequency.
18183.0,219,6,600.52,2,4,3,243,At Risk,"Launch re-engagement campaigns, targeted discounts, and reminders to bring customers back."
18184.0,16,1,49.8,5,2,1,521,Recent Customer,Send welcome offers and personalized product recommendations to encourage a second purchase.
18185.0,250,1,304.25,2,2,2,222,Regular Customer,Use personalized promotions and cross-selling to increase purchase frequency.
18186.0,723,1,329.58,1,2,2,122,Regular Customer,Use personalized promotions and cross-selling to increase purchase frequency.
18187.0,624,3,682.19,1,3,3,133,At Risk,"Launch re-engagement campaigns, targeted discounts, and reminders to bring customers back."
18188.0,16,8,3263.19,5,4,5,545,VIP Customer,"Provide premium offers, loyalty rewards, and personalized recommendations."
18189.0,78,5,1396.58,3,4,4,344,Loyal Customer,"Use loyalty programs, cross-selling, and repeat-purchase offers."
18190.0,193,6,735.6700000000001,2,4,3,243,At Risk,"Launch re-engagement campaigns, targeted discounts, and reminders to bring customers back."
18191.0,262,2,529.4,2,2,2,222,Regular Customer,Use personalized promotions and cross-selling to increase purchase frequency.
18192.0,72,1,957.97,3,2,3,323,Regular Customer,Use personalized promotions and cross-selling to increase purchase frequency.
18193.0,151,5,1155.7,3,4,3,343,Loyal Customer,"Use loyalty programs, cross-selling, and repeat-purchase offers."
18194.0,65,7,4084.2000000000003,3,4,5,345,Loyal Customer,"Use loyalty programs, cross-selling, and repeat-purchase offers."
18195.0,388,1,101.16,2,2,1,221,Regular Customer,Use personalized promotions and cross-selling to increase purchase frequency.
18196.0,96,4,1464.31,3,3,4,334,Regular Customer,Use personalized promotions and cross-selling to increase purchase frequency.
18197.0,514,2,221.4,1,2,1,121,Regular Customer,Use personalized promotions and cross-selling to increase purchase frequency.
18198.0,5,21,5083.06,5,5,5,555,VIP Customer,"Provide premium offers, loyalty rewards, and personalized recommendations."
18199.0,676,2,342.2,1,2,2,122,Regular Customer,Use personalized promotions and cross-selling to increase purchase frequency.
18200.0,107,1,163.8,3,2,1,321,Regular Customer,Use personalized promotions and cross-selling to increase purchase frequency.
18201.0,723,1,447.53000000000003,1,2,2,122,Regular Customer,Use personalized promotions and cross-selling to increase purchase frequency.
18202.0,200,3,1396.99,2,3,4,234,At Risk,"Launch re-engagement campaigns, targeted discounts, and reminders to bring customers back."
18203.0,158,4,504.42,3,3,2,332,Regular Customer,Use personalized promotions and cross-selling to increase purchase frequency.
18204.0,72,4,1979.3,3,3,4,334,Regular Customer,Use personalized promotions and cross-selling to increase purchase frequency.
18205.0,37,2,517.36,4,2,2,422,Recent Customer,Send welcome offers and personalized product recommendations to encourage a second purchase.
18206.0,554,1,314.65999999999997,1,2,2,122,Regular Customer,Use personalized promotions and cross-selling to increase purchase frequency.
18207.0,494,3,505.12,1,3,2,132,At Risk,"Launch re-engagement campaigns, targeted discounts, and reminders to bring customers back."
18208.0,566,1,360.08,1,2,2,122,Regular Customer,Use personalized promotions and cross-selling to increase purchase frequency.
18209.0,29,1,139.10000000000002,4,2,1,421,Recent Customer,Send welcome offers and personalized product recommendations to encourage a second purchase.
18210.0,2,7,2768.83,5,4,4,544,VIP Customer,"Provide premium offers, loyalty rewards, and personalized recommendations."
18211.0,26,5,600.07,4,4,3,443,Loyal Customer,"Use loyalty programs, cross-selling, and repeat-purchase offers."
18212.0,327,2,546.72,2,2,2,222,Regular Customer,Use personalized promotions and cross-selling to increase purchase frequency.
18213.0,237,1,232.48000000000002,2,2,1,221,Regular Customer,Use personalized promotions and cross-selling to increase purchase frequency.
18214.0,531,5,1480.99,1,4,4,144,At Risk,"Launch re-engagement campaigns, targeted discounts, and reminders to bring customers back."
18215.0,90,6,2238.9900000000002,3,4,4,344,Loyal Customer,"Use loyalty programs, cross-selling, and repeat-purchase offers."
18216.0,32,1,481.75,4,2,2,422,Recent Customer,Send welcome offers and personalized product recommendations to encourage a second purchase.
18217.0,30,6,902.8,4,4,3,443,Loyal Customer,"Use loyalty programs, cross-selling, and repeat-purchase offers."
18218.0,207,6,1106.3,2,4,3,243,At Risk,"Launch re-engagement campaigns, targeted discounts, and reminders to bring customers back."
18219.0,3,19,3507.39,5,5,5,555,VIP Customer,"Provide premium offers, loyalty rewards, and personalized recommendations."
18220.0,220,11,1771.7,2,5,4,254,At Risk,"Launch re-engagement campaigns, targeted discounts, and reminders to bring customers back."
18221.0,23,8,1370.34,4,4,4,444,VIP Customer,"Provide premium offers, loyalty rewards, and personalized recommendations."
18222.0,93,1,443.0,3,2,2,322,Regular Customer,Use personalized promotions and cross-selling to increase purchase frequency.
18223.0,2,52,13497.58,5,5,5,555,VIP Customer,"Provide premium offers, loyalty rewards, and personalized recommendations."
18224.0,264,1,158.95000000000002,2,2,1,221,Regular Customer,Use personalized promotions and cross-selling to increase purchase frequency.
18225.0,4,34,12650.91,5,5,5,555,VIP Customer,"Provide premium offers, loyalty rewards, and personalized recommendations."
18226.0,39,38,11748.58,4,5,5,455,VIP Customer,"Provide premium offers, loyalty rewards, and personalized recommendations."
18227.0,218,3,93.75,2,3,1,231,At Risk,"Launch re-engagement campaigns, targeted discounts, and reminders to bring customers back."
18228.0,51,3,769.2,4,3,3,433,Regular Customer,Use personalized promotions and cross-selling to increase purchase frequency.
18229.0,12,28,10803.710000000001,5,5,5,555,VIP Customer,"Provide premium offers, loyalty rewards, and personalized recommendations."
18230.0,10,12,4190.71,5,5,5,555,VIP Customer,"Provide premium offers, loyalty rewards, and personalized recommendations."
18231.0,193,30,6848.17,2,5,5,255,At Risk,"Launch re-engagement campaigns, targeted discounts, and reminders to bring customers back."
18232.0,82,5,582.47,3,4,2,342,Loyal Customer,"Use loyalty programs, cross-selling, and repeat-purchase offers."
18233.0,326,1,440.0,2,2,2,222,Regular Customer,Use personalized promotions and cross-selling to increase purchase frequency.
18234.0,552,1,179.6,1,2,1,121,Regular Customer,Use personalized promotions and cross-selling to increase purchase frequency.
18235.0,72,3,1796.48,3,3,4,334,Regular Customer,Use personalized promotions and cross-selling to increase purchase frequency.
18236.0,30,12,1795.3500000000001,4,5,4,454,VIP Customer,"Provide premium offers, loyalty rewards, and personalized recommendations."
18237.0,3,5,987.1,5,4,3,543,Loyal Customer,"Use loyalty programs, cross-selling, and repeat-purchase offers."
18238.0,516,1,270.92,1,2,2,122,Regular Customer,Use personalized promotions and cross-selling to increase purchase frequency.
18239.0,219,6,2150.36,2,4,4,244,At Risk,"Launch re-engagement campaigns, targeted discounts, and reminders to bring customers back."
18240.0,47,1,422.58,4,2,2,422,Recent Customer,Send welcome offers and personalized product recommendations to encourage a second purchase.
18241.0,10,23,2954.09,5,5,5,555,VIP Customer,"Provide premium offers, loyalty rewards, and personalized recommendations."
18242.0,73,8,3605.21,3,4,5,345,Loyal Customer,"Use loyalty programs, cross-selling, and repeat-purchase offers."
18243.0,415,1,515.78,1,2,2,122,Regular Customer,Use personalized promotions and cross-selling to increase purchase frequency.
18244.0,431,2,568.64,1,2,2,122,Regular Customer,Use personalized promotions and cross-selling to increase purchase frequency.
18245.0,8,23,6236.2300000000005,5,5,5,555,VIP Customer,"Provide premium offers, loyalty rewards, and personalized recommendations."
18246.0,24,3,758.8199999999999,4,3,3,433,Regular Customer,Use personalized promotions and cross-selling to increase purchase frequency.
18247.0,410,6,721.43,2,4,3,243,At Risk,"Launch re-engagement campaigns, targeted discounts, and reminders to bring customers back."
18248.0,114,4,783.02,3,3,3,333,Regular Customer,Use personalized promotions and cross-selling to increase purchase frequency.
18249.0,18,1,95.34,5,2,1,521,Recent Customer,Send welcome offers and personalized product recommendations to encourage a second purchase.
18250.0,302,2,342.92,2,2,2,222,Regular Customer,Use personalized promotions and cross-selling to increase purchase frequency.
18251.0,88,9,26278.86,3,4,5,345,Loyal Customer,"Use loyalty programs, cross-selling, and repeat-purchase offers."
18252.0,51,8,1465.59,4,4,4,444,VIP Customer,"Provide premium offers, loyalty rewards, and personalized recommendations."
18253.0,643,1,317.88,1,2,2,122,Regular Customer,Use personalized promotions and cross-selling to increase purchase frequency.
18254.0,582,1,267.9,1,2,2,122,Regular Customer,Use personalized promotions and cross-selling to increase purchase frequency.
18255.0,90,2,303.15,3,2,2,322,Regular Customer,Use personalized promotions and cross-selling to increase purchase frequency.
18256.0,355,2,60.599999999999994,2,2,1,221,Regular Customer,Use personalized promotions and cross-selling to increase purchase frequency.
18257.0,40,18,4496.8,4,5,5,455,VIP Customer,"Provide premium offers, loyalty rewards, and personalized recommendations."
18258.0,465,8,2040.97,1,4,4,144,At Risk,"Launch re-engagement campaigns, targeted discounts, and reminders to bring customers back."
18259.0,25,7,4318.200000000001,4,4,5,445,VIP Customer,"Provide premium offers, loyalty rewards, and personalized recommendations."
18260.0,173,32,9751.95,3,5,5,355,Loyal Customer,"Use loyalty programs, cross-selling, and repeat-purchase offers."
18261.0,44,2,324.24,4,2,2,422,Recent Customer,Send welcome offers and personalized product recommendations to encourage a second purchase.
18262.0,141,3,577.54,3,3,2,332,Regular Customer,Use personalized promotions and cross-selling to increase purchase frequency.
18263.0,24,4,1211.08,4,3,4,434,Regular Customer,Use personalized promotions and cross-selling to increase purchase frequency.
18264.0,499,1,603.25,1,2,3,123,Regular Customer,Use personalized promotions and cross-selling to increase purchase frequency.
18265.0,73,2,801.51,3,2,3,323,Regular Customer,Use personalized promotions and cross-selling to increase purchase frequency.
18266.0,435,1,251.1,1,2,1,121,Regular Customer,Use personalized promotions and cross-selling to increase purchase frequency.
18267.0,660,2,252.87,1,2,1,121,Regular Customer,Use personalized promotions and cross-selling to increase purchase frequency.
18268.0,135,8,1451.22,3,4,4,344,Loyal Customer,"Use loyalty programs, cross-selling, and repeat-purchase offers."
18269.0,359,2,307.5,2,2,2,222,Regular Customer,Use personalized promotions and cross-selling to increase purchase frequency.
18270.0,39,4,400.35,4,3,2,432,Regular Customer,Use personalized promotions and cross-selling to increase purchase frequency.
18271.0,610,2,680.85,1,2,3,123,Regular Customer,Use personalized promotions and cross-selling to increase purchase frequency.
18272.0,3,11,4347.33,5,5,5,555,VIP Customer,"Provide premium offers, loyalty rewards, and personalized recommendations."
18273.0,3,4,357.0,5,3,2,532,Regular Customer,Use personalized promotions and cross-selling to increase purchase frequency.
18274.0,18,2,1.7763568394002505e-15,5,2,1,521,Recent Customer,Send welcome offers and personalized product recommendations to encourage a second purchase.
18275.0,579,2,741.85,1,2,3,123,Regular Customer,Use personalized promotions and cross-selling to increase purchase frequency.
18276.0,22,10,1620.67,4,5,4,454,VIP Customer,"Provide premium offers, loyalty rewards, and personalized recommendations."
18277.0,59,8,1111.38,4,4,3,443,Loyal Customer,"Use loyalty programs, cross-selling, and repeat-purchase offers."
18278.0,74,2,414.20000000000005,3,2,2,322,Regular Customer,Use personalized promotions and cross-selling to increase purchase frequency.
18279.0,520,1,231.33999999999997,1,2,1,121,Regular Customer,Use personalized promotions and cross-selling to increase purchase frequency.
18280.0,278,3,472.45000000000005,2,3,2,232,At Risk,"Launch re-engagement campaigns, targeted discounts, and reminders to bring customers back."
18281.0,181,2,201.14,3,2,1,321,Regular Customer,Use personalized promotions and cross-selling to increase purchase frequency.
18282.0,8,3,176.6,5,3,1,531,Regular Customer,Use personalized promotions and cross-selling to increase purchase frequency.
18283.0,4,22,2736.65,5,5,4,554,VIP Customer,"Provide premium offers, loyalty rewards, and personalized recommendations."
18284.0,430,2,436.68,1,2,2,122,Regular Customer,Use personalized promotions and cross-selling to increase purchase frequency.
18285.0,661,1,427.0,1,2,2,122,Regular Customer,Use personalized promotions and cross-selling to increase purchase frequency.
18286.0,477,3,1188.43,1,3,4,134,At Risk,"Launch re-engagement campaigns, targeted discounts, and reminders to bring customers back."
18287.0,43,8,4177.89,4,4,5,445,VIP Customer,"Provide premium offers, loyalty rewards, and personalized recommendations."
