Customer ID,Recency,Frequency,Monetary,R Score,F Score,M Score,RFM Score,Customer Segment,Risk,Predicted_Risk,Risk_Probability,Risk_Level
12346.0,326,17,-64.67999999999302,2,5,1,251,At Risk,1,1,1.0,High Risk
12347.0,3,8,5633.32,5,4,5,545,VIP Customer,0,0,0.0,Low Risk
12348.0,76,5,2019.4,3,3,4,334,Regular Customer,0,0,0.0,Low Risk
12349.0,19,5,4404.54,5,3,5,535,Regular Customer,0,0,0.0,Low Risk
12350.0,311,1,334.4,2,1,2,212,Regular Customer,0,0,0.0,Low Risk
12351.0,376,1,300.93,2,1,2,212,Regular Customer,0,0,0.0,Low Risk
12352.0,37,13,1889.21,4,5,4,454,VIP Customer,0,0,0.0,Low Risk
12353.0,205,2,406.76,2,2,2,222,Regular Customer,0,0,0.0,Low Risk
12354.0,233,1,1079.4,2,1,3,213,Regular Customer,0,0,0.0,Low Risk
12355.0,215,2,947.61,2,2,3,223,Regular Customer,0,0,0.0,Low Risk
12356.0,23,6,6373.68,4,4,5,445,VIP Customer,0,0,0.0,Low Risk
12357.0,34,3,18287.66,4,2,5,425,Recent Customer,0,0,0.0,Low Risk
12358.0,2,5,3887.07,5,3,5,535,Regular Customer,0,0,0.0,Low Risk
12359.0,8,14,8714.89,5,5,5,555,VIP Customer,0,0,0.0,Low Risk
12360.0,53,9,4212.89,4,4,5,445,VIP Customer,0,0,0.0,Low Risk
12361.0,288,4,511.25,2,3,2,232,At Risk,1,1,1.0,High Risk
12362.0,4,14,5284.58,5,5,5,555,VIP Customer,0,0,0.0,Low Risk
12363.0,110,2,552.0,3,2,2,322,Regular Customer,0,0,0.0,Low Risk
12364.0,8,4,1313.1,5,3,4,534,Regular Customer,0,0,0.0,Low Risk
12365.0,292,3,320.69,2,2,2,222,Regular Customer,0,0,0.09,Low Risk
12366.0,634,1,500.24,1,1,2,112,Regular Customer,0,0,0.0,Low Risk
12367.0,5,1,168.9,5,1,1,511,Recent Customer,0,0,0.0,Low Risk
12368.0,629,1,917.7,1,1,3,113,Regular Customer,0,0,0.0,Low Risk
12369.0,414,3,1791.15,2,2,4,224,Regular Customer,0,0,0.065,Low Risk
12370.0,52,7,4320.31,4,4,5,445,VIP Customer,0,0,0.0,Low Risk
12371.0,45,5,4067.38,4,3,5,435,Regular Customer,0,0,0.0,Low Risk
12372.0,72,3,1298.04,3,2,4,324,Regular Customer,0,0,0.0,Low Risk
12373.0,312,3,1127.65,2,2,3,223,Regular Customer,0,0,0.04,Low Risk
12374.0,26,4,2989.2200000000003,4,3,5,435,Regular Customer,0,0,0.0,Low Risk
12375.0,3,3,455.42,5,2,2,522,Recent Customer,0,0,0.0,Low Risk
12376.0,390,2,503.15,2,2,2,222,Regular Customer,0,0,0.0,Low Risk
12377.0,316,4,3426.32,2,3,5,235,At Risk,1,1,1.0,High Risk
12378.0,130,2,5416.32,3,2,5,325,Regular Customer,0,0,0.0,Low Risk
12379.0,82,5,1618.27,3,3,4,334,Regular Customer,0,0,0.0,Low Risk
12380.0,22,15,7888.0,4,5,5,455,VIP Customer,0,0,0.0,Low Risk
12381.0,5,6,1803.96,5,4,4,544,VIP Customer,0,0,0.0,Low Risk
12382.0,683,1,-18.38,1,1,1,111,Regular Customer,0,0,0.0,Low Risk
12383.0,185,6,1839.31,3,4,4,344,Loyal Customer,0,0,0.0,Low Risk
12384.0,29,3,566.16,4,2,2,422,Recent Customer,0,0,0.0,Low Risk
12385.0,380,2,1923.4,2,2,4,224,Regular Customer,0,0,0.0,Low Risk
12386.0,338,2,660.8,2,2,3,223,Regular Customer,0,0,0.0,Low Risk
12387.0,416,1,143.94,1,1,1,111,Regular Customer,0,0,0.0,Low Risk
12388.0,16,8,3901.11,5,4,5,545,VIP Customer,0,0,0.0,Low Risk
12389.0,403,3,1433.33,2,2,4,224,Regular Customer,0,0,0.035,Low Risk
12390.0,80,1,549.84,3,1,2,312,Regular Customer,0,0,0.0,Low Risk
12391.0,22,7,2747.82,4,4,4,444,VIP Customer,0,0,0.0,Low Risk
12392.0,592,1,234.75000000000003,1,1,1,111,Regular Customer,0,0,0.0,Low Risk
12393.0,73,7,2376.75,3,4,4,344,Loyal Customer,0,0,0.0,Low Risk
12394.0,64,2,1272.48,3,2,4,324,Regular Customer,0,0,0.0,Low Risk
12395.0,16,18,5046.92,5,5,5,555,VIP Customer,0,0,0.0,Low Risk
12396.0,675,1,931.43,1,1,3,113,Regular Customer,0,0,0.0,Low Risk
12397.0,36,2,2409.9,4,2,4,424,Recent Customer,0,0,0.0,Low Risk
12398.0,46,1,1635.66,4,1,4,414,Recent Customer,0,0,0.0,Low Risk
12399.0,120,7,1962.3,3,4,4,344,Loyal Customer,0,0,0.0,Low Risk
12400.0,415,1,205.25,1,1,1,111,Regular Customer,0,0,0.0,Low Risk
12401.0,304,1,84.3,2,1,1,211,Regular Customer,0,0,0.0,Low Risk
12402.0,324,7,1244.15,2,4,4,244,At Risk,1,1,1.0,High Risk
12403.0,50,3,1001.36,4,2,3,423,Recent Customer,0,0,0.0,Low Risk
12404.0,683,1,63.24,1,1,1,111,Regular Customer,0,0,0.0,Low Risk
12405.0,149,1,1710.39,3,1,4,314,Regular Customer,0,0,0.0,Low Risk
12406.0,23,7,6072.21,4,4,5,445,VIP Customer,0,0,0.0,Low Risk
12407.0,50,5,1708.12,4,3,4,434,Regular Customer,0,0,0.0,Low Risk
12408.0,33,14,4279.64,4,5,5,455,VIP Customer,0,0,0.0,Low Risk
12409.0,79,13,23090.47,3,5,5,355,Loyal Customer,0,0,0.0,Low Risk
12410.0,302,4,1001.46,2,3,3,233,At Risk,1,1,1.0,High Risk
12411.0,410,1,346.9,2,1,2,212,Regular Customer,0,0,0.0,Low Risk
12412.0,75,8,2581.03,3,4,4,344,Loyal Customer,0,0,0.0,Low Risk
12413.0,67,6,935.5,3,4,3,343,Loyal Customer,0,0,0.0,Low Risk
12414.0,218,8,692.41,2,4,3,243,At Risk,1,1,1.0,High Risk
12415.0,25,33,143269.29,4,5,5,455,VIP Customer,0,0,0.0,Low Risk
12416.0,657,1,202.56,1,1,1,111,Regular Customer,0,0,0.0,Low Risk
12417.0,4,27,6708.21,5,5,5,555,VIP Customer,0,0,0.0,Low Risk
12418.0,113,5,2016.95,3,3,4,334,Regular Customer,0,0,0.0,Low Risk
12419.0,386,2,503.01,2,2,2,222,Regular Customer,0,0,0.0,Low Risk
12420.0,64,1,600.39,3,1,3,313,Regular Customer,0,0,0.0,Low Risk
12421.0,16,8,1092.83,5,4,3,543,Loyal Customer,0,0,0.0,Low Risk
12422.0,96,21,4119.35,3,5,5,355,Loyal Customer,0,0,0.0,Low Risk
12423.0,1,11,2612.19,5,5,4,554,VIP Customer,0,0,0.0,Low Risk
12424.0,163,7,3289.78,3,4,5,345,Loyal Customer,0,0,0.0,Low Risk
12425.0,79,3,1680.81,3,2,4,324,Regular Customer,0,0,0.0,Low Risk
12426.0,195,3,1311.41,2,2,4,224,Regular Customer,0,0,0.045,Low Risk
12427.0,12,5,1011.87,5,3,3,533,Regular Customer,0,0,0.0,Low Risk
12428.0,26,12,7877.2,4,5,5,455,VIP Customer,0,0,0.0,Low Risk
12429.0,10,9,7435.51,5,4,5,545,VIP Customer,0,0,0.0,Low Risk
12430.0,44,1,256.4,4,1,1,411,Recent Customer,0,0,0.0,Low Risk
12431.0,36,33,10719.41,4,5,5,455,VIP Customer,0,0,0.0,Low Risk
12432.0,43,5,5059.32,4,3,5,435,Regular Customer,0,0,0.0,Low Risk
12433.0,1,11,20428.86,5,5,5,555,VIP Customer,0,0,0.0,Low Risk
12434.0,85,5,1062.48,3,3,3,333,Regular Customer,0,0,0.0,Low Risk
12435.0,80,6,13925.93,3,4,5,345,Loyal Customer,0,0,0.0,Low Risk
12436.0,100,1,509.01,3,1,2,312,Regular Customer,0,0,0.0,Low Risk
12437.0,2,47,12394.85,5,5,5,555,VIP Customer,0,0,0.0,Low Risk
12438.0,15,2,2906.85,5,2,5,525,Recent Customer,0,0,0.0,Low Risk
12439.0,683,3,1104.48,1,2,3,123,Regular Customer,0,0,0.105,Low Risk
12440.0,458,3,768.15,1,2,3,123,Regular Customer,0,0,0.085,Low Risk
12441.0,367,1,347.1,2,1,2,212,Regular Customer,0,0,0.0,Low Risk
12442.0,4,1,172.06,5,1,1,511,Recent Customer,0,0,0.0,Low Risk
12443.0,733,1,485.31,1,1,2,112,Regular Customer,0,0,0.0,Low Risk
12444.0,22,5,5005.46,4,3,5,435,Regular Customer,0,0,0.0,Low Risk
12445.0,23,3,426.48,4,2,2,422,Recent Customer,0,0,0.0,Low Risk
12446.0,58,1,1002.31,4,1,3,413,Recent Customer,0,0,0.0,Low Risk
12447.0,244,1,476.49,2,1,2,212,Regular Customer,0,0,0.0,Low Risk
12448.0,45,1,449.45,4,1,2,412,Recent Customer,0,0,0.0,Low Risk
12449.0,23,6,4835.89,4,4,5,445,VIP Customer,0,0,0.0,Low Risk
12450.0,157,7,666.95,3,4,3,343,Loyal Customer,0,0,0.0,Low Risk
12451.0,11,10,12546.53,5,4,5,545,VIP Customer,0,0,0.0,Low Risk
12452.0,17,3,428.57,5,2,2,522,Recent Customer,0,0,0.0,Low Risk
12453.0,135,1,707.09,3,1,3,313,Regular Customer,0,0,0.0,Low Risk
12454.0,54,9,4292.71,4,4,5,445,VIP Customer,0,0,0.0,Low Risk
12455.0,74,10,5879.95,3,4,5,345,Loyal Customer,0,0,0.0,Low Risk
12456.0,45,4,3153.89,4,3,5,435,Regular Customer,0,0,0.0,Low Risk
12457.0,59,14,2472.31,4,5,4,454,VIP Customer,0,0,0.0,Low Risk
12458.0,72,4,1777.49,3,3,4,334,Regular Customer,0,0,0.0,Low Risk
12459.0,606,1,454.36,1,1,2,112,Regular Customer,0,0,0.0,Low Risk
12460.0,457,1,326.65,1,1,2,112,Regular Customer,0,0,0.0,Low Risk
12461.0,95,2,826.88,3,2,3,323,Regular Customer,0,0,0.0,Low Risk
12462.0,3,4,1124.01,5,3,3,533,Regular Customer,0,0,0.0,Low Risk
12463.0,47,7,1303.63,4,4,4,444,VIP Customer,0,0,0.0,Low Risk
12464.0,11,8,1212.05,5,4,4,544,VIP Customer,0,0,0.0,Low Risk
12465.0,8,3,733.89,5,2,3,523,Recent Customer,0,0,0.0,Low Risk
12466.0,683,1,56.73,1,1,1,111,Regular Customer,0,0,0.0,Low Risk
12467.0,387,2,0.0,2,2,1,221,Regular Customer,0,0,0.0,Low Risk
12468.0,144,10,3624.55,3,4,5,345,Loyal Customer,0,0,0.0,Low Risk
12469.0,523,2,3070.54,1,2,5,125,Regular Customer,0,0,0.0,Low Risk
12470.0,690,1,211.95,1,1,1,111,Regular Customer,0,0,0.0,Low Risk
12471.0,3,129,37948.61,5,5,5,555,VIP Customer,0,0,0.0,Low Risk
12472.0,31,37,16956.69,4,5,5,455,VIP Customer,0,0,0.0,Low Risk
12473.0,30,9,2848.23,4,4,4,444,VIP Customer,0,0,0.0,Low Risk
12474.0,18,54,11966.45,5,5,5,555,VIP Customer,0,0,0.0,Low Risk
12475.0,54,2,1149.64,4,2,3,423,Recent Customer,0,0,0.0,Low Risk
12476.0,2,38,13715.62,5,5,5,555,VIP Customer,0,0,0.0,Low Risk
12477.0,23,12,20173.64,4,5,5,455,VIP Customer,0,0,0.0,Low Risk
12478.0,4,1,680.99,5,1,3,513,Recent Customer,0,0,0.0,Low Risk
12479.0,4,3,477.3,5,2,2,522,Recent Customer,0,0,0.0,Low Risk
12480.0,29,8,5435.1,4,4,5,445,VIP Customer,0,0,0.0,Low Risk
12481.0,23,18,12217.03,4,5,5,455,VIP Customer,0,0,0.0,Low Risk
12482.0,450,32,21893.53,1,5,5,155,At Risk,1,1,1.0,High Risk
12483.0,18,27,4846.87,5,5,5,555,VIP Customer,0,0,0.0,Low Risk
12484.0,33,16,6303.85,4,5,5,455,VIP Customer,0,0,0.0,Low Risk
12485.0,530,1,708.1,1,1,3,113,Regular Customer,0,0,0.0,Low Risk
12486.0,432,1,1037.28,1,1,3,113,Regular Customer,0,0,0.0,Low Risk
12487.0,731,2,259.79999999999995,1,2,2,122,Regular Customer,0,0,0.0,Low Risk
12488.0,10,3,1298.66,5,2,4,524,Recent Customer,0,0,0.0,Low Risk
12489.0,337,1,334.93,2,1,2,212,Regular Customer,0,0,0.0,Low Risk
12490.0,6,22,9818.64,5,5,5,555,VIP Customer,0,0,0.0,Low Risk
12491.0,39,1,460.4,4,1,2,412,Recent Customer,0,0,0.0,Low Risk
12492.0,64,3,715.21,3,2,3,323,Regular Customer,0,0,0.0,Low Risk
12493.0,166,3,416.79,3,2,2,322,Regular Customer,0,0,0.0,Low Risk
12494.0,10,17,1743.52,5,5,4,554,VIP Customer,0,0,0.0,Low Risk
12495.0,635,2,323.4,1,2,2,122,Regular Customer,0,0,0.0,Low Risk
12496.0,621,2,54.09,1,2,1,121,Regular Customer,0,0,0.0,Low Risk
12497.0,82,4,6211.75,3,3,5,335,Regular Customer,0,0,0.0,Low Risk
12498.0,22,3,403.7000000000001,4,2,2,422,Recent Customer,0,0,0.0,Low Risk
12499.0,561,1,393.72,1,1,2,112,Regular Customer,0,0,0.0,Low Risk
12500.0,24,25,5872.31,4,5,5,455,VIP Customer,0,0,0.0,Low Risk
12501.0,316,2,2089.68,2,2,4,224,Regular Customer,0,0,0.0,Low Risk
12502.0,96,5,3723.87,3,3,5,335,Regular Customer,0,0,0.0,Low Risk
12503.0,338,2,0.0,2,2,1,221,Regular Customer,0,0,0.0,Low Risk
12504.0,19,6,411.0,5,4,2,542,Loyal Customer,0,0,0.0,Low Risk
12505.0,302,3,908.0,2,2,3,223,Regular Customer,0,0,0.06,Low Risk
12506.0,233,1,73.5,2,1,1,211,Regular Customer,0,0,0.0,Low Risk
12507.0,135,5,1797.31,3,3,4,334,Regular Customer,0,0,0.0,Low Risk
12508.0,27,2,398.27,4,2,2,422,Recent Customer,0,0,0.0,Low Risk
12509.0,285,1,176.5,2,1,1,211,Regular Customer,0,0,0.0,Low Risk
12510.0,143,16,3689.33,3,5,5,355,Loyal Customer,0,0,0.0,Low Risk
12511.0,415,2,3065.77,1,2,5,125,Regular Customer,0,0,0.0,Low Risk
12512.0,67,2,138.03,3,2,1,321,Regular Customer,0,0,0.0,Low Risk
12513.0,85,2,586.79,3,2,3,323,Regular Customer,0,0,0.0,Low Risk
12514.0,268,2,1597.76,2,2,4,224,Regular Customer,0,0,0.0,Low Risk
12515.0,354,1,383.7,2,1,2,212,Regular Customer,0,0,0.0,Low Risk
12516.0,78,4,2648.62,3,3,4,334,Regular Customer,0,0,0.0,Low Risk
12517.0,29,6,2464.89,4,4,4,444,VIP Customer,0,0,0.0,Low Risk
12518.0,1,5,2056.89,5,3,4,534,Regular Customer,0,0,0.0,Low Risk
12519.0,64,3,695.19,3,2,3,323,Regular Customer,0,0,0.0,Low Risk
12520.0,80,6,2582.51,3,4,4,344,Loyal Customer,0,0,0.0,Low Risk
12521.0,143,1,599.68,3,1,3,313,Regular Customer,0,0,0.0,Low Risk
12522.0,40,2,192.72,4,2,1,421,Recent Customer,0,0,0.0,Low Risk
12523.0,2,30,4220.85,5,5,5,555,VIP Customer,0,0,0.0,Low Risk
12524.0,10,18,11091.36,5,5,5,555,VIP Customer,0,0,0.0,Low Risk
12525.0,492,8,835.1800000000001,1,4,3,143,At Risk,1,1,1.0,High Risk
12526.0,1,3,1316.66,5,2,4,524,Recent Customer,0,0,0.0,Low Risk
12527.0,82,5,735.51,3,3,3,333,Regular Customer,0,0,0.0,Low Risk
12528.0,10,8,1922.28,5,4,4,544,VIP Customer,0,0,0.0,Low Risk
12529.0,523,2,311.78000000000003,1,2,2,122,Regular Customer,0,0,0.0,Low Risk
12530.0,60,12,3689.86,3,5,5,355,Loyal Customer,0,0,0.0,Low Risk
12531.0,15,3,1899.05,5,2,4,524,Recent Customer,0,0,0.0,Low Risk
12532.0,31,1,349.83000000000004,4,1,2,412,Recent Customer,0,0,0.0,Low Risk
12533.0,619,6,1149.99,1,4,3,143,At Risk,1,1,1.0,High Risk
12534.0,131,1,1089.18,3,1,3,313,Regular Customer,0,0,0.0,Low Risk
12535.0,92,2,716.35,3,2,3,323,Regular Customer,0,0,0.0,Low Risk
12536.0,8,5,4106.82,5,3,5,535,Regular Customer,0,0,0.0,Low Risk
12537.0,409,1,732.94,2,1,3,213,Regular Customer,0,0,0.0,Low Risk
12538.0,30,2,640.45,4,2,3,423,Recent Customer,0,0,0.0,Low Risk
12539.0,23,8,9498.9,4,4,5,445,VIP Customer,0,0,0.0,Low Risk
12540.0,20,36,22107.29,4,5,5,455,VIP Customer,0,0,0.0,Low Risk
12541.0,30,3,981.18,4,2,3,423,Recent Customer,0,0,0.0,Low Risk
12542.0,485,4,423.38,1,3,2,132,At Risk,1,1,1.0,High Risk
12543.0,449,1,980.25,1,1,3,113,Regular Customer,0,0,0.0,Low Risk
12544.0,30,2,355.7,4,2,2,422,Recent Customer,0,0,0.0,Low Risk
12545.0,76,2,1000.39,3,2,3,323,Regular Customer,0,0,0.0,Low Risk
12546.0,47,3,1141.5,4,2,3,423,Recent Customer,0,0,0.0,Low Risk
12547.0,198,3,383.58,2,2,2,222,Regular Customer,0,0,0.085,Low Risk
12548.0,167,1,95.2,3,1,1,311,Regular Customer,0,0,0.0,Low Risk
12549.0,576,6,1575.68,1,4,4,144,At Risk,1,1,1.0,High Risk
12550.0,80,1,964.83,3,1,3,313,Regular Customer,0,0,0.0,Low Risk
12551.0,358,1,168.0,2,1,1,211,Regular Customer,0,0,0.0,Low Risk
12552.0,39,2,437.82,4,2,2,422,Recent Customer,0,0,0.0,Low Risk
12553.0,9,17,4548.82,5,5,5,555,VIP Customer,0,0,0.0,Low Risk
12554.0,449,1,468.5,1,1,2,112,Regular Customer,0,0,0.0,Low Risk
12555.0,683,1,129.23,1,1,1,111,Regular Customer,0,0,0.0,Low Risk
12556.0,51,2,603.71,4,2,3,423,Recent Customer,0,0,0.0,Low Risk
12557.0,17,8,18716.14,5,4,5,545,VIP Customer,0,0,0.005,Low Risk
12558.0,2,2,1.0658141036401504e-14,5,2,1,521,Recent Customer,0,0,0.0,Low Risk
12559.0,311,3,536.21,2,2,2,222,Regular Customer,0,0,0.115,Low Risk
12560.0,6,4,2101.39,5,3,4,534,Regular Customer,0,0,0.0,Low Risk
12561.0,303,1,238.85,2,1,1,211,Regular Customer,0,0,0.0,Low Risk
12562.0,9,9,4966.92,5,4,5,545,VIP Customer,0,0,0.0,Low Risk
12563.0,409,1,249.24,2,1,1,211,Regular Customer,0,0,0.005,Low Risk
12564.0,262,1,456.9,2,1,2,212,Regular Customer,0,0,0.0,Low Risk
12565.0,282,2,131.17,2,2,1,221,Regular Customer,0,0,0.0,Low Risk
12566.0,73,2,346.7,3,2,2,322,Regular Customer,0,0,0.0,Low Risk
12567.0,23,17,13393.82,4,5,5,455,VIP Customer,0,0,0.0,Low Risk
12568.0,645,1,70.0,1,1,1,111,Regular Customer,0,0,0.0,Low Risk
12569.0,3,35,4064.99,5,5,5,555,VIP Customer,0,0,0.0,Low Risk
12570.0,683,1,77.52,1,1,1,111,Regular Customer,0,0,0.0,Low Risk
12571.0,40,2,519.61,4,2,2,422,Recent Customer,0,0,0.0,Low Risk
12572.0,9,3,1004.72,5,2,3,523,Recent Customer,0,0,0.0,Low Risk
12573.0,228,5,717.41,2,3,3,233,At Risk,1,1,1.0,High Risk
12574.0,316,1,218.45,2,1,1,211,Regular Customer,0,0,0.0,Low Risk
12575.0,458,2,622.8199999999999,1,2,3,123,Regular Customer,0,0,0.0,Low Risk
12576.0,36,11,2083.87,4,5,4,454,VIP Customer,0,0,0.0,Low Risk
12577.0,36,9,1591.35,4,4,4,444,VIP Customer,0,0,0.0,Low Risk
12578.0,22,7,4572.45,4,4,5,445,VIP Customer,0,0,0.0,Low Risk
12579.0,74,3,410.72,3,2,2,322,Regular Customer,0,0,0.0,Low Risk
12580.0,247,2,1052.9,2,2,3,223,Regular Customer,0,0,0.0,Low Risk
12581.0,40,1,197.71,4,1,1,411,Recent Customer,0,0,0.0,Low Risk
12582.0,239,4,1980.4,2,3,4,234,At Risk,1,1,1.0,High Risk
12583.0,3,31,14344.9,5,5,5,555,VIP Customer,0,0,0.0,Low Risk
12584.0,4,18,1893.95,5,5,4,554,VIP Customer,0,0,0.0,Low Risk
12585.0,235,4,1982.81,2,3,4,234,At Risk,1,1,1.0,High Risk
12586.0,18,5,2028.67,5,3,4,534,Regular Customer,0,0,0.0,Low Risk
12587.0,8,1,144.0,5,1,1,511,Recent Customer,0,0,0.0,Low Risk
12588.0,40,5,938.98,4,3,3,433,Regular Customer,0,0,0.0,Low Risk
12589.0,29,11,3094.17,4,5,5,455,VIP Customer,0,0,0.0,Low Risk
12590.0,191,5,9853.48,3,3,5,335,Regular Customer,0,0,0.005,Low Risk
12591.0,318,3,1352.15,2,2,4,224,Regular Customer,0,0,0.03,Low Risk
12592.0,93,8,1152.62,3,4,3,343,Loyal Customer,0,0,0.0,Low Risk
12593.0,109,3,418.1,3,2,2,322,Regular Customer,0,0,0.0,Low Risk
12594.0,38,17,5044.51,4,5,5,455,VIP Customer,0,0,0.0,Low Risk
12595.0,505,1,299.02,1,1,2,112,Regular Customer,0,0,0.0,Low Risk
12596.0,52,2,618.27,4,2,3,423,Recent Customer,0,0,0.0,Low Risk
12597.0,20,5,3683.13,4,3,5,435,Regular Customer,0,0,0.0,Low Risk
12598.0,10,15,4414.67,5,5,5,555,VIP Customer,0,0,0.0,Low Risk
12599.0,30,13,2296.72,4,5,4,454,VIP Customer,0,0,0.0,Low Risk
12600.0,29,26,4955.79,4,5,5,455,VIP Customer,0,0,0.0,Low Risk
12601.0,190,7,673.76,3,4,3,343,Loyal Customer,0,0,0.005,Low Risk
12602.0,59,1,153.12,4,1,1,411,Recent Customer,0,0,0.0,Low Risk
12603.0,22,1,739.1999999999999,4,1,3,413,Recent Customer,0,0,0.0,Low Risk
12604.0,80,2,254.18,3,2,1,321,Regular Customer,0,0,0.0,Low Risk
12605.0,366,5,1217.95,2,3,4,234,At Risk,1,1,1.0,High Risk
12606.0,683,1,21.0,1,1,1,111,Regular Customer,0,0,0.0,Low Risk
12607.0,59,2,3.552713678800501e-15,4,2,1,421,Recent Customer,0,0,0.0,Low Risk
12608.0,405,1,415.79,2,1,2,212,Regular Customer,0,0,0.0,Low Risk
12609.0,79,10,3417.86,3,4,5,345,Loyal Customer,0,0,0.0,Low Risk
12610.0,23,7,2057.99,4,4,4,444,VIP Customer,0,0,0.0,Low Risk
12611.0,53,1,1193.32,4,1,4,414,Recent Customer,0,0,0.0,Low Risk
12612.0,58,2,643.59,4,2,3,423,Recent Customer,0,0,0.0,Low Risk
12613.0,32,13,6591.52,4,5,5,455,VIP Customer,0,0,0.0,Low Risk
12614.0,278,1,315.6,2,1,2,212,Regular Customer,0,0,0.0,Low Risk
12615.0,3,11,5564.88,5,5,5,555,VIP Customer,0,0,0.0,Low Risk
12616.0,86,7,1045.35,3,4,3,343,Loyal Customer,0,0,0.0,Low Risk
12617.0,30,1,355.53,4,1,2,412,Recent Customer,0,0,0.0,Low Risk
12618.0,22,1,177.31,4,1,1,411,Recent Customer,0,0,0.0,Low Risk
12619.0,17,14,3354.95,5,5,5,555,VIP Customer,0,0,0.0,Low Risk
12620.0,15,3,1339.41,5,2,4,524,Recent Customer,0,0,0.0,Low Risk
12621.0,2,44,24579.31,5,5,5,555,VIP Customer,0,0,0.0,Low Risk
12622.0,233,1,180.1,2,1,1,211,Regular Customer,0,0,0.0,Low Risk
12623.0,277,9,3639.84,2,4,5,245,At Risk,1,1,1.0,High Risk
12624.0,107,2,641.13,3,2,3,323,Regular Customer,0,0,0.0,Low Risk
12625.0,212,5,5095.38,2,3,5,235,At Risk,1,1,1.0,High Risk
12626.0,24,13,6388.35,4,5,5,455,VIP Customer,0,0,0.0,Low Risk
12627.0,11,7,4478.53,5,4,5,545,VIP Customer,0,0,0.0,Low Risk
12628.0,5,4,769.61,5,3,3,533,Regular Customer,0,0,0.0,Low Risk
12629.0,386,2,1558.22,2,2,4,224,Regular Customer,0,0,0.0,Low Risk
12630.0,10,2,1270.88,5,2,4,524,Recent Customer,0,0,0.0,Low Risk
12631.0,58,7,3452.27,4,4,5,445,VIP Customer,0,0,0.0,Low Risk
12632.0,521,4,738.88,1,3,3,133,At Risk,1,1,1.0,High Risk
12633.0,59,10,5595.21,4,4,5,445,VIP Customer,0,0,0.0,Low Risk
12634.0,536,2,490.0,1,2,2,122,Regular Customer,0,0,0.0,Low Risk
12635.0,90,4,2930.41,3,3,5,335,Regular Customer,0,0,0.0,Low Risk
12636.0,739,1,141.0,1,1,1,111,Regular Customer,0,0,0.0,Low Risk
12637.0,68,14,8271.66,3,5,5,355,Loyal Customer,0,0,0.0,Low Risk
12638.0,34,2,921.49,4,2,3,423,Recent Customer,0,0,0.0,Low Risk
12639.0,239,3,1312.37,2,2,4,224,Regular Customer,0,0,0.045,Low Risk
12640.0,24,3,1174.58,4,2,3,423,Recent Customer,0,0,0.0,Low Risk
12641.0,116,1,185.9,3,1,1,311,Regular Customer,0,0,0.0,Low Risk
12642.0,26,3,1013.26,4,2,3,423,Recent Customer,0,0,0.0,Low Risk
12643.0,129,14,7880.9,3,5,5,355,Loyal Customer,0,0,0.0,Low Risk
12644.0,130,6,1815.54,3,4,4,344,Loyal Customer,0,0,0.0,Low Risk
12645.0,34,10,3499.1,4,4,5,445,VIP Customer,0,0,0.0,Low Risk
12646.0,5,2,1346.97,5,2,4,524,Recent Customer,0,0,0.0,Low Risk
12647.0,23,45,17682.79,4,5,5,455,VIP Customer,0,0,0.0,Low Risk
12648.0,155,5,1097.0,3,3,3,333,Regular Customer,0,0,0.0,Low Risk
12649.0,108,10,2238.7,3,4,4,344,Loyal Customer,0,0,0.0,Low Risk
12650.0,4,1,314.44,5,1,2,512,Recent Customer,0,0,0.0,Low Risk
12651.0,335,5,365.3,2,3,2,232,At Risk,1,1,1.0,High Risk
12652.0,323,3,1011.58,2,2,3,223,Regular Customer,0,0,0.055,Low Risk
12653.0,149,3,4160.83,3,2,5,325,Regular Customer,0,0,0.0,Low Risk
12654.0,11,5,601.98,5,3,3,533,Regular Customer,0,0,0.0,Low Risk
12655.0,424,1,261.35,1,1,2,112,Regular Customer,0,0,0.0,Low Risk
12656.0,18,12,6320.78,5,5,5,555,VIP Customer,0,0,0.0,Low Risk
12657.0,12,5,1152.06,5,3,3,533,Regular Customer,0,0,0.0,Low Risk
12658.0,19,1,686.05,5,1,3,513,Recent Customer,0,0,0.0,Low Risk
12659.0,30,1,91.68,4,1,1,411,Recent Customer,0,0,0.0,Low Risk
12660.0,12,1,245.1,5,1,1,511,Recent Customer,0,0,0.0,Low Risk
12661.0,437,1,162.0,1,1,1,111,Regular Customer,0,0,0.0,Low Risk
12662.0,1,22,6949.17,5,5,5,555,VIP Customer,0,0,0.0,Low Risk
12663.0,625,3,204.0,1,2,1,121,Regular Customer,0,0,0.125,Low Risk
12664.0,9,12,6052.04,5,5,5,555,VIP Customer,0,0,0.0,Low Risk
12665.0,325,5,301.45,2,3,2,232,At Risk,1,1,1.0,High Risk
12666.0,360,2,1020.98,2,2,3,223,Regular Customer,0,0,0.0,Low Risk
12667.0,59,1,620.13,4,1,3,413,Recent Customer,0,0,0.0,Low Risk
12668.0,8,12,11380.71,5,5,5,555,VIP Customer,0,0,0.0,Low Risk
12669.0,151,4,1607.73,3,3,4,334,Regular Customer,0,0,0.0,Low Risk
12670.0,11,8,3750.39,5,4,5,545,VIP Customer,0,0,0.0,Low Risk
12671.0,607,1,2622.481,1,1,4,114,Regular Customer,0,0,0.0,Low Risk
12672.0,330,3,410.5,2,2,2,222,Regular Customer,0,0,0.115,Low Risk
12673.0,6,3,1230.02,5,3,4,534,Regular Customer,0,0,0.0,Low Risk
12674.0,12,7,1919.31,5,4,4,544,VIP Customer,0,0,0.0,Low Risk
12675.0,554,4,934.8,1,3,3,133,At Risk,1,1,1.0,High Risk
12676.0,25,12,2773.09,4,5,4,454,VIP Customer,0,0,0.0,Low Risk
12677.0,556,3,389.3,1,3,2,132,At Risk,1,1,0.995,High Risk
12678.0,43,23,33851.13,4,5,5,455,VIP Customer,0,0,0.0,Low Risk
12679.0,53,9,1058.67,4,4,3,443,Loyal Customer,0,0,0.0,Low Risk
12680.0,1,4,880.81,5,3,3,533,Regular Customer,0,0,0.0,Low Risk
12681.0,15,56,30551.76,5,5,5,555,VIP Customer,0,0,0.0,Low Risk
12682.0,4,53,23945.81,5,5,5,555,VIP Customer,0,0,0.0,Low Risk
12683.0,5,27,12418.6,5,5,5,555,VIP Customer,0,0,0.0,Low Risk
12684.0,8,7,2283.63,5,4,4,544,VIP Customer,0,0,0.0,Low Risk
12685.0,29,6,2863.08,4,4,5,445,VIP Customer,0,0,0.0,Low Risk
12686.0,372,1,178.28,2,1,1,211,Regular Customer,0,0,0.0,Low Risk
12687.0,481,2,2138.91,1,2,4,124,Regular Customer,0,0,0.0,Low Risk
12688.0,114,1,4873.81,3,1,5,315,Regular Customer,0,0,0.0,Low Risk
12689.0,26,2,1247.61,4,2,4,424,Recent Customer,0,0,0.0,Low Risk
12690.0,206,1,389.01,2,1,2,212,Regular Customer,0,0,0.0,Low Risk
12691.0,29,7,1170.4,4,4,3,443,Loyal Customer,0,0,0.0,Low Risk
12692.0,638,1,110.95,1,1,1,111,Regular Customer,0,0,0.0,Low Risk
12693.0,121,11,1640.42,3,5,4,354,Loyal Customer,0,0,0.0,Low Risk
12694.0,71,4,1839.45,3,3,4,334,Regular Customer,0,0,0.0,Low Risk
12695.0,8,7,1407.12,5,4,4,544,VIP Customer,0,0,0.0,Low Risk
12696.0,435,3,801.15,1,3,3,133,At Risk,1,1,1.0,High Risk
12697.0,22,5,939.02,4,3,3,433,Regular Customer,0,0,0.0,Low Risk
12698.0,591,1,339.75,1,1,2,112,Regular Customer,0,0,0.0,Low Risk
12699.0,418,1,638.11,1,1,3,113,Regular Customer,0,0,0.0,Low Risk
12700.0,8,6,4867.99,5,4,5,545,VIP Customer,0,0,0.0,Low Risk
12701.0,80,6,2446.41,3,4,4,344,Loyal Customer,0,0,0.0,Low Risk
12702.0,20,1,219.0,4,1,1,411,Recent Customer,0,0,0.0,Low Risk
12703.0,65,7,892.18,3,4,3,343,Loyal Customer,0,0,0.0,Low Risk
12704.0,8,10,2220.84,5,4,4,544,VIP Customer,0,0,0.0,Low Risk
12705.0,16,22,11554.0,5,5,5,555,VIP Customer,0,0,0.0,Low Risk
12706.0,683,1,-91.89,1,1,1,111,Regular Customer,0,0,0.0,Low Risk
12707.0,292,1,603.42,2,1,3,213,Regular Customer,0,0,0.0,Low Risk
12708.0,30,30,5118.16,4,5,5,455,VIP Customer,0,0,0.0,Low Risk
12709.0,4,55,30312.61,5,5,5,555,VIP Customer,0,0,0.0,Low Risk
12710.0,97,4,1130.57,3,3,3,333,Regular Customer,0,0,0.0,Low Risk
12711.0,612,2,1339.05,1,2,4,124,Regular Customer,0,0,0.005,Low Risk
12712.0,23,28,6979.66,4,5,5,455,VIP Customer,0,0,0.0,Low Risk
12713.0,1,1,848.55,5,1,3,513,Recent Customer,0,0,0.0,Low Risk
12714.0,10,12,14093.71,5,5,5,555,VIP Customer,0,0,0.0,Low Risk
12715.0,107,1,353.86,3,1,2,312,Regular Customer,0,0,0.0,Low Risk
12716.0,4,2,1053.49,5,2,3,523,Recent Customer,0,0,0.0,Low Risk
12717.0,152,4,1258.91,3,3,4,334,Regular Customer,0,0,0.0,Low Risk
12718.0,72,1,238.25,3,1,1,311,Regular Customer,0,0,0.0,Low Risk
12719.0,6,3,608.1,5,3,3,533,Regular Customer,0,0,0.0,Low Risk
12720.0,3,41,8047.88,5,5,5,555,VIP Customer,0,0,0.0,Low Risk
12721.0,32,10,3906.68,4,4,5,445,VIP Customer,0,0,0.0,Low Risk
12722.0,86,6,904.33,3,4,3,343,Loyal Customer,0,0,0.0,Low Risk
12723.0,4,5,725.07,5,3,3,533,Regular Customer,0,0,0.0,Low Risk
12724.0,6,7,2317.52,5,4,4,544,VIP Customer,0,0,0.0,Low Risk
12725.0,372,4,2694.56,2,3,4,234,At Risk,1,1,1.0,High Risk
12726.0,29,11,4014.6,4,5,5,455,VIP Customer,0,0,0.0,Low Risk
12727.0,11,12,5646.53,5,5,5,555,VIP Customer,0,0,0.0,Low Risk
12728.0,72,5,1070.17,3,3,3,333,Regular Customer,0,0,0.0,Low Risk
12729.0,114,1,453.01,3,1,2,312,Regular Customer,0,0,0.0,Low Risk
12730.0,522,1,829.25,1,1,3,113,Regular Customer,0,0,0.0,Low Risk
12731.0,24,19,25673.21,4,5,5,455,VIP Customer,0,0,0.0,Low Risk
12732.0,180,1,236.26,3,1,1,311,Regular Customer,0,0,0.0,Low Risk
12733.0,235,6,2326.82,2,4,4,244,At Risk,1,1,1.0,High Risk
12734.0,353,3,639.65,2,3,3,233,At Risk,1,1,1.0,High Risk
12735.0,316,2,779.5699999999999,2,2,3,223,Regular Customer,0,0,0.0,Low Risk
12736.0,333,1,234.0,2,1,1,211,Regular Customer,0,0,0.0,Low Risk
12737.0,499,2,3710.5,1,2,5,125,Regular Customer,0,0,0.0,Low Risk
12738.0,373,1,310.7,2,1,2,212,Regular Customer,0,0,0.0,Low Risk
12739.0,79,4,2726.73,3,3,4,334,Regular Customer,0,0,0.0,Low Risk
12740.0,64,1,427.6,3,1,2,312,Regular Customer,0,0,0.0,Low Risk
12741.0,530,2,406.07,1,2,2,122,Regular Customer,0,0,0.0,Low Risk
12742.0,600,2,1185.02,1,2,3,123,Regular Customer,0,0,0.0,Low Risk
12743.0,135,2,546.43,3,2,2,322,Regular Customer,0,0,0.0,Low Risk
12744.0,52,14,13158.16,4,5,5,455,VIP Customer,0,0,0.0,Low Risk
12745.0,487,3,925.41,1,3,3,133,At Risk,1,1,1.0,High Risk
12746.0,528,3,230.85,1,3,1,131,At Risk,1,1,1.0,High Risk
12747.0,3,32,9164.59,5,5,5,555,VIP Customer,0,0,0.0,Low Risk
12748.0,1,365,49970.13,5,5,5,555,VIP Customer,0,0,0.0,Low Risk
12749.0,4,16,6328.49,5,5,5,555,VIP Customer,0,0,0.0,Low Risk
12750.0,129,1,275.88,3,1,2,312,Regular Customer,0,0,0.0,Low Risk
12751.0,445,1,268.27,1,1,2,112,Regular Customer,0,0,0.0,Low Risk
12752.0,82,1,4366.78,3,1,5,315,Regular Customer,0,0,0.0,Low Risk
12753.0,4,11,21024.01,5,5,5,555,VIP Customer,0,0,0.0,Low Risk
12754.0,236,5,2949.12,2,3,5,235,At Risk,1,1,1.0,High Risk
12755.0,250,22,6406.349999999999,2,5,5,255,At Risk,1,1,1.0,High Risk
12756.0,87,1,112.07999999999998,3,1,1,311,Regular Customer,0,0,0.0,Low Risk
12757.0,16,19,4227.7,5,5,5,555,VIP Customer,0,0,0.0,Low Risk
12758.0,117,8,9779.0,3,4,5,345,Loyal Customer,0,0,0.0,Low Risk
12759.0,53,8,5020.74,4,4,5,445,VIP Customer,0,0,0.0,Low Risk
12760.0,456,1,347.8,1,1,2,112,Regular Customer,0,0,0.0,Low Risk
12761.0,458,2,782.95,1,2,3,123,Regular Customer,0,0,0.0,Low Risk
12762.0,8,2,1898.52,5,2,4,524,Recent Customer,0,0,0.0,Low Risk
12763.0,139,2,814.16,3,2,3,323,Regular Customer,0,0,0.0,Low Risk
12764.0,317,1,1693.88,2,1,4,214,Regular Customer,0,0,0.0,Low Risk
12765.0,473,6,1404.58,1,4,4,144,At Risk,1,1,1.0,High Risk
12766.0,4,11,10026.43,5,5,5,555,VIP Customer,0,0,0.0,Low Risk
12767.0,376,1,949.82,2,1,3,213,Regular Customer,0,0,0.0,Low Risk
12768.0,432,2,3.552713678800501e-15,1,2,1,121,Regular Customer,0,0,0.0,Low Risk
12769.0,239,1,1143.6,2,1,3,213,Regular Customer,0,0,0.0,Low Risk
12770.0,211,7,2975.95,2,4,5,245,At Risk,1,1,1.0,High Risk
12771.0,465,2,262.5,1,2,2,122,Regular Customer,0,0,0.0,Low Risk
12772.0,60,1,892.47,3,1,3,313,Regular Customer,0,0,0.0,Low Risk
12773.0,565,2,1.7763568394002505e-15,1,2,1,121,Regular Customer,0,0,0.0,Low Risk
12774.0,536,1,98.7,1,1,1,111,Regular Customer,0,0,0.0,Low Risk
12775.0,18,8,1651.32,5,4,4,544,VIP Customer,0,0,0.0,Low Risk
12776.0,668,1,55.5,1,1,1,111,Regular Customer,0,0,0.0,Low Risk
12777.0,458,1,519.45,1,1,2,112,Regular Customer,0,0,0.0,Low Risk
12778.0,20,10,1757.68,4,4,4,444,VIP Customer,0,0,0.0,Low Risk
12779.0,22,21,6406.76,4,5,5,455,VIP Customer,0,0,0.0,Low Risk
12780.0,599,1,337.4,1,1,2,112,Regular Customer,0,0,0.0,Low Risk
12781.0,22,5,707.72,4,3,3,433,Regular Customer,0,0,0.0,Low Risk
12782.0,5,14,4526.04,5,5,5,555,VIP Customer,0,0,0.0,Low Risk
12783.0,3,8,1603.87,5,4,4,544,VIP Customer,0,0,0.0,Low Risk
12784.0,10,3,1804.75,5,3,4,534,Regular Customer,0,0,0.0,Low Risk
12785.0,3,5,1079.31,5,3,3,533,Regular Customer,0,0,0.0,Low Risk
12786.0,610,1,728.5,1,1,3,113,Regular Customer,0,0,0.0,Low Risk
12787.0,10,5,859.18,5,3,3,533,Regular Customer,0,0,0.0,Low Risk
12788.0,464,4,444.9,1,3,2,132,At Risk,1,1,1.0,High Risk
12789.0,66,3,273.35,3,3,2,332,Regular Customer,0,0,0.0,Low Risk
12790.0,193,3,563.45,2,3,2,232,At Risk,1,1,1.0,High Risk
12791.0,374,8,777.75,2,4,3,243,At Risk,1,1,1.0,High Risk
12792.0,257,3,813.88,2,3,3,233,At Risk,1,1,1.0,High Risk
12793.0,335,3,1017.33,2,3,3,233,At Risk,1,1,1.0,High Risk
12794.0,54,2,860.41,4,2,3,423,Recent Customer,0,0,0.0,Low Risk
12795.0,19,1,430.48,5,1,2,512,Recent Customer,0,0,0.0,Low Risk
12796.0,629,1,381.0,1,1,2,112,Regular Customer,0,0,0.0,Low Risk
12797.0,361,6,725.46,2,4,3,243,At Risk,1,1,1.0,High Risk
12798.0,11,4,8510.93,5,3,5,535,Regular Customer,0,0,0.0,Low Risk
12799.0,530,1,219.35,1,1,1,111,Regular Customer,0,0,0.0,Low Risk
12800.0,471,3,584.25,1,3,3,133,At Risk,1,1,1.0,High Risk
12801.0,478,2,1031.87,1,2,3,123,Regular Customer,0,0,0.0,Low Risk
12802.0,184,9,2350.42,3,4,4,344,Loyal Customer,0,0,0.0,Low Risk
12803.0,394,1,1092.81,2,1,3,213,Regular Customer,0,0,0.0,Low Risk
12804.0,466,2,327.02,1,2,2,122,Regular Customer,0,0,0.0,Low Risk
12805.0,382,4,1434.95,2,3,4,234,At Risk,1,1,1.0,High Risk
12806.0,436,4,2878.96,1,3,5,135,At Risk,1,1,1.0,High Risk
12807.0,383,3,269.95,2,3,2,232,At Risk,1,1,1.0,High Risk
12808.0,37,5,906.1,4,3,3,433,Regular Customer,0,0,0.0,Low Risk
12809.0,169,8,1705.34,3,4,4,344,Loyal Customer,0,0,0.0,Low Risk
12810.0,535,2,534.99,1,2,2,122,Regular Customer,0,0,0.0,Low Risk
12811.0,261,5,1033.9,2,3,3,233,At Risk,1,1,1.0,High Risk
12812.0,45,1,229.64,4,1,1,411,Recent Customer,0,0,0.0,Low Risk
12813.0,502,3,1687.8,1,3,4,134,At Risk,1,1,1.0,High Risk
12814.0,102,1,125.92,3,1,1,311,Regular Customer,0,0,0.0,Low Risk
12815.0,148,2,1063.46,3,2,3,323,Regular Customer,0,0,0.0,Low Risk
12816.0,96,2,572.2,3,2,2,322,Regular Customer,0,0,0.0,Low Risk
12817.0,282,3,690.98,2,3,3,233,At Risk,1,1,1.0,High Risk
12818.0,179,2,1517.88,3,2,4,324,Regular Customer,0,0,0.0,Low Risk
12819.0,459,1,540.52,1,1,2,112,Regular Customer,0,0,0.0,Low Risk
12820.0,4,13,2647.94,5,5,4,554,VIP Customer,0,0,0.0,Low Risk
12821.0,215,2,220.8,2,2,1,221,Regular Customer,0,0,0.0,Low Risk
12822.0,71,3,918.98,3,3,3,333,Regular Customer,0,0,0.0,Low Risk
12823.0,75,18,6501.5,3,5,5,355,Loyal Customer,0,0,0.0,Low Risk
12824.0,60,1,397.12,3,1,2,312,Regular Customer,0,0,0.0,Low Risk
12825.0,522,2,518.63,1,2,2,122,Regular Customer,0,0,0.0,Low Risk
12826.0,3,15,2928.69,5,5,5,555,VIP Customer,0,0,0.0,Low Risk
12827.0,6,3,430.15,5,3,2,532,Regular Customer,0,0,0.0,Low Risk
12828.0,3,6,1018.71,5,4,3,543,Loyal Customer,0,0,0.0,Low Risk
12829.0,323,4,345.35,2,3,2,232,At Risk,1,1,1.0,High Risk
12830.0,38,7,6748.4,4,4,5,445,VIP Customer,0,0,0.0,Low Risk
12831.0,263,3,451.11,2,3,2,232,At Risk,1,1,1.0,High Risk
12832.0,33,2,383.03,4,2,2,422,Recent Customer,0,0,0.0,Low Risk
12833.0,146,1,417.38,3,1,2,312,Regular Customer,0,0,0.0,Low Risk
12834.0,283,1,312.38,2,1,2,212,Regular Customer,0,0,0.0,Low Risk
12835.0,419,49,6018.67,1,5,5,155,At Risk,1,1,1.0,High Risk
12836.0,60,17,6546.47,3,5,5,355,Loyal Customer,0,0,0.0,Low Risk
12837.0,174,2,688.41,3,2,3,323,Regular Customer,0,0,0.0,Low Risk
12838.0,34,12,3376.03,4,5,5,455,VIP Customer,0,0,0.0,Low Risk
12839.0,3,31,9927.83,5,5,5,555,VIP Customer,0,0,0.0,Low Risk
12840.0,144,11,4013.87,3,5,5,355,Loyal Customer,0,0,0.0,Low Risk
12841.0,5,42,7390.48,5,5,5,555,VIP Customer,0,0,0.0,Low Risk
12842.0,71,4,1917.99,3,3,4,334,Regular Customer,0,0,0.0,Low Risk
12843.0,66,34,6345.61,3,5,5,355,Loyal Customer,0,0,0.0,Low Risk
12844.0,30,4,648.6,4,3,3,433,Regular Customer,0,0,0.0,Low Risk
12845.0,268,4,354.09,2,3,2,232,At Risk,1,1,1.0,High Risk
12846.0,683,1,15.58,1,1,1,111,Regular Customer,0,0,0.0,Low Risk
12847.0,23,2,1636.9,4,2,4,424,Recent Customer,0,0,0.0,Low Risk
12848.0,676,1,208.0,1,1,1,111,Regular Customer,0,0,0.0,Low Risk
12849.0,32,6,3090.56,4,4,5,445,VIP Customer,0,0,0.0,Low Risk
12850.0,446,1,330.0,1,1,2,112,Regular Customer,0,0,0.0,Low Risk
12851.0,97,2,284.13,3,2,2,322,Regular Customer,0,0,0.0,Low Risk
12852.0,291,2,299.75,2,2,2,222,Regular Customer,0,0,0.0,Low Risk
12853.0,108,16,3728.5,3,5,5,355,Loyal Customer,0,0,0.0,Low Risk
12854.0,79,11,2922.37,3,5,5,355,Loyal Customer,0,0,0.0,Low Risk
12855.0,373,4,650.9399999999999,2,3,3,233,At Risk,1,1,1.0,High Risk
12856.0,8,8,2162.68,5,4,4,544,VIP Customer,0,0,0.0,Low Risk
12857.0,211,7,3684.25,2,4,5,245,At Risk,1,1,1.0,High Risk
12858.0,384,2,151.73,2,2,1,221,Regular Customer,0,0,0.0,Low Risk
12859.0,459,1,575.1,1,1,2,112,Regular Customer,0,0,0.0,Low Risk
12860.0,694,1,55.47,1,1,1,111,Regular Customer,0,0,0.0,Low Risk
12861.0,620,1,68.25,1,1,1,111,Regular Customer,0,0,0.0,Low Risk
12862.0,426,2,1008.32,1,2,3,123,Regular Customer,0,0,0.0,Low Risk
12863.0,53,7,2775.55,4,4,4,444,VIP Customer,0,0,0.0,Low Risk
12864.0,139,2,299.57,3,2,2,322,Regular Customer,0,0,0.0,Low Risk
12865.0,27,5,3303.31,4,3,5,435,Regular Customer,0,0,0.0,Low Risk
12866.0,284,3,1227.35,2,3,4,234,At Risk,1,1,1.0,High Risk
12867.0,27,16,7862.69,4,5,5,455,VIP Customer,0,0,0.0,Low Risk
12868.0,186,8,2247.06,3,4,4,344,Loyal Customer,0,0,0.005,Low Risk
12869.0,682,1,337.67,1,1,2,112,Regular Customer,0,0,0.0,Low Risk
12870.0,367,4,1647.15,2,3,4,234,At Risk,1,1,1.0,High Risk
12871.0,85,3,744.02,3,3,3,333,Regular Customer,0,0,0.0,Low Risk
12872.0,327,13,3678.34,2,5,5,255,At Risk,1,1,1.0,High Risk
12873.0,283,3,2027.3,2,3,4,234,At Risk,1,1,1.0,High Risk
12874.0,386,3,933.42,2,3,3,233,At Risk,1,1,1.0,High Risk
12875.0,144,5,1356.99,3,3,4,334,Regular Customer,0,0,0.0,Low Risk
12876.0,58,5,4068.59,4,3,5,435,Regular Customer,0,0,0.0,Low Risk
12877.0,4,20,2955.17,5,5,5,555,VIP Customer,0,0,0.0,Low Risk
12878.0,19,3,841.64,5,3,3,533,Regular Customer,0,0,0.0,Low Risk
12879.0,45,4,552.5699999999999,4,3,2,432,Regular Customer,0,0,0.0,Low Risk
12880.0,382,2,640.13,2,2,3,223,Regular Customer,0,0,0.0,Low Risk
12881.0,276,1,298.0,2,1,2,212,Regular Customer,0,0,0.0,Low Risk
12882.0,10,2,1463.04,5,2,4,524,Recent Customer,0,0,0.0,Low Risk
12883.0,25,4,703.47,4,3,3,433,Regular Customer,0,0,0.0,Low Risk
12884.0,89,1,309.05,3,1,2,312,Regular Customer,0,0,0.0,Low Risk
12885.0,64,4,1158.27,3,3,3,333,Regular Customer,0,0,0.0,Low Risk
12886.0,68,3,1351.09,3,3,4,334,Regular Customer,0,0,0.0,Low Risk
12887.0,384,1,222.4,2,1,1,211,Regular Customer,0,0,0.0,Low Risk
12888.0,215,4,313.77,2,3,2,232,At Risk,1,1,1.0,High Risk
12889.0,382,6,365.66,2,4,2,242,At Risk,1,1,1.0,High Risk
12890.0,25,2,717.27,4,2,3,423,Recent Customer,0,0,0.0,Low Risk
12891.0,186,12,819.5,3,5,3,353,Loyal Customer,0,0,0.0,Low Risk
12892.0,397,1,263.38,2,1,2,212,Regular Customer,0,0,0.0,Low Risk
12893.0,31,1,188.14,4,1,1,411,Recent Customer,0,0,0.0,Low Risk
12894.0,576,1,157.35,1,1,1,111,Regular Customer,0,0,0.0,Low Risk
12895.0,43,3,347.3,4,3,2,432,Regular Customer,0,0,0.0,Low Risk
12896.0,731,1,-29.75,1,1,1,111,Regular Customer,0,0,0.0,Low Risk
12897.0,205,4,514.25,2,3,2,232,At Risk,1,1,1.0,High Risk
12898.0,464,2,310.96000000000004,1,2,2,122,Regular Customer,0,0,0.0,Low Risk
12899.0,414,1,366.4,2,1,2,212,Regular Customer,0,0,0.0,Low Risk
12900.0,423,1,340.33,1,1,2,112,Regular Customer,0,0,0.0,Low Risk
12901.0,9,36,16293.1,5,5,5,555,VIP Customer,0,0,0.0,Low Risk
12902.0,265,1,138.68,2,1,1,211,Regular Customer,0,0,0.0,Low Risk
12903.0,429,1,833.53,1,1,3,113,Regular Customer,0,0,0.0,Low Risk
12904.0,19,2,509.58,5,2,2,522,Recent Customer,0,0,0.0,Low Risk
12905.0,577,3,1011.82,1,3,3,133,At Risk,1,1,0.995,High Risk
12906.0,12,5,2919.81,5,3,5,535,Regular Customer,0,0,0.0,Low Risk
12907.0,396,3,440.36,2,3,2,232,At Risk,1,1,1.0,High Risk
12908.0,59,7,1272.0,4,4,4,444,VIP Customer,0,0,0.0,Low Risk
12909.0,40,13,3034.77,4,5,5,455,VIP Customer,0,0,0.0,Low Risk
12910.0,24,14,5747.02,4,5,5,455,VIP Customer,0,0,0.0,Low Risk
12911.0,552,1,1680.47,1,1,4,114,Regular Customer,0,0,0.0,Low Risk
12912.0,3,5,1662.3,5,3,4,534,Regular Customer,0,0,0.0,Low Risk
12913.0,5,13,6700.860000000001,5,5,5,555,VIP Customer,0,0,0.0,Low Risk
12914.0,401,1,223.98,2,1,1,211,Regular Customer,0,0,0.0,Low Risk
12915.0,149,8,1084.85,3,4,3,343,Loyal Customer,0,0,0.0,Low Risk
12916.0,139,8,4630.22,3,4,5,345,Loyal Customer,0,0,0.0,Low Risk
12917.0,129,8,4329.5,3,4,5,345,Loyal Customer,0,0,0.0,Low Risk
12918.0,627,3,-10953.5,1,3,1,131,At Risk,1,1,1.0,High Risk
12919.0,9,8,1301.44,5,4,4,544,VIP Customer,0,0,0.0,Low Risk
12920.0,18,4,488.09,5,3,2,532,Regular Customer,0,0,0.0,Low Risk
12921.0,4,103,34639.45,5,5,5,555,VIP Customer,0,0,0.0,Low Risk
12922.0,162,1,405.38,3,1,2,312,Regular Customer,0,0,0.0,Low Risk
12923.0,65,3,789.87,3,3,3,333,Regular Customer,0,0,0.0,Low Risk
12924.0,89,14,2423.15,3,5,4,354,Loyal Customer,0,0,0.0,Low Risk
12925.0,5,3,729.3299999999999,5,3,3,533,Regular Customer,0,0,0.0,Low Risk
12926.0,412,4,1548.46,2,3,4,234,At Risk,1,1,1.0,High Risk
12927.0,395,1,197.31,2,1,1,211,Regular Customer,0,0,0.0,Low Risk
12928.0,36,12,4304.89,4,5,5,455,VIP Customer,0,0,0.0,Low Risk
12929.0,123,2,105.1,3,2,1,321,Regular Customer,0,0,0.0,Low Risk
12930.0,79,4,409.9,3,3,2,332,Regular Customer,0,0,0.0,Low Risk
12931.0,22,71,71299.67,4,5,5,455,VIP Customer,0,0,0.0,Low Risk
12932.0,540,8,1698.56,1,4,4,144,At Risk,1,1,1.0,High Risk
12933.0,25,11,1627.28,4,5,4,454,VIP Customer,0,0,0.0,Low Risk
12934.0,737,1,181.65,1,1,1,111,Regular Customer,0,0,0.0,Low Risk
12935.0,3,19,4182.01,5,5,5,555,VIP Customer,0,0,0.0,Low Risk
12936.0,18,5,1012.9,5,3,3,533,Regular Customer,0,0,0.0,Low Risk
12937.0,16,9,3097.61,5,4,5,545,VIP Customer,0,0,0.0,Low Risk
12938.0,26,1,114.14,4,1,1,411,Recent Customer,0,0,0.0,Low Risk
12939.0,65,20,25264.8,3,5,5,355,Loyal Customer,0,0,0.0,Low Risk
12940.0,47,4,876.29,4,3,3,433,Regular Customer,0,0,0.0,Low Risk
12941.0,725,1,377.49,1,1,2,112,Regular Customer,0,0,0.0,Low Risk
12942.0,132,3,942.65,3,3,3,333,Regular Customer,0,0,0.0,Low Risk
12943.0,302,4,489.0,2,3,2,232,At Risk,1,1,1.0,High Risk
12944.0,36,2,604.51,4,2,3,423,Recent Customer,0,0,0.0,Low Risk
12945.0,289,2,900.11,2,2,3,223,Regular Customer,0,0,0.0,Low Risk
12946.0,437,1,324.45,1,1,2,112,Regular Customer,0,0,0.0,Low Risk
12947.0,144,11,1711.33,3,5,4,354,Loyal Customer,0,0,0.0,Low Risk
12948.0,17,10,2306.18,5,4,4,544,VIP Customer,0,0,0.0,Low Risk
12949.0,31,28,15391.0,4,5,5,455,VIP Customer,0,0,0.0,Low Risk
12950.0,3,3,1843.0,5,3,4,534,Regular Customer,0,0,0.0,Low Risk
12951.0,9,20,3164.42,5,5,5,555,VIP Customer,0,0,0.0,Low Risk
12952.0,6,5,1382.84,5,3,4,534,Regular Customer,0,0,0.0,Low Risk
12953.0,10,2,828.8100000000001,5,2,3,523,Recent Customer,0,0,0.0,Low Risk
12954.0,639,1,162.45,1,1,1,111,Regular Customer,0,0,0.0,Low Risk
12955.0,2,14,4734.26,5,5,5,555,VIP Customer,0,0,0.0,Low Risk
12956.0,307,4,521.89,2,3,2,232,At Risk,1,1,1.0,High Risk
12957.0,5,21,8628.42,5,5,5,555,VIP Customer,0,0,0.0,Low Risk
12958.0,401,2,539.49,2,2,2,222,Regular Customer,0,0,0.0,Low Risk
12959.0,485,2,133.35,1,2,1,121,Regular Customer,0,0,0.0,Low Risk
12960.0,414,4,1322.07,2,3,4,234,At Risk,1,1,1.0,High Risk
12961.0,380,1,211.99,2,1,1,211,Regular Customer,0,0,0.0,Low Risk
12962.0,8,2,266.39,5,2,2,522,Recent Customer,0,0,0.0,Low Risk
12963.0,9,14,3512.79,5,5,5,555,VIP Customer,0,0,0.0,Low Risk
12964.0,438,1,132.24,1,1,1,111,Regular Customer,0,0,0.0,Low Risk
12965.0,90,1,771.91,3,1,3,313,Regular Customer,0,0,0.0,Low Risk
12966.0,10,1,160.18,5,1,1,511,Recent Customer,0,0,0.0,Low Risk
12967.0,4,5,3840.77,5,3,5,535,Regular Customer,0,0,0.0,Low Risk
12968.0,113,1,135.95,3,1,1,311,Regular Customer,0,0,0.0,Low Risk
12969.0,603,1,122.45,1,1,1,111,Regular Customer,0,0,0.0,Low Risk
12970.0,8,10,1524.97,5,4,4,544,VIP Customer,0,0,0.0,Low Risk
12971.0,4,120,15482.74,5,5,5,555,VIP Customer,0,0,0.0,Low Risk
12972.0,414,6,1115.95,2,4,3,243,At Risk,1,1,1.0,High Risk
12973.0,414,1,385.55,2,1,2,212,Regular Customer,0,0,0.0,Low Risk
12974.0,198,2,408.95,2,2,2,222,Regular Customer,0,0,0.0,Low Risk
12975.0,431,8,1993.99,1,4,4,144,At Risk,1,1,1.0,High Risk
12976.0,212,8,3156.38,2,4,5,245,At Risk,1,1,1.0,High Risk
12977.0,157,4,517.63,3,3,2,332,Regular Customer,0,0,0.0,Low Risk
12978.0,386,6,2496.07,2,4,4,244,At Risk,1,1,1.0,High Risk
12979.0,730,2,479.54,1,2,2,122,Regular Customer,0,0,0.0,Low Risk
12980.0,156,26,15909.39,3,5,5,355,Loyal Customer,0,0,0.0,Low Risk
12981.0,30,2,372.22,4,2,2,422,Recent Customer,0,0,0.0,Low Risk
12982.0,240,17,2562.12,2,5,4,254,At Risk,1,1,1.0,High Risk
12983.0,599,1,490.08,1,1,2,112,Regular Customer,0,0,0.0,Low Risk
12984.0,19,1,97.5,5,1,1,511,Recent Customer,0,0,0.0,Low Risk
12985.0,1,3,1215.62,5,3,4,534,Regular Customer,0,0,0.0,Low Risk
12986.0,403,12,1991.59,2,5,4,254,At Risk,1,1,1.0,High Risk
12987.0,74,6,1298.51,3,4,4,344,Loyal Customer,0,0,0.0,Low Risk
12988.0,293,1,535.32,2,1,2,212,Regular Customer,0,0,0.0,Low Risk
12989.0,4,39,12846.8,5,5,5,555,VIP Customer,0,0,0.0,Low Risk
12990.0,32,7,955.5,4,4,3,443,Loyal Customer,0,0,0.0,Low Risk
12991.0,24,3,764.82,4,3,3,433,Regular Customer,0,0,0.0,Low Risk
12992.0,726,1,93.35,1,1,1,111,Regular Customer,0,0,0.0,Low Risk
12993.0,24,10,1191.26,4,4,4,444,VIP Customer,0,0,0.0,Low Risk
12994.0,5,5,902.22,5,3,3,533,Regular Customer,0,0,0.0,Low Risk
12995.0,78,2,200.72,3,2,1,321,Regular Customer,0,0,0.0,Low Risk
12996.0,376,1,355.5,2,1,2,212,Regular Customer,0,0,0.0,Low Risk
12997.0,23,16,2065.11,4,5,4,454,VIP Customer,0,0,0.0,Low Risk
12998.0,493,4,897.38,1,3,3,133,At Risk,1,1,1.0,High Risk
12999.0,197,3,455.88,2,3,2,232,At Risk,1,1,0.995,High Risk
13000.0,107,5,965.0,3,3,3,333,Regular Customer,0,0,0.0,Low Risk
13001.0,5,37,24136.05,5,5,5,555,VIP Customer,0,0,0.0,Low Risk
13002.0,319,3,414.13,2,3,2,232,At Risk,1,1,1.0,High Risk
13003.0,106,3,149.05,3,3,1,331,Regular Customer,0,0,0.0,Low Risk
13004.0,12,46,11143.99,5,5,5,555,VIP Customer,0,0,0.0,Low Risk
13005.0,174,6,935.03,3,4,3,343,Loyal Customer,0,0,0.0,Low Risk
13006.0,57,1,81.57,4,1,1,411,Recent Customer,0,0,0.0,Low Risk
13007.0,580,1,175.25,1,1,1,111,Regular Customer,0,0,0.0,Low Risk
13008.0,324,7,543.28,2,4,2,242,At Risk,1,1,1.0,High Risk
13009.0,673,1,234.0,1,1,1,111,Regular Customer,0,0,0.0,Low Risk
13010.0,375,2,330.12,2,2,2,222,Regular Customer,0,0,0.0,Low Risk
13011.0,373,1,101.1,2,1,1,211,Regular Customer,0,0,0.0,Low Risk
13012.0,10,15,2591.1800000000003,5,5,4,554,VIP Customer,0,0,0.0,Low Risk
13013.0,2,31,12601.82,5,5,5,555,VIP Customer,0,0,0.0,Low Risk
13014.0,3,18,5220.83,5,5,5,555,VIP Customer,0,0,0.0,Low Risk
13015.0,54,14,6465.72,4,5,5,455,VIP Customer,0,0,0.0,Low Risk
13016.0,74,3,789.89,3,3,3,333,Regular Customer,0,0,0.0,Low Risk
13017.0,8,1,204.0,5,1,1,511,Recent Customer,0,0,0.0,Low Risk
13018.0,17,37,9742.81,5,5,5,555,VIP Customer,0,0,0.0,Low Risk
13019.0,380,8,1212.95,2,4,4,244,At Risk,1,1,1.0,High Risk
13020.0,549,5,606.96,1,3,3,133,At Risk,1,1,1.0,High Risk
13021.0,5,24,4786.38,5,5,5,555,VIP Customer,0,0,0.0,Low Risk
13022.0,430,1,65.3,1,1,1,111,Regular Customer,0,0,0.0,Low Risk
13023.0,65,3,1449.03,3,3,4,334,Regular Customer,0,0,0.0,Low Risk
13024.0,465,3,535.42,1,3,2,132,At Risk,1,1,1.0,High Risk
13025.0,732,1,323.39,1,1,2,112,Regular Customer,0,0,0.0,Low Risk
13026.0,2,13,1690.12,5,5,4,554,VIP Customer,0,0,0.0,Low Risk
13027.0,114,23,17148.0,3,5,5,355,Loyal Customer,0,0,0.0,Low Risk
13028.0,23,3,659.68,4,3,3,433,Regular Customer,0,0,0.0,Low Risk
13029.0,31,5,1927.3,4,3,4,434,Regular Customer,0,0,0.0,Low Risk
13030.0,12,2,1227.22,5,2,4,524,Recent Customer,0,0,0.0,Low Risk
13031.0,408,5,3419.27,2,3,5,235,At Risk,1,1,1.0,High Risk
13032.0,39,11,2817.59,4,5,4,454,VIP Customer,0,0,0.0,Low Risk
13033.0,358,2,220.55,2,2,1,221,Regular Customer,0,0,0.0,Low Risk
13034.0,55,3,922.68,4,3,3,433,Regular Customer,0,0,0.0,Low Risk
13035.0,58,4,1328.95,4,3,4,434,Regular Customer,0,0,0.0,Low Risk
13036.0,685,1,307.1,1,1,2,112,Regular Customer,0,0,0.0,Low Risk
13037.0,139,16,3842.55,3,5,5,355,Loyal Customer,0,0,0.0,Low Risk
13038.0,81,3,908.46,3,3,3,333,Regular Customer,0,0,0.0,Low Risk
13039.0,585,4,1010.73,1,3,3,133,At Risk,1,1,1.0,High Risk
13040.0,9,2,676.99,5,2,3,523,Recent Customer,0,0,0.0,Low Risk
13041.0,451,4,799.13,1,3,3,133,At Risk,1,1,1.0,High Risk
13042.0,585,4,1522.79,1,3,4,134,At Risk,1,1,1.0,High Risk
13043.0,254,2,471.57,2,2,2,222,Regular Customer,0,0,0.0,Low Risk
13044.0,292,13,4824.2,2,5,5,255,At Risk,1,1,1.0,High Risk
13045.0,100,3,808.92,3,3,3,333,Regular Customer,0,0,0.0,Low Risk
13046.0,31,3,949.25,4,3,3,433,Regular Customer,0,0,0.0,Low Risk
13047.0,32,42,8466.72,4,5,5,455,VIP Customer,0,0,0.0,Low Risk
13048.0,15,13,4035.16,5,5,5,555,VIP Customer,0,0,0.0,Low Risk
13049.0,65,5,1384.14,3,3,4,334,Regular Customer,0,0,0.0,Low Risk
13050.0,10,57,11822.44,5,5,5,555,VIP Customer,0,0,0.0,Low Risk
13051.0,579,2,155.8,1,2,1,121,Regular Customer,0,0,0.0,Low Risk
13052.0,213,7,3168.53,2,4,5,245,At Risk,1,1,1.0,High Risk
13053.0,622,1,127.65,1,1,1,111,Regular Customer,0,0,0.0,Low Risk
13054.0,683,1,-14.0,1,1,1,111,Regular Customer,0,0,0.0,Low Risk
13055.0,65,6,2292.51,3,4,4,344,Loyal Customer,0,0,0.0,Low Risk
13056.0,552,1,209.48,1,1,1,111,Regular Customer,0,0,0.0,Low Risk
13057.0,531,4,540.74,1,3,2,132,At Risk,1,1,1.0,High Risk
13058.0,25,3,271.40000000000003,4,3,2,432,Regular Customer,0,0,0.0,Low Risk
13059.0,250,12,2272.62,2,5,4,254,At Risk,1,1,1.0,High Risk
13060.0,254,1,307.53,2,1,2,212,Regular Customer,0,0,0.0,Low Risk
13061.0,73,1,248.61,3,1,1,311,Regular Customer,0,0,0.0,Low Risk
13062.0,192,1,346.98,2,1,2,212,Regular Customer,0,0,0.0,Low Risk
13063.0,481,1,188.4,1,1,1,111,Regular Customer,0,0,0.0,Low Risk
13064.0,13,6,1680.74,5,4,4,544,VIP Customer,0,0,0.0,Low Risk
13065.0,374,6,1255.96,2,4,4,244,At Risk,1,1,1.0,High Risk
13066.0,25,3,430.9,4,3,2,432,Regular Customer,0,0,0.0,Low Risk
13067.0,83,3,508.51,3,3,2,332,Regular Customer,0,0,0.0,Low Risk
13068.0,11,2,344.0,5,2,2,522,Recent Customer,0,0,0.0,Low Risk
13069.0,1,42,8747.47,5,5,5,555,VIP Customer,0,0,0.0,Low Risk
13070.0,193,5,743.9,2,3,3,233,At Risk,1,1,1.0,High Risk
13071.0,613,1,129.22,1,1,1,111,Regular Customer,0,0,0.0,Low Risk
13072.0,267,1,177.15,2,1,1,211,Regular Customer,0,0,0.0,Low Risk
13073.0,412,2,418.08,2,2,2,222,Regular Customer,0,0,0.0,Low Risk
13074.0,512,5,1362.84,1,3,4,134,At Risk,1,1,1.0,High Risk
13075.0,130,1,919.61,3,1,3,313,Regular Customer,0,0,0.0,Low Risk
13076.0,458,1,135.4,1,1,1,111,Regular Customer,0,0,0.0,Low Risk
13077.0,2,14,3040.17,5,5,5,555,VIP Customer,0,0,0.0,Low Risk
13078.0,2,95,28883.83,5,5,5,555,VIP Customer,0,0,0.0,Low Risk
13079.0,5,6,419.18,5,4,2,542,Loyal Customer,0,0,0.0,Low Risk
13080.0,180,5,260.83,3,3,2,332,Regular Customer,0,0,0.0,Low Risk
13081.0,2,44,58328.15,5,5,5,555,VIP Customer,0,0,0.0,Low Risk
13082.0,127,25,7268.92,3,5,5,355,Loyal Customer,0,0,0.0,Low Risk
13083.0,5,3,395.43,5,3,2,532,Regular Customer,0,0,0.0,Low Risk
13084.0,488,2,116.45,1,2,1,121,Regular Customer,0,0,0.0,Low Risk
13085.0,158,10,1459.46,3,4,4,344,Loyal Customer,0,0,0.0,Low Risk
13086.0,383,1,439.33,2,1,2,212,Regular Customer,0,0,0.0,Low Risk
13087.0,727,1,313.64,1,1,2,112,Regular Customer,0,0,0.0,Low Risk
13088.0,418,1,236.11,1,1,1,111,Regular Customer,0,0,0.0,Low Risk
13089.0,3,247,113214.19,5,5,5,555,VIP Customer,0,0,0.0,Low Risk
13090.0,9,30,13771.28,5,5,5,555,VIP Customer,0,0,0.0,Low Risk
13091.0,22,6,-130.21999999999997,4,4,1,441,Loyal Customer,0,0,0.01,Low Risk
13092.0,71,15,2007.33,3,5,4,354,Loyal Customer,0,0,0.0,Low Risk
13093.0,268,88,54073.73,2,5,5,255,At Risk,1,1,1.0,High Risk
13094.0,22,17,2214.6600000000003,4,5,4,454,VIP Customer,0,0,0.0,Low Risk
13095.0,71,1,74.39999999999999,3,1,1,311,Regular Customer,0,0,0.0,Low Risk
13096.0,395,1,419.7000000000001,2,1,2,212,Regular Customer,0,0,0.0,Low Risk
13097.0,33,40,12861.73,4,5,5,455,VIP Customer,0,0,0.0,Low Risk
13098.0,2,41,28658.88,5,5,5,555,VIP Customer,0,0,0.0,Low Risk
13099.0,100,1,207.36,3,1,1,311,Regular Customer,0,0,0.0,Low Risk
13100.0,625,1,-1598.67,1,1,1,111,Regular Customer,0,0,0.0,Low Risk
13101.0,235,4,695.4,2,3,3,233,At Risk,1,1,1.0,High Risk
13102.0,2,42,11440.12,5,5,5,555,VIP Customer,0,0,0.0,Low Risk
13103.0,40,3,709.64,4,3,3,433,Regular Customer,0,0,0.0,Low Risk
13104.0,4,9,1709.1,5,4,4,544,VIP Customer,0,0,0.0,Low Risk
13105.0,437,1,72.0,1,1,1,111,Regular Customer,0,0,0.0,Low Risk
13106.0,129,3,586.46,3,3,3,333,Regular Customer,0,0,0.0,Low Risk
13107.0,45,15,5109.62,4,5,5,455,VIP Customer,0,0,0.0,Low Risk
13108.0,373,2,1098.52,2,2,3,223,Regular Customer,0,0,0.0,Low Risk
13109.0,3,7,1107.58,5,4,3,543,Loyal Customer,0,0,0.0,Low Risk
13110.0,32,14,2896.17,4,5,5,455,VIP Customer,0,0,0.0,Low Risk
13111.0,719,1,321.88000000000005,1,1,2,112,Regular Customer,0,0,0.0,Low Risk
13112.0,542,3,-5.44,1,3,1,131,At Risk,1,1,1.0,High Risk
13113.0,1,60,16600.25,5,5,5,555,VIP Customer,0,0,0.0,Low Risk
13114.0,731,1,234.38,1,1,1,111,Regular Customer,0,0,0.0,Low Risk
13115.0,9,23,5374.45,5,5,5,555,VIP Customer,0,0,0.0,Low Risk
13116.0,118,2,485.19,3,2,2,322,Regular Customer,0,0,0.0,Low Risk
13117.0,22,19,2642.11,4,5,4,454,VIP Customer,0,0,0.0,Low Risk
13118.0,20,12,2334.1,4,5,4,454,VIP Customer,0,0,0.0,Low Risk
13119.0,669,1,134.9,1,1,1,111,Regular Customer,0,0,0.0,Low Risk
13120.0,239,1,30.6,2,1,1,211,Regular Customer,0,0,0.0,Low Risk
13121.0,270,2,254.73,2,2,1,221,Regular Customer,0,0,0.0,Low Risk
13122.0,95,2,922.39,3,2,3,323,Regular Customer,0,0,0.0,Low Risk
13123.0,473,2,506.75,1,2,2,122,Regular Customer,0,0,0.0,Low Risk
13124.0,90,4,4782.45,3,3,5,335,Regular Customer,0,0,0.0,Low Risk
13125.0,524,1,158.57,1,1,1,111,Regular Customer,0,0,0.0,Low Risk
13126.0,5,19,3902.47,5,5,5,555,VIP Customer,0,0,0.0,Low Risk
13127.0,78,1,259.17,3,1,1,311,Regular Customer,0,0,0.0,Low Risk
13128.0,632,1,263.5,1,1,2,112,Regular Customer,0,0,0.0,Low Risk
13129.0,453,2,233.25,1,2,1,121,Regular Customer,0,0,0.0,Low Risk
13130.0,95,1,64.0,3,1,1,311,Regular Customer,0,0,0.0,Low Risk
13131.0,24,8,3279.77,4,4,5,445,VIP Customer,0,0,0.0,Low Risk
13132.0,262,1,77.3,2,1,1,211,Regular Customer,0,0,0.0,Low Risk
13133.0,274,3,200.45,2,3,1,231,At Risk,1,1,1.0,High Risk
13134.0,73,9,2422.28,3,4,4,344,Loyal Customer,0,0,0.0,Low Risk
13135.0,197,2,3371.45,2,2,5,225,Regular Customer,0,0,0.01,Low Risk
13136.0,51,24,6077.8,4,5,5,455,VIP Customer,0,0,0.0,Low Risk
13137.0,11,17,7667.37,5,5,5,555,VIP Customer,0,0,0.0,Low Risk
13138.0,23,8,1454.49,4,4,4,444,VIP Customer,0,0,0.0,Low Risk
13139.0,17,9,8193.83,5,4,5,545,VIP Customer,0,0,0.0,Low Risk
13140.0,109,5,1215.68,3,3,4,334,Regular Customer,0,0,0.0,Low Risk
13141.0,85,21,7536.63,3,5,5,355,Loyal Customer,0,0,0.0,Low Risk
13142.0,20,1,307.09,4,1,2,412,Recent Customer,0,0,0.0,Low Risk
13143.0,583,2,399.2,1,2,2,122,Regular Customer,0,0,0.0,Low Risk
13144.0,333,2,135.35,2,2,1,221,Regular Customer,0,0,0.0,Low Risk
13145.0,40,8,1419.77,4,4,4,444,VIP Customer,0,0,0.0,Low Risk
13146.0,27,1,228.91,4,1,1,411,Recent Customer,0,0,0.0,Low Risk
13147.0,11,4,712.8000000000001,5,3,3,533,Regular Customer,0,0,0.0,Low Risk
13148.0,30,36,8123.6,4,5,5,455,VIP Customer,0,0,0.0,Low Risk
13149.0,15,4,1676.06,5,3,4,534,Regular Customer,0,0,0.0,Low Risk
13150.0,471,4,435.02,1,3,2,132,At Risk,1,1,1.0,High Risk
13151.0,204,5,2511.69,2,3,4,234,At Risk,1,1,1.0,High Risk
13152.0,418,9,2114.98,1,4,4,144,At Risk,1,1,1.0,High Risk
13153.0,6,1,486.22,5,1,2,512,Recent Customer,0,0,0.0,Low Risk
13154.0,145,5,997.43,3,3,3,333,Regular Customer,0,0,0.0,Low Risk
13155.0,34,6,1750.18,4,4,4,444,VIP Customer,0,0,0.0,Low Risk
13156.0,386,3,1586.54,2,3,4,234,At Risk,1,1,1.0,High Risk
13157.0,50,10,5667.71,4,4,5,445,VIP Customer,0,0,0.0,Low Risk
13158.0,95,5,1508.18,3,3,4,334,Regular Customer,0,0,0.0,Low Risk
13159.0,9,5,1379.75,5,3,4,534,Regular Customer,0,0,0.0,Low Risk
13160.0,23,1,91.8,4,1,1,411,Recent Customer,0,0,0.0,Low Risk
13161.0,314,2,478.88,2,2,2,222,Regular Customer,0,0,0.0,Low Risk
13162.0,123,19,9116.94,3,5,5,355,Loyal Customer,0,0,0.0,Low Risk
13163.0,611,2,0.0,1,2,1,121,Regular Customer,0,0,0.0,Low Risk
13164.0,570,3,297.46000000000004,1,3,2,132,At Risk,1,1,1.0,High Risk
13165.0,47,3,1451.16,4,3,4,434,Regular Customer,0,0,0.0,Low Risk
13166.0,283,3,881.68,2,3,3,233,At Risk,1,1,1.0,High Risk
13167.0,19,5,1125.15,5,3,3,533,Regular Customer,0,0,0.0,Low Risk
13168.0,37,6,1866.26,4,4,4,444,VIP Customer,0,0,0.0,Low Risk
13169.0,64,3,840.08,3,3,3,333,Regular Customer,0,0,0.0,Low Risk
13170.0,27,1,116.01,4,1,1,411,Recent Customer,0,0,0.0,Low Risk
13171.0,9,5,426.81,5,3,2,532,Regular Customer,0,0,0.0,Low Risk
13172.0,401,1,69.6,2,1,1,211,Regular Customer,0,0,0.0,Low Risk
13173.0,5,13,2620.5,5,5,4,554,VIP Customer,0,0,0.0,Low Risk
13174.0,17,12,9494.84,5,5,5,555,VIP Customer,0,0,0.0,Low Risk
13175.0,555,4,793.1,1,3,3,133,At Risk,1,1,1.0,High Risk
13176.0,47,1,492.84,4,1,2,412,Recent Customer,0,0,0.0,Low Risk
13177.0,65,2,512.2,3,2,2,322,Regular Customer,0,0,0.0,Low Risk
13178.0,27,25,13997.89,4,5,5,455,VIP Customer,0,0,0.0,Low Risk
13179.0,619,1,572.3100000000001,1,1,2,112,Regular Customer,0,0,0.0,Low Risk
13180.0,608,1,86.10000000000001,1,1,1,111,Regular Customer,0,0,0.0,Low Risk
13181.0,382,1,359.69,2,1,2,212,Regular Customer,0,0,0.0,Low Risk
13182.0,46,1,121.18,4,1,1,411,Recent Customer,0,0,0.0,Low Risk
13183.0,8,18,7010.88,5,5,5,555,VIP Customer,0,0,0.0,Low Risk
13184.0,15,12,1648.79,5,5,4,554,VIP Customer,0,0,0.0,Low Risk
13185.0,268,1,71.4,2,1,1,211,Regular Customer,0,0,0.0,Low Risk
13186.0,40,5,1539.69,4,3,4,434,Regular Customer,0,0,0.0,Low Risk
13187.0,338,5,348.31,2,3,2,232,At Risk,1,1,1.0,High Risk
13188.0,12,1,114.6,5,1,1,511,Recent Customer,0,0,0.0,Low Risk
13189.0,19,2,260.68,5,2,2,522,Recent Customer,0,0,0.0,Low Risk
13190.0,545,4,518.76,1,3,2,132,At Risk,1,1,1.0,High Risk
13191.0,659,1,164.69,1,1,1,111,Regular Customer,0,0,0.0,Low Risk
13192.0,96,8,2544.53,3,4,4,344,Loyal Customer,0,0,0.0,Low Risk
13193.0,62,1,117.88,3,1,1,311,Regular Customer,0,0,0.0,Low Risk
13194.0,136,2,472.78,3,2,2,322,Regular Customer,0,0,0.0,Low Risk
13195.0,415,1,172.38,1,1,1,111,Regular Customer,0,0,0.0,Low Risk
13196.0,12,8,3059.64,5,4,5,545,VIP Customer,0,0,0.0,Low Risk
13197.0,610,1,373.0100000000001,1,1,2,112,Regular Customer,0,0,0.0,Low Risk
13198.0,11,12,4912.28,5,5,5,555,VIP Customer,0,0,0.0,Low Risk
13199.0,4,69,16404.98,5,5,5,555,VIP Customer,0,0,0.0,Low Risk
13200.0,20,4,870.09,4,3,3,433,Regular Customer,0,0,0.0,Low Risk
13201.0,503,4,1240.61,1,3,4,134,At Risk,1,1,1.0,High Risk
13202.0,379,8,1571.35,2,4,4,244,At Risk,1,1,1.0,High Risk
13203.0,10,11,2630.55,5,5,4,554,VIP Customer,0,0,0.0,Low Risk
13204.0,732,1,966.66,1,1,3,113,Regular Customer,0,0,0.0,Low Risk
13205.0,444,1,2803.2,1,1,4,114,Regular Customer,0,0,0.0,Low Risk
13206.0,401,15,8280.13,2,5,5,255,At Risk,1,1,1.0,High Risk
13207.0,16,4,535.86,5,3,2,532,Regular Customer,0,0,0.0,Low Risk
13208.0,59,10,1970.5,4,4,4,444,VIP Customer,0,0,0.0,Low Risk
13209.0,31,16,8438.06,4,5,5,455,VIP Customer,0,0,0.0,Low Risk
13210.0,94,1,353.48,3,1,2,312,Regular Customer,0,0,0.0,Low Risk
13211.0,11,12,2706.87,5,5,4,554,VIP Customer,0,0,0.0,Low Risk
13212.0,10,4,780.58,5,3,3,533,Regular Customer,0,0,0.0,Low Risk
13213.0,57,14,3834.62,4,5,5,455,VIP Customer,0,0,0.0,Low Risk
13214.0,418,7,3264.23,1,4,5,145,At Risk,1,1,1.0,High Risk
13215.0,403,1,81.6,2,1,1,211,Regular Customer,0,0,0.0,Low Risk
13216.0,268,1,333.74,2,1,2,212,Regular Customer,0,0,0.0,Low Risk
13217.0,123,6,266.12,3,4,2,342,Loyal Customer,0,0,0.0,Low Risk
13218.0,128,1,62.63999999999999,3,1,1,311,Regular Customer,0,0,0.0,Low Risk
13219.0,619,1,76.23,1,1,1,111,Regular Customer,0,0,0.0,Low Risk
13220.0,79,5,1336.09,3,3,4,334,Regular Customer,0,0,0.0,Low Risk
13221.0,241,2,847.41,2,2,3,223,Regular Customer,0,0,0.0,Low Risk
13222.0,578,1,88.5,1,1,1,111,Regular Customer,0,0,0.0,Low Risk
13223.0,201,6,969.12,2,4,3,243,At Risk,1,1,1.0,High Risk
13224.0,61,3,2150.85,3,3,4,334,Regular Customer,0,0,0.0,Low Risk
13225.0,4,17,15879.27,5,5,5,555,VIP Customer,0,0,0.0,Low Risk
13226.0,274,2,312.46,2,2,2,222,Regular Customer,0,0,0.0,Low Risk
13227.0,202,1,257.7,2,1,1,211,Regular Customer,0,0,0.0,Low Risk
13228.0,82,1,358.0,3,1,2,312,Regular Customer,0,0,0.0,Low Risk
13229.0,226,1,160.95,2,1,1,211,Regular Customer,0,0,0.0,Low Risk
13230.0,5,31,6317.22,5,5,5,555,VIP Customer,0,0,0.0,Low Risk
13231.0,547,1,-355.2,1,1,1,111,Regular Customer,0,0,0.0,Low Risk
13232.0,13,7,1357.6,5,4,4,544,VIP Customer,0,0,0.0,Low Risk
13233.0,75,4,1176.46,3,3,3,333,Regular Customer,0,0,0.0,Low Risk
13234.0,673,2,356.95,1,2,2,122,Regular Customer,0,0,0.0,Low Risk
13235.0,212,2,101.17000000000009,2,2,1,221,Regular Customer,0,0,0.0,Low Risk
13236.0,25,3,727.27,4,3,3,433,Regular Customer,0,0,0.0,Low Risk
13237.0,388,1,643.0,2,1,3,213,Regular Customer,0,0,0.0,Low Risk
13238.0,12,7,986.73,5,4,3,543,Loyal Customer,0,0,0.0,Low Risk
13239.0,262,6,1579.84,2,4,4,244,At Risk,1,1,1.0,High Risk
13240.0,97,9,1661.17,3,4,4,344,Loyal Customer,0,0,0.0,Low Risk
13241.0,412,1,115.58,2,1,1,211,Regular Customer,0,0,0.0,Low Risk
13242.0,113,7,699.4,3,4,3,343,Loyal Customer,0,0,0.0,Low Risk
13243.0,204,5,1278.04,2,3,4,234,At Risk,1,1,1.0,High Risk
13244.0,93,1,121.74,3,1,1,311,Regular Customer,0,0,0.0,Low Risk
13245.0,51,2,989.22,4,2,3,423,Recent Customer,0,0,0.0,Low Risk
13246.0,19,14,3277.68,5,5,5,555,VIP Customer,0,0,0.0,Low Risk
13247.0,18,4,501.12,5,3,2,532,Regular Customer,0,0,0.0,Low Risk
13248.0,125,2,465.68,3,2,2,322,Regular Customer,0,0,0.0,Low Risk
13249.0,93,9,1608.93,3,4,4,344,Loyal Customer,0,0,0.0,Low Risk
13250.0,453,3,248.54,1,3,1,131,At Risk,1,1,1.0,High Risk
13251.0,403,1,252.68,2,1,1,211,Regular Customer,0,0,0.0,Low Risk
13252.0,395,3,341.3,2,3,2,232,At Risk,1,1,1.0,High Risk
13253.0,157,4,2951.11,3,3,5,335,Regular Customer,0,0,0.0,Low Risk
13254.0,377,1,51.41,2,1,1,211,Regular Customer,0,0,0.0,Low Risk
13255.0,4,4,895.61,5,3,3,533,Regular Customer,0,0,0.0,Low Risk
13256.0,15,1,0.0,5,1,1,511,Recent Customer,0,0,0.0,Low Risk
13257.0,428,3,117.95,1,3,1,131,At Risk,1,1,1.0,High Risk
13258.0,12,5,1035.18,5,3,3,533,Regular Customer,0,0,0.0,Low Risk
13259.0,62,9,1433.38,3,4,4,344,Loyal Customer,0,0,0.0,Low Risk
13260.0,62,1,557.62,3,1,2,312,Regular Customer,0,0,0.0,Low Risk
13261.0,269,2,944.1,2,2,3,223,Regular Customer,0,0,0.0,Low Risk
13262.0,264,3,573.45,2,3,2,232,At Risk,1,1,1.0,High Risk
13263.0,2,39,8704.69,5,5,5,555,VIP Customer,0,0,0.0,Low Risk
13264.0,443,1,722.5600000000001,1,1,3,113,Regular Customer,0,0,0.0,Low Risk
13265.0,54,5,2107.66,4,3,4,434,Regular Customer,0,0,0.0,Low Risk
13266.0,12,30,5965.3,5,5,5,555,VIP Customer,0,0,0.0,Low Risk
13267.0,3,50,9512.21,5,5,5,555,VIP Customer,0,0,0.0,Low Risk
13268.0,18,15,3167.64,5,5,5,555,VIP Customer,0,0,0.0,Low Risk
13269.0,2,30,8861.39,5,5,5,555,VIP Customer,0,0,0.0,Low Risk
13270.0,367,1,1180.0,2,1,3,213,Regular Customer,0,0,0.0,Low Risk
13271.0,38,2,178.26,4,2,1,421,Recent Customer,0,0,0.0,Low Risk
13272.0,32,2,276.56,4,2,2,422,Recent Customer,0,0,0.0,Low Risk
13273.0,114,1,138.98,3,1,1,311,Regular Customer,0,0,0.0,Low Risk
13274.0,410,1,360.85,2,1,2,212,Regular Customer,0,0,0.0,Low Risk
13275.0,384,2,241.66,2,2,1,221,Regular Customer,0,0,0.0,Low Risk
13276.0,64,7,1918.56,3,4,4,344,Loyal Customer,0,0,0.0,Low Risk
13277.0,16,7,523.3,5,4,2,542,Loyal Customer,0,0,0.0,Low Risk
13278.0,41,5,1428.2,4,3,4,434,Regular Customer,0,0,0.0,Low Risk
13279.0,65,2,126.3,3,2,1,321,Regular Customer,0,0,0.0,Low Risk
13280.0,123,8,2297.13,3,4,4,344,Loyal Customer,0,0,0.0,Low Risk
13281.0,438,3,306.45,1,3,2,132,At Risk,1,1,1.0,High Risk
13282.0,19,7,1228.89,5,4,4,544,VIP Customer,0,0,0.0,Low Risk
13283.0,60,4,373.36,3,3,2,332,Regular Customer,0,0,0.0,Low Risk
13284.0,323,2,196.15,2,2,1,221,Regular Customer,0,0,0.0,Low Risk
13285.0,24,6,3364.59,4,4,5,445,VIP Customer,0,0,0.0,Low Risk
13286.0,601,1,734.91,1,1,3,113,Regular Customer,0,0,0.0,Low Risk
13287.0,584,7,519.67,1,4,2,142,At Risk,1,1,1.0,High Risk
13288.0,444,6,892.16,1,4,3,143,At Risk,1,1,1.0,High Risk
13289.0,724,1,307.95,1,1,2,112,Regular Customer,0,0,0.0,Low Risk
13290.0,431,3,-208.63,1,3,1,131,At Risk,1,1,1.0,High Risk
13291.0,156,11,3320.84,3,5,5,355,Loyal Customer,0,0,0.0,Low Risk
13292.0,39,6,987.79,4,4,3,443,Loyal Customer,0,0,0.0,Low Risk
13293.0,393,7,1180.34,2,4,3,243,At Risk,1,1,1.0,High Risk
13294.0,190,3,1689.53,3,3,4,334,Regular Customer,0,0,0.01,Low Risk
13295.0,360,9,1058.02,2,4,3,243,At Risk,1,1,1.0,High Risk
13296.0,138,6,792.51,3,4,3,343,Loyal Customer,0,0,0.0,Low Risk
13297.0,8,8,4352.67,5,4,5,545,VIP Customer,0,0,0.0,Low Risk
13298.0,2,1,360.0,5,1,2,512,Recent Customer,0,0,0.0,Low Risk
13299.0,269,5,1173.3,2,3,3,233,At Risk,1,1,1.0,High Risk
13300.0,165,5,1267.21,3,3,4,334,Regular Customer,0,0,0.0,Low Risk
13301.0,104,4,618.09,3,3,3,333,Regular Customer,0,0,0.0,Low Risk
13302.0,156,2,159.2,3,2,1,321,Regular Customer,0,0,0.0,Low Risk
13303.0,401,1,61.72,2,1,1,211,Regular Customer,0,0,0.0,Low Risk
13304.0,352,7,1120.79,2,4,3,243,At Risk,1,1,1.0,High Risk
13305.0,5,16,3754.71,5,5,5,555,VIP Customer,0,0,0.0,Low Risk
13306.0,431,1,53.65,1,1,1,111,Regular Customer,0,0,0.0,Low Risk
13307.0,121,3,273.34,3,3,2,332,Regular Customer,0,0,0.0,Low Risk
13308.0,23,5,1652.47,4,3,4,434,Regular Customer,0,0,0.0,Low Risk
13309.0,8,6,1706.37,5,4,4,544,VIP Customer,0,0,0.0,Low Risk
13310.0,9,8,1492.8,5,4,4,544,VIP Customer,0,0,0.0,Low Risk
13311.0,5,2,598.57,5,2,3,523,Recent Customer,0,0,0.0,Low Risk
13312.0,452,1,124.75,1,1,1,111,Regular Customer,0,0,0.0,Low Risk
13313.0,23,15,3423.27,4,5,5,455,VIP Customer,0,0,0.0,Low Risk
13314.0,2,4,578.66,5,3,2,532,Regular Customer,0,0,0.0,Low Risk
13315.0,690,1,310.26,1,1,2,112,Regular Customer,0,0,0.0,Low Risk
13316.0,38,12,12906.93,4,5,5,455,VIP Customer,0,0,0.0,Low Risk
13317.0,65,31,6068.531,3,5,5,355,Loyal Customer,0,0,0.0,Low Risk
13318.0,2,3,640.76,5,3,3,533,Regular Customer,0,0,0.0,Low Risk
13319.0,6,78,21706.09,5,5,5,555,VIP Customer,0,0,0.0,Low Risk
13320.0,71,9,2160.95,3,4,4,344,Loyal Customer,0,0,0.0,Low Risk
13321.0,73,2,567.36,3,2,2,322,Regular Customer,0,0,0.0,Low Risk
13322.0,18,1,199.48,5,1,1,511,Recent Customer,0,0,0.0,Low Risk
13323.0,4,5,787.85,5,3,3,533,Regular Customer,0,0,0.0,Low Risk
13324.0,33,23,10421.37,4,5,5,455,VIP Customer,0,0,0.0,Low Risk
13325.0,82,1,675.3,3,1,3,313,Regular Customer,0,0,0.0,Low Risk
13326.0,433,1,281.76,1,1,2,112,Regular Customer,0,0,0.0,Low Risk
13327.0,39,22,9741.03,4,5,5,455,VIP Customer,0,0,0.0,Low Risk
13328.0,317,1,1308.48,2,1,4,214,Regular Customer,0,0,0.0,Low Risk
13329.0,32,14,4977.02,4,5,5,455,VIP Customer,0,0,0.0,Low Risk
13330.0,93,6,2806.18,3,4,4,344,Loyal Customer,0,0,0.0,Low Risk
13331.0,402,1,262.4,2,1,2,212,Regular Customer,0,0,0.0,Low Risk
13332.0,15,1,350.9,5,1,2,512,Recent Customer,0,0,0.0,Low Risk
13333.0,412,3,1015.74,2,3,3,233,At Risk,1,1,1.0,High Risk
13334.0,83,6,6257.0,3,4,5,345,Loyal Customer,0,0,0.0,Low Risk
13335.0,541,1,-955.06,1,1,1,111,Regular Customer,0,0,0.0,Low Risk
13336.0,78,1,795.12,3,1,3,313,Regular Customer,0,0,0.0,Low Risk
13337.0,519,2,1548.55,1,2,4,124,Regular Customer,0,0,0.0,Low Risk
13338.0,155,10,2223.62,3,4,4,344,Loyal Customer,0,0,0.0,Low Risk
13339.0,201,1,860.12,2,1,3,213,Regular Customer,0,0,0.0,Low Risk
13340.0,46,12,22100.56,4,5,5,455,VIP Customer,0,0,0.0,Low Risk
13341.0,261,1,775.85,2,1,3,213,Regular Customer,0,0,0.0,Low Risk
13342.0,583,1,-14.1,1,1,1,111,Regular Customer,0,0,0.0,Low Risk
13343.0,173,2,303.93,3,2,2,322,Regular Customer,0,0,0.0,Low Risk
13344.0,68,3,2543.72,3,3,4,334,Regular Customer,0,0,0.0,Low Risk
13345.0,277,2,377.6,2,2,2,222,Regular Customer,0,0,0.0,Low Risk
13346.0,463,6,299.4,1,4,2,142,At Risk,1,1,1.0,High Risk
13347.0,71,1,341.36,3,1,2,312,Regular Customer,0,0,0.0,Low Risk
13348.0,65,1,233.76,3,1,1,311,Regular Customer,0,0,0.0,Low Risk
13349.0,11,1,247.32,5,1,1,511,Recent Customer,0,0,0.0,Low Risk
13350.0,17,3,910.72,5,3,3,533,Regular Customer,0,0,0.0,Low Risk
13351.0,67,1,373.94,3,1,2,312,Regular Customer,0,0,0.0,Low Risk
13352.0,8,2,389.28,5,2,2,522,Recent Customer,0,0,0.0,Low Risk
13353.0,389,1,-28.85,2,1,1,211,Regular Customer,0,0,0.0,Low Risk
13354.0,72,1,743.53,3,1,3,313,Regular Customer,0,0,0.0,Low Risk
13355.0,123,1,674.7,3,1,3,313,Regular Customer,0,0,0.0,Low Risk
13356.0,81,1,768.24,3,1,3,313,Regular Customer,0,0,0.0,Low Risk
13357.0,258,5,3838.36,2,3,5,235,At Risk,1,1,1.0,High Risk
13358.0,269,1,439.03,2,1,2,212,Regular Customer,0,0,0.0,Low Risk
13359.0,60,4,1001.96,3,3,3,333,Regular Customer,0,0,0.0,Low Risk
13360.0,429,7,1464.1,1,4,4,144,At Risk,1,1,1.0,High Risk
13361.0,473,2,1450.5,1,2,4,124,Regular Customer,0,0,0.0,Low Risk
13362.0,4,10,5357.57,5,4,5,545,VIP Customer,0,0,0.0,Low Risk
13363.0,18,3,1723.86,5,3,4,534,Regular Customer,0,0,0.0,Low Risk
13364.0,67,2,0.0,3,2,1,321,Regular Customer,0,0,0.0,Low Risk
13365.0,9,4,2164.32,5,3,4,534,Regular Customer,0,0,0.0,Low Risk
13366.0,51,1,56.16,4,1,1,411,Recent Customer,0,0,0.0,Low Risk
13367.0,432,1,510.2000000000001,1,1,2,112,Regular Customer,0,0,0.0,Low Risk
13368.0,257,5,1086.1,2,3,3,233,At Risk,1,1,1.0,High Risk
13369.0,355,2,572.03,2,2,2,222,Regular Customer,0,0,0.0,Low Risk
13370.0,367,2,1442.64,2,2,4,224,Regular Customer,0,0,0.0,Low Risk
13371.0,499,4,2271.46,1,3,4,134,At Risk,1,1,1.0,High Risk
13372.0,90,1,378.64,3,1,2,312,Regular Customer,0,0,0.0,Low Risk
13373.0,61,6,7587.19,3,4,5,345,Loyal Customer,0,0,0.0,Low Risk
13374.0,415,2,422.8,1,2,2,122,Regular Customer,0,0,0.0,Low Risk
13375.0,82,3,1786.48,3,3,4,334,Regular Customer,0,0,0.0,Low Risk
13376.0,100,3,1019.76,3,3,3,333,Regular Customer,0,0,0.0,Low Risk
13377.0,397,4,1495.43,2,3,4,234,At Risk,1,1,1.0,High Risk
13378.0,423,1,-756.4,1,1,1,111,Regular Customer,0,0,0.005,Low Risk
13379.0,27,3,572.56,4,3,2,432,Regular Customer,0,0,0.0,Low Risk
13380.0,433,1,62.4,1,1,1,111,Regular Customer,0,0,0.0,Low Risk
13381.0,22,15,8185.02,4,5,5,455,VIP Customer,0,0,0.0,Low Risk
13382.0,281,5,1387.58,2,3,4,234,At Risk,1,1,1.0,High Risk
13383.0,544,1,305.28000000000003,1,1,2,112,Regular Customer,0,0,0.0,Low Risk
13384.0,31,15,6635.09,4,5,5,455,VIP Customer,0,0,0.0,Low Risk
13385.0,330,1,534.57,2,1,2,212,Regular Customer,0,0,0.0,Low Risk
13386.0,415,2,835.46,1,2,3,123,Regular Customer,0,0,0.0,Low Risk
13387.0,418,1,189.44,1,1,1,111,Regular Customer,0,0,0.0,Low Risk
13388.0,122,4,1135.7,3,3,3,333,Regular Customer,0,0,0.0,Low Risk
13389.0,12,3,797.96,5,3,3,533,Regular Customer,0,0,0.0,Low Risk
13390.0,75,1,544.08,3,1,2,312,Regular Customer,0,0,0.0,Low Risk
13391.0,204,1,59.8,2,1,1,211,Regular Customer,0,0,0.0,Low Risk
13392.0,678,1,91.14,1,1,1,111,Regular Customer,0,0,0.0,Low Risk
13393.0,584,6,1105.85,1,4,3,143,At Risk,1,1,1.0,High Risk
13394.0,2,24,6323.88,5,5,5,555,VIP Customer,0,0,0.0,Low Risk
13395.0,186,3,1180.23,3,3,3,333,Regular Customer,0,0,0.0,Low Risk
13396.0,22,4,1325.29,4,3,4,434,Regular Customer,0,0,0.0,Low Risk
13397.0,73,13,3094.11,3,5,5,355,Loyal Customer,0,0,0.0,Low Risk
13398.0,193,2,670.34,2,2,3,223,Regular Customer,0,0,0.0,Low Risk
13399.0,465,3,275.4,1,3,2,132,At Risk,1,1,1.0,High Risk
13400.0,575,2,300.93,1,2,2,122,Regular Customer,0,0,0.0,Low Risk
13401.0,625,1,-1834.14,1,1,1,111,Regular Customer,0,0,0.0,Low Risk
13402.0,128,4,1535.13,3,3,4,334,Regular Customer,0,0,0.0,Low Risk
13403.0,18,3,229.5,5,3,1,531,Regular Customer,0,0,0.0,Low Risk
13404.0,2,2,252.49,5,2,1,521,Recent Customer,0,0,0.0,Low Risk
13405.0,75,9,1196.561,3,4,4,344,Loyal Customer,0,0,0.0,Low Risk
13406.0,428,3,557.22,1,3,2,132,At Risk,1,1,1.0,High Risk
13407.0,579,6,2111.89,1,4,4,144,At Risk,1,1,1.0,High Risk
13408.0,2,135,50852.852,5,5,5,555,VIP Customer,0,0,0.0,Low Risk
13409.0,625,1,-525.65,1,1,1,111,Regular Customer,0,0,0.0,Low Risk
13410.0,9,12,2172.51,5,5,4,554,VIP Customer,0,0,0.0,Low Risk
13411.0,108,1,213.55,3,1,1,311,Regular Customer,0,0,0.0,Low Risk
13412.0,621,1,487.35,1,1,2,112,Regular Customer,0,0,0.0,Low Risk
13413.0,640,8,345.8,1,4,2,142,At Risk,1,1,1.0,High Risk
13414.0,134,7,2482.24,3,4,4,344,Loyal Customer,0,0,0.0,Low Risk
13415.0,473,5,681.92,1,3,3,133,At Risk,1,1,1.0,High Risk
13416.0,44,3,940.8,4,3,3,433,Regular Customer,0,0,0.0,Low Risk
13417.0,5,7,1593.89,5,4,4,544,VIP Customer,0,0,0.0,Low Risk
13418.0,12,37,11916.16,5,5,5,555,VIP Customer,0,0,0.0,Low Risk
13419.0,64,1,221.06,3,1,1,311,Regular Customer,0,0,0.0,Low Risk
13420.0,135,4,140.35,3,3,1,331,Regular Customer,0,0,0.005,Low Risk
13421.0,41,11,4088.82,4,5,5,455,VIP Customer,0,0,0.0,Low Risk
13422.0,52,2,2601.55,4,2,4,424,Recent Customer,0,0,0.0,Low Risk
13423.0,429,1,217.03,1,1,1,111,Regular Customer,0,0,0.0,Low Risk
13424.0,445,2,557.92,1,2,2,122,Regular Customer,0,0,0.0,Low Risk
13425.0,109,8,3375.9300000000003,3,4,5,345,Loyal Customer,0,0,0.0,Low Risk
13426.0,1,24,8076.76,5,5,5,555,VIP Customer,0,0,0.0,Low Risk
13427.0,20,6,1006.53,4,4,3,443,Loyal Customer,0,0,0.0,Low Risk
13428.0,11,3,499.98,5,3,2,532,Regular Customer,0,0,0.0,Low Risk
13429.0,11,4,1006.8,5,3,3,533,Regular Customer,0,0,0.0,Low Risk
13430.0,19,4,648.6899999999999,5,3,3,533,Regular Customer,0,0,0.0,Low Risk
13431.0,68,9,3289.24,3,4,5,345,Loyal Customer,0,0,0.0,Low Risk
13432.0,572,2,439.1,1,2,2,122,Regular Customer,0,0,0.0,Low Risk
13433.0,438,5,656.87,1,3,3,133,At Risk,1,1,1.0,High Risk
13434.0,75,5,1666.86,3,3,4,334,Regular Customer,0,0,0.0,Low Risk
13435.0,6,11,4459.83,5,5,5,555,VIP Customer,0,0,0.0,Low Risk
13436.0,2,1,196.89,5,1,1,511,Recent Customer,0,0,0.0,Low Risk
13437.0,15,7,3408.06,5,4,5,545,VIP Customer,0,0,0.0,Low Risk
13438.0,548,1,46.5,1,1,1,111,Regular Customer,0,0,0.0,Low Risk
13439.0,256,3,986.61,2,3,3,233,At Risk,1,1,1.0,High Risk
13440.0,424,10,1213.95,1,4,4,144,At Risk,1,1,1.0,High Risk
13441.0,92,2,720.9,3,2,3,323,Regular Customer,0,0,0.0,Low Risk
13442.0,668,3,419.87,1,3,2,132,At Risk,1,1,1.0,High Risk
13443.0,449,7,1247.71,1,4,4,144,At Risk,1,1,1.0,High Risk
13444.0,375,2,631.6800000000001,2,2,3,223,Regular Customer,0,0,0.0,Low Risk
13445.0,627,1,241.9,1,1,1,111,Regular Customer,0,0,0.005,Low Risk
13446.0,421,18,3608.86,1,5,5,155,At Risk,1,1,1.0,High Risk
13447.0,24,4,1104.23,4,3,3,433,Regular Customer,0,0,0.0,Low Risk
13448.0,17,19,8447.75,5,5,5,555,VIP Customer,0,0,0.0,Low Risk
13449.0,24,1,291.88,4,1,2,412,Recent Customer,0,0,0.0,Low Risk
13450.0,27,14,4117.54,4,5,5,455,VIP Customer,0,0,0.0,Low Risk
13451.0,27,13,7119.97,4,5,5,455,VIP Customer,0,0,0.0,Low Risk
13452.0,260,3,729.8,2,3,3,233,At Risk,1,1,1.0,High Risk
13453.0,166,5,758.99,3,3,3,333,Regular Customer,0,0,0.0,Low Risk
13454.0,642,1,219.87,1,1,1,111,Regular Customer,0,0,0.0,Low Risk
13455.0,25,11,2773.82,4,5,4,454,VIP Customer,0,0,0.0,Low Risk
13456.0,18,7,1737.8200000000002,5,4,4,544,VIP Customer,0,0,0.0,Low Risk
13457.0,689,4,143.27,1,3,1,131,At Risk,1,1,0.985,High Risk
13458.0,8,24,11850.62,5,5,5,555,VIP Customer,0,0,0.0,Low Risk
13459.0,625,2,1160.41,1,2,3,123,Regular Customer,0,0,0.0,Low Risk
13460.0,30,2,183.44,4,2,1,421,Recent Customer,0,0,0.0,Low Risk
13461.0,39,8,4138.5,4,4,5,445,VIP Customer,0,0,0.0,Low Risk
13462.0,184,6,1145.6,3,4,3,343,Loyal Customer,0,0,0.0,Low Risk
13463.0,421,1,-158.65,1,1,1,111,Regular Customer,0,0,0.0,Low Risk
13464.0,59,7,3083.89,4,4,5,445,VIP Customer,0,0,0.0,Low Risk
13465.0,447,2,931.12,1,2,3,123,Regular Customer,0,0,0.0,Low Risk
13466.0,101,7,952.25,3,4,3,343,Loyal Customer,0,0,0.0,Low Risk
13467.0,11,2,1083.71,5,2,3,523,Recent Customer,0,0,0.0,Low Risk
13468.0,2,87,13091.61,5,5,5,555,VIP Customer,0,0,0.0,Low Risk
13469.0,654,1,82.4,1,1,1,111,Regular Customer,0,0,0.0,Low Risk
13470.0,100,2,165.0,3,2,1,321,Regular Customer,0,0,0.0,Low Risk
13471.0,2,4,2531.58,5,3,4,534,Regular Customer,0,0,0.0,Low Risk
13472.0,464,2,592.24,1,2,3,123,Regular Customer,0,0,0.0,Low Risk
13473.0,61,10,2410.98,3,4,4,344,Loyal Customer,0,0,0.0,Low Risk
13474.0,237,3,663.79,2,3,3,233,At Risk,1,1,1.0,High Risk
13475.0,192,4,1431.78,2,3,4,234,At Risk,1,1,1.0,High Risk
13476.0,179,7,1915.77,3,4,4,344,Loyal Customer,0,0,0.0,Low Risk
13477.0,38,13,2821.12,4,5,4,454,VIP Customer,0,0,0.0,Low Risk
13478.0,470,7,2068.03,1,4,4,144,At Risk,1,1,1.0,High Risk
13479.0,199,7,808.5,2,4,3,243,At Risk,1,1,1.0,High Risk
13480.0,417,2,627.82,1,2,3,123,Regular Customer,0,0,0.0,Low Risk
13481.0,46,14,3798.84,4,5,5,455,VIP Customer,0,0,0.0,Low Risk
13482.0,233,2,336.09,2,2,2,222,Regular Customer,0,0,0.0,Low Risk
13483.0,66,1,140.34,3,1,1,311,Regular Customer,0,0,0.0,Low Risk
13484.0,242,4,767.32,2,3,3,233,At Risk,1,1,1.0,High Risk
13485.0,234,15,2957.92,2,5,5,255,At Risk,1,1,1.0,High Risk
13486.0,79,3,1122.41,3,3,3,333,Regular Customer,0,0,0.0,Low Risk
13487.0,58,5,846.87,4,3,3,433,Regular Customer,0,0,0.0,Low Risk
13488.0,18,29,15513.73,5,5,5,555,VIP Customer,0,0,0.0,Low Risk
13489.0,106,4,449.52,3,3,2,332,Regular Customer,0,0,0.0,Low Risk
13490.0,655,1,154.25,1,1,1,111,Regular Customer,0,0,0.0,Low Risk
13491.0,52,27,4566.56,4,5,5,455,VIP Customer,0,0,0.0,Low Risk
13492.0,137,3,1269.84,3,3,4,334,Regular Customer,0,0,0.0,Low Risk
13493.0,276,2,618.63,2,2,3,223,Regular Customer,0,0,0.0,Low Risk
13494.0,312,1,316.26000000000005,2,1,2,212,Regular Customer,0,0,0.0,Low Risk
13495.0,8,13,5246.61,5,5,5,555,VIP Customer,0,0,0.0,Low Risk
13496.0,11,3,617.93,5,3,3,533,Regular Customer,0,0,0.0,Low Risk
13497.0,283,7,1266.33,2,4,4,244,At Risk,1,1,1.0,High Risk
13498.0,731,1,327.38,1,1,2,112,Regular Customer,0,0,0.0,Low Risk
13499.0,18,7,1146.96,5,4,3,543,Loyal Customer,0,0,0.0,Low Risk
13500.0,24,5,1436.3,4,3,4,434,Regular Customer,0,0,0.0,Low Risk
13501.0,243,5,2840.26,2,3,4,234,At Risk,1,1,1.0,High Risk
13502.0,17,6,774.6,5,4,3,543,Loyal Customer,0,0,0.0,Low Risk
13503.0,72,12,1793.54,3,5,4,354,Loyal Customer,0,0,0.0,Low Risk
13504.0,65,1,295.93,3,1,2,312,Regular Customer,0,0,0.0,Low Risk
13505.0,68,8,4282.88,3,4,5,345,Loyal Customer,0,0,0.0,Low Risk
13506.0,313,8,1609.65,2,4,4,244,At Risk,1,1,1.0,High Risk
13507.0,4,4,2479.16,5,3,4,534,Regular Customer,0,0,0.0,Low Risk
13508.0,244,2,287.05,2,2,2,222,Regular Customer,0,0,0.0,Low Risk
13509.0,9,8,1114.72,5,4,3,543,Loyal Customer,0,0,0.0,Low Risk
13510.0,2,17,4488.39,5,5,5,555,VIP Customer,0,0,0.0,Low Risk
13511.0,484,2,244.61,1,2,1,121,Regular Customer,0,0,0.0,Low Risk
13512.0,261,4,713.39,2,3,3,233,At Risk,1,1,1.0,High Risk
13513.0,127,4,796.99,3,3,3,333,Regular Customer,0,0,0.0,Low Risk
13514.0,74,4,815.9000000000001,3,3,3,333,Regular Customer,0,0,0.0,Low Risk
13515.0,73,6,1265.82,3,4,4,344,Loyal Customer,0,0,0.0,Low Risk
13516.0,22,4,1685.26,4,3,4,434,Regular Customer,0,0,0.0,Low Risk
13517.0,60,5,2109.07,3,3,4,334,Regular Customer,0,0,0.0,Low Risk
13518.0,86,1,659.4399999999999,3,1,3,313,Regular Customer,0,0,0.0,Low Risk
13519.0,51,3,331.26,4,3,2,432,Regular Customer,0,0,0.0,Low Risk
13520.0,59,15,6680.65,4,5,5,455,VIP Customer,0,0,0.0,Low Risk
13521.0,2,3,1093.65,5,3,3,533,Regular Customer,0,0,0.0,Low Risk
13522.0,31,1,125.8,4,1,1,411,Recent Customer,0,0,0.0,Low Risk
13523.0,34,7,4892.02,4,4,5,445,VIP Customer,0,0,0.0,Low Risk
13524.0,41,5,680.1800000000001,4,3,3,433,Regular Customer,0,0,0.0,Low Risk
13525.0,15,2,628.78,5,2,3,523,Recent Customer,0,0,0.0,Low Risk
13526.0,739,4,942.6,1,3,3,133,At Risk,1,1,1.0,High Risk
13527.0,34,14,4650.04,4,5,5,455,VIP Customer,0,0,0.0,Low Risk
13528.0,683,1,-40.0,1,1,1,111,Regular Customer,0,0,0.0,Low Risk
13529.0,79,2,307.76,3,2,2,322,Regular Customer,0,0,0.0,Low Risk
13530.0,635,1,402.98,1,1,2,112,Regular Customer,0,0,0.0,Low Risk
13531.0,206,6,1738.52,2,4,4,244,At Risk,1,1,1.0,High Risk
13532.0,34,1,210.31,4,1,1,411,Recent Customer,0,0,0.0,Low Risk
13533.0,183,3,270.79,3,3,2,332,Regular Customer,0,0,0.0,Low Risk
13534.0,3,60,7324.5,5,5,5,555,VIP Customer,0,0,0.0,Low Risk
13535.0,403,1,89.5,2,1,1,211,Regular Customer,0,0,0.0,Low Risk
13536.0,2,7,3448.29,5,4,5,545,VIP Customer,0,0,0.0,Low Risk
13537.0,426,2,717.85,1,2,3,123,Regular Customer,0,0,0.0,Low Risk
13538.0,44,12,3112.73,4,5,5,455,VIP Customer,0,0,0.0,Low Risk
13539.0,86,9,1531.26,3,4,4,344,Loyal Customer,0,0,0.0,Low Risk
13540.0,468,3,632.39,1,3,3,133,At Risk,1,1,1.0,High Risk
13541.0,424,3,717.9,1,3,3,133,At Risk,1,1,1.0,High Risk
13542.0,377,18,3970.77,2,5,5,255,At Risk,1,1,1.0,High Risk
13543.0,635,2,1439.61,1,2,4,124,Regular Customer,0,0,0.0,Low Risk
13544.0,40,7,820.5,4,4,3,443,Loyal Customer,0,0,0.0,Low Risk
13545.0,391,3,347.35,2,3,2,232,At Risk,1,1,1.0,High Risk
13546.0,13,5,1092.14,5,3,3,533,Regular Customer,0,0,0.0,Low Risk
13547.0,409,1,175.53,2,1,1,211,Regular Customer,0,0,0.0,Low Risk
13548.0,97,3,908.99,3,3,3,333,Regular Customer,0,0,0.0,Low Risk
13549.0,26,9,1003.72,4,4,3,443,Loyal Customer,0,0,0.0,Low Risk
13550.0,384,1,349.51,2,1,2,212,Regular Customer,0,0,0.0,Low Risk
13551.0,320,2,244.2,2,2,1,221,Regular Customer,0,0,0.0,Low Risk
13552.0,67,32,6618.63,3,5,5,355,Loyal Customer,0,0,0.0,Low Risk
13553.0,675,1,517.8,1,1,2,112,Regular Customer,0,0,0.0,Low Risk
13554.0,381,10,1556.39,2,4,4,244,At Risk,1,1,1.0,High Risk
13555.0,74,16,8906.34,3,5,5,355,Loyal Customer,0,0,0.0,Low Risk
13556.0,430,2,200.82,1,2,1,121,Regular Customer,0,0,0.0,Low Risk
13557.0,29,16,2980.08,4,5,5,455,VIP Customer,0,0,0.0,Low Risk
13558.0,6,4,605.06,5,3,3,533,Regular Customer,0,0,0.0,Low Risk
13559.0,513,2,990.0,1,2,3,123,Regular Customer,0,0,0.0,Low Risk
13560.0,8,1,174.37,5,1,1,511,Recent Customer,0,0,0.0,Low Risk
13561.0,216,11,1820.72,2,5,4,254,At Risk,1,1,1.0,High Risk
13562.0,82,8,4838.18,3,4,5,345,Loyal Customer,0,0,0.0,Low Risk
13563.0,85,2,777.53,3,2,3,323,Regular Customer,0,0,0.0,Low Risk
13564.0,145,54,15786.72,3,5,5,355,Loyal Customer,0,0,0.0,Low Risk
13565.0,20,3,414.8,4,3,2,432,Regular Customer,0,0,0.0,Low Risk
13566.0,41,5,1708.12,4,3,4,434,Regular Customer,0,0,0.0,Low Risk
13567.0,429,5,1078.59,1,3,3,133,At Risk,1,1,1.0,High Risk
13568.0,174,1,192.85,3,1,1,311,Regular Customer,0,0,0.0,Low Risk
13569.0,18,4,893.78,5,3,3,533,Regular Customer,0,0,0.0,Low Risk
13570.0,244,1,239.49,2,1,1,211,Regular Customer,0,0,0.0,Low Risk
13571.0,13,26,4546.54,5,5,5,555,VIP Customer,0,0,0.0,Low Risk
13572.0,206,1,1384.25,2,1,4,214,Regular Customer,0,0,0.0,Low Risk
13573.0,51,6,916.47,4,4,3,443,Loyal Customer,0,0,0.0,Low Risk
13574.0,412,1,421.25,2,1,2,212,Regular Customer,0,0,0.0,Low Risk
13575.0,24,5,732.0699999999999,4,3,3,433,Regular Customer,0,0,0.0,Low Risk
13576.0,11,32,11516.15,5,5,5,555,VIP Customer,0,0,0.0,Low Risk
13577.0,26,14,3346.62,4,5,5,455,VIP Customer,0,0,0.0,Low Risk
13578.0,410,1,147.66,2,1,1,211,Regular Customer,0,0,0.0,Low Risk
13579.0,15,6,1535.84,5,4,4,544,VIP Customer,0,0,0.0,Low Risk
13580.0,407,1,107.75,2,1,1,211,Regular Customer,0,0,0.0,Low Risk
13581.0,310,2,280.53000000000003,2,2,2,222,Regular Customer,0,0,0.0,Low Risk
13582.0,390,2,241.68,2,2,1,221,Regular Customer,0,0,0.0,Low Risk
13583.0,156,2,1445.031,3,2,4,324,Regular Customer,0,0,0.0,Low Risk
13584.0,307,5,347.15,2,3,2,232,At Risk,1,1,1.0,High Risk
13585.0,531,4,674.46,1,3,3,133,At Risk,1,1,1.0,High Risk
13586.0,542,1,131.53,1,1,1,111,Regular Customer,0,0,0.0,Low Risk
13587.0,32,6,1308.1,4,4,4,444,VIP Customer,0,0,0.0,Low Risk
13588.0,16,13,2445.12,5,5,4,554,VIP Customer,0,0,0.0,Low Risk
13589.0,15,6,1120.74,5,4,3,543,Loyal Customer,0,0,0.0,Low Risk
13590.0,12,21,6298.29,5,5,5,555,VIP Customer,0,0,0.0,Low Risk
13591.0,65,8,2081.19,3,4,4,344,Loyal Customer,0,0,0.0,Low Risk
13592.0,36,4,247.96,4,3,1,431,Regular Customer,0,0,0.0,Low Risk
13593.0,109,16,5475.21,3,5,5,355,Loyal Customer,0,0,0.0,Low Risk
13594.0,53,3,508.42,4,3,2,432,Regular Customer,0,0,0.0,Low Risk
13595.0,517,3,818.22,1,3,3,133,At Risk,1,1,1.0,High Risk
13596.0,6,2,697.04,5,2,3,523,Recent Customer,0,0,0.0,Low Risk
13597.0,389,3,372.21,2,3,2,232,At Risk,1,1,1.0,High Risk
13598.0,48,6,776.84,4,4,3,443,Loyal Customer,0,0,0.0,Low Risk
13599.0,2,52,9790.34,5,5,5,555,VIP Customer,0,0,0.0,Low Risk
13600.0,313,2,518.42,2,2,2,222,Regular Customer,0,0,0.0,Low Risk
13601.0,46,4,1185.14,4,3,3,433,Regular Customer,0,0,0.0,Low Risk
13602.0,65,4,1025.17,3,3,3,333,Regular Customer,0,0,0.0,Low Risk
13603.0,27,1,164.34,4,1,1,411,Recent Customer,0,0,0.0,Low Risk
13604.0,653,2,713.39,1,2,3,123,Regular Customer,0,0,0.0,Low Risk
13605.0,388,2,522.67,2,2,2,222,Regular Customer,0,0,0.0,Low Risk
13606.0,30,3,280.54,4,3,2,432,Regular Customer,0,0,0.0,Low Risk
13607.0,41,3,1060.61,4,3,3,433,Regular Customer,0,0,0.0,Low Risk
13608.0,541,1,236.2,1,1,1,111,Regular Customer,0,0,0.0,Low Risk
13609.0,594,1,167.35,1,1,1,111,Regular Customer,0,0,0.0,Low Risk
13610.0,13,17,2144.13,5,5,4,554,VIP Customer,0,0,0.0,Low Risk
13611.0,90,14,3281.03,3,5,5,355,Loyal Customer,0,0,0.0,Low Risk
13612.0,519,2,777.79,1,2,3,123,Regular Customer,0,0,0.0,Low Risk
13613.0,453,5,1039.85,1,3,3,133,At Risk,1,1,1.0,High Risk
13614.0,25,6,2359.19,4,4,4,444,VIP Customer,0,0,0.0,Low Risk
13615.0,313,12,6212.2300000000005,2,5,5,255,At Risk,1,1,1.0,High Risk
13616.0,569,2,288.1,1,2,2,122,Regular Customer,0,0,0.0,Low Risk
13617.0,41,9,1263.8,4,4,4,444,VIP Customer,0,0,0.0,Low Risk
13618.0,174,1,177.34,3,1,1,311,Regular Customer,0,0,0.0,Low Risk
13619.0,545,2,231.69,1,2,1,121,Regular Customer,0,0,0.0,Low Risk
13620.0,529,1,112.34,1,1,1,111,Regular Customer,0,0,0.0,Low Risk
13621.0,117,1,213.85,3,1,1,311,Regular Customer,0,0,0.0,Low Risk
13622.0,689,2,651.45,1,2,3,123,Regular Customer,0,0,0.0,Low Risk
13623.0,31,15,2446.36,4,5,4,454,VIP Customer,0,0,0.0,Low Risk
13624.0,382,2,427.18,2,2,2,222,Regular Customer,0,0,0.0,Low Risk
13625.0,597,1,301.26,1,1,2,112,Regular Customer,0,0,0.0,Low Risk
13626.0,253,3,689.49,2,3,3,233,At Risk,1,1,1.0,High Risk
13627.0,60,10,2217.55,3,4,4,344,Loyal Customer,0,0,0.0,Low Risk
13628.0,677,1,310.14,1,1,2,112,Regular Customer,0,0,0.0,Low Risk
13629.0,24,19,13370.86,4,5,5,455,VIP Customer,0,0,0.0,Low Risk
13630.0,6,11,1995.68,5,5,4,554,VIP Customer,0,0,0.0,Low Risk
13631.0,100,12,3021.77,3,5,5,355,Loyal Customer,0,0,0.0,Low Risk
13632.0,25,10,3634.7,4,4,5,445,VIP Customer,0,0,0.0,Low Risk
13633.0,604,1,-306.66,1,1,1,111,Regular Customer,0,0,0.0,Low Risk
13634.0,34,17,4519.55,4,5,5,455,VIP Customer,0,0,0.0,Low Risk
13635.0,68,6,2948.22,3,4,5,345,Loyal Customer,0,0,0.0,Low Risk
13636.0,37,6,941.62,4,4,3,443,Loyal Customer,0,0,0.0,Low Risk
13637.0,53,3,810.5,4,3,3,433,Regular Customer,0,0,0.0,Low Risk
13638.0,16,1,122.64,5,1,1,511,Recent Customer,0,0,0.0,Low Risk
13639.0,75,2,1346.27,3,2,4,324,Regular Customer,0,0,0.0,Low Risk
13640.0,612,1,405.0,1,1,2,112,Regular Customer,0,0,0.0,Low Risk
13641.0,641,7,921.82,1,4,3,143,At Risk,1,1,1.0,High Risk
13642.0,216,5,501.97,2,3,2,232,At Risk,1,1,1.0,High Risk
13643.0,32,15,2112.17,4,5,4,454,VIP Customer,0,0,0.0,Low Risk
13644.0,9,5,2597.52,5,3,4,534,Regular Customer,0,0,0.0,Low Risk
13645.0,121,1,252.1,3,1,1,311,Regular Customer,0,0,0.0,Low Risk
13646.0,400,3,323.3,2,3,2,232,At Risk,1,1,1.0,High Risk
13647.0,10,9,3063.78,5,4,5,545,VIP Customer,0,0,0.0,Low Risk
13648.0,401,11,1679.01,2,5,4,254,At Risk,1,1,1.0,High Risk
13649.0,257,6,1678.88,2,4,4,244,At Risk,1,1,1.0,High Risk
13650.0,17,16,3098.5,5,5,5,555,VIP Customer,0,0,0.0,Low Risk
13651.0,36,4,208.95,4,3,1,431,Regular Customer,0,0,0.0,Low Risk
13652.0,46,5,2570.85,4,3,4,434,Regular Customer,0,0,0.0,Low Risk
13653.0,488,1,152.2,1,1,1,111,Regular Customer,0,0,0.0,Low Risk
13654.0,44,11,6308.0,4,5,5,455,VIP Customer,0,0,0.0,Low Risk
13655.0,115,8,2259.3,3,4,4,344,Loyal Customer,0,0,0.0,Low Risk
13656.0,165,7,1053.35,3,4,3,343,Loyal Customer,0,0,0.0,Low Risk
13657.0,11,2,382.14,5,2,2,522,Recent Customer,0,0,0.0,Low Risk
13658.0,10,13,5772.07,5,5,5,555,VIP Customer,0,0,0.0,Low Risk
13659.0,198,17,4716.63,2,5,5,255,At Risk,1,1,1.0,High Risk
13660.0,396,2,303.69,2,2,2,222,Regular Customer,0,0,0.0,Low Risk
13661.0,604,1,325.24,1,1,2,112,Regular Customer,0,0,0.0,Low Risk
13662.0,86,17,2183.13,3,5,4,354,Loyal Customer,0,0,0.0,Low Risk
13663.0,180,6,2013.61,3,4,4,344,Loyal Customer,0,0,0.0,Low Risk
13664.0,683,1,-13.14,1,1,1,111,Regular Customer,0,0,0.0,Low Risk
13665.0,387,3,1711.66,2,3,4,234,At Risk,1,1,1.0,High Risk
13666.0,61,5,127.9,3,3,1,331,Regular Customer,0,0,0.0,Low Risk
13667.0,150,1,305.02,3,1,2,312,Regular Customer,0,0,0.0,Low Risk
13668.0,3,47,12749.14,5,5,5,555,VIP Customer,0,0,0.0,Low Risk
13669.0,51,3,413.55,4,3,2,432,Regular Customer,0,0,0.0,Low Risk
13670.0,76,1,349.7,3,1,2,312,Regular Customer,0,0,0.0,Low Risk
13671.0,395,1,194.95,2,1,1,211,Regular Customer,0,0,0.0,Low Risk
13672.0,302,7,162.07000000000002,2,4,1,241,At Risk,1,1,1.0,High Risk
13673.0,19,2,396.92,5,2,2,522,Recent Customer,0,0,0.0,Low Risk
13674.0,430,2,215.88,1,2,1,121,Regular Customer,0,0,0.0,Low Risk
13675.0,152,2,486.8200000000001,3,2,2,322,Regular Customer,0,0,0.0,Low Risk
13676.0,540,3,153.15,1,3,1,131,At Risk,1,1,1.0,High Risk
13677.0,405,2,556.1899999999999,2,2,2,222,Regular Customer,0,0,0.0,Low Risk
13678.0,152,1,232.6,3,1,1,311,Regular Customer,0,0,0.0,Low Risk
13679.0,494,3,281.26,1,3,2,132,At Risk,1,1,1.0,High Risk
13680.0,2,13,9915.56,5,5,5,555,VIP Customer,0,0,0.0,Low Risk
13681.0,18,4,827.83,5,3,3,533,Regular Customer,0,0,0.0,Low Risk
13682.0,188,1,59.5,3,1,1,311,Regular Customer,0,0,0.0,Low Risk
13683.0,458,1,258.6,1,1,1,111,Regular Customer,0,0,0.0,Low Risk
13684.0,286,6,546.52,2,4,2,242,At Risk,1,1,1.0,High Risk
13685.0,3,7,3119.44,5,4,5,545,VIP Customer,0,0,0.0,Low Risk
13686.0,183,3,409.04,3,3,2,332,Regular Customer,0,0,0.0,Low Risk
13687.0,439,1,11880.84,1,1,5,115,Regular Customer,0,0,0.0,Low Risk
13688.0,636,1,375.5,1,1,2,112,Regular Customer,0,0,0.0,Low Risk
13689.0,64,2,1259.5,3,2,4,324,Regular Customer,0,0,0.0,Low Risk
13690.0,60,1,172.25,3,1,1,311,Regular Customer,0,0,0.0,Low Risk
13691.0,397,1,212.78,2,1,1,211,Regular Customer,0,0,0.0,Low Risk
13692.0,25,8,3016.4500000000003,4,4,5,445,VIP Customer,0,0,0.0,Low Risk
13693.0,326,13,1948.32,2,5,4,254,At Risk,1,1,1.0,High Risk
13694.0,4,164,190825.52,5,5,5,555,VIP Customer,0,0,0.0,Low Risk
13695.0,32,16,2770.73,4,5,4,454,VIP Customer,0,0,0.0,Low Risk
13696.0,422,4,2008.7,1,3,4,134,At Risk,1,1,1.0,High Risk
13697.0,39,1,151.29999999999998,4,1,1,411,Recent Customer,0,0,0.0,Low Risk
13698.0,597,2,465.53,1,2,2,122,Regular Customer,0,0,0.0,Low Risk
13699.0,156,3,711.4,3,3,3,333,Regular Customer,0,0,0.0,Low Risk
13700.0,27,14,2586.21,4,5,4,454,VIP Customer,0,0,0.0,Low Risk
13701.0,438,2,159.55,1,2,1,121,Regular Customer,0,0,0.0,Low Risk
13702.0,446,1,135.18,1,1,1,111,Regular Customer,0,0,0.0,Low Risk
13703.0,319,3,99.5,2,3,1,231,At Risk,1,1,1.0,High Risk
13704.0,6,10,2295.31,5,4,4,544,VIP Customer,0,0,0.0,Low Risk
13705.0,8,7,2035.33,5,4,4,544,VIP Customer,0,0,0.0,Low Risk
13706.0,303,2,631.17,2,2,3,223,Regular Customer,0,0,0.0,Low Risk
13707.0,268,5,3365.86,2,3,5,235,At Risk,1,1,1.0,High Risk
13708.0,272,1,296.88,2,1,2,212,Regular Customer,0,0,0.0,Low Risk
13709.0,4,22,7512.81,5,5,5,555,VIP Customer,0,0,0.0,Low Risk
13710.0,32,3,509.52,4,3,2,432,Regular Customer,0,0,0.0,Low Risk
13711.0,219,15,1632.61,2,5,4,254,At Risk,1,1,1.0,High Risk
13712.0,247,2,766.42,2,2,3,223,Regular Customer,0,0,0.0,Low Risk
13713.0,409,3,743.26,2,3,3,233,At Risk,1,1,1.0,High Risk
13714.0,466,1,161.35,1,1,1,111,Regular Customer,0,0,0.0,Low Risk
13715.0,282,21,8438.34,2,5,5,255,At Risk,1,1,1.0,High Risk
13716.0,270,1,138.28,2,1,1,211,Regular Customer,0,0,0.0,Low Risk
13717.0,33,11,1748.05,4,5,4,454,VIP Customer,0,0,0.0,Low Risk
13718.0,247,2,306.55,2,2,2,222,Regular Customer,0,0,0.0,Low Risk
13719.0,16,11,2815.25,5,5,4,554,VIP Customer,0,0,0.0,Low Risk
13720.0,117,4,799.9,3,3,3,333,Regular Customer,0,0,0.0,Low Risk
13721.0,37,2,741.54,4,2,3,423,Recent Customer,0,0,0.0,Low Risk
13722.0,121,11,5629.16,3,5,5,355,Loyal Customer,0,0,0.0,Low Risk
13723.0,218,6,1209.2,2,4,4,244,At Risk,1,1,1.0,High Risk
13724.0,638,1,213.01,1,1,1,111,Regular Customer,0,0,0.0,Low Risk
13725.0,50,11,1809.81,4,5,4,454,VIP Customer,0,0,0.0,Low Risk
13726.0,39,2,1079.66,4,2,3,423,Recent Customer,0,0,0.0,Low Risk
13727.0,29,9,1067.3,4,4,3,443,Loyal Customer,0,0,0.0,Low Risk
13728.0,37,16,2855.17,4,5,4,454,VIP Customer,0,0,0.0,Low Risk
13729.0,436,5,676.4300000000001,1,3,3,133,At Risk,1,1,1.0,High Risk
13730.0,136,2,752.6,3,2,3,323,Regular Customer,0,0,0.0,Low Risk
13731.0,220,2,610.59,2,2,3,223,Regular Customer,0,0,0.0,Low Risk
13732.0,29,1,491.86,4,1,2,412,Recent Customer,0,0,0.0,Low Risk
13733.0,411,3,484.53,2,3,2,232,At Risk,1,1,1.0,High Risk
13734.0,509,6,3451.2900000000004,1,4,5,145,At Risk,1,1,1.0,High Risk
13735.0,25,22,9472.81,4,5,5,455,VIP Customer,0,0,0.0,Low Risk
13736.0,6,12,2715.01,5,5,4,554,VIP Customer,0,0,0.0,Low Risk
13737.0,201,1,339.6,2,1,2,212,Regular Customer,0,0,0.0,Low Risk
13738.0,397,1,440.93,2,1,2,212,Regular Customer,0,0,0.0,Low Risk
13739.0,19,2,292.2,5,2,2,522,Recent Customer,0,0,0.0,Low Risk
13740.0,241,5,1597.77,2,3,4,234,At Risk,1,1,1.0,High Risk
13741.0,72,4,666.33,3,3,3,333,Regular Customer,0,0,0.0,Low Risk
13742.0,17,14,3102.42,5,5,5,555,VIP Customer,0,0,0.0,Low Risk
13743.0,3,8,1340.15,5,4,4,544,VIP Customer,0,0,0.0,Low Risk
13744.0,96,2,1156.36,3,2,3,323,Regular Customer,0,0,0.0,Low Risk
13745.0,152,4,761.27,3,3,3,333,Regular Customer,0,0,0.0,Low Risk
13746.0,414,1,176.69,2,1,1,211,Regular Customer,0,0,0.0,Low Risk
13747.0,374,2,249.4,2,2,1,221,Regular Customer,0,0,0.005,Low Risk
13748.0,96,9,2268.35,3,4,4,344,Loyal Customer,0,0,0.0,Low Risk
13749.0,702,1,-10.25,1,1,1,111,Regular Customer,0,0,0.0,Low Risk
13750.0,54,13,3563.6,4,5,5,455,VIP Customer,0,0,0.0,Low Risk
13751.0,289,1,296.25,2,1,2,212,Regular Customer,0,0,0.0,Low Risk
13752.0,125,7,1590.73,3,4,4,344,Loyal Customer,0,0,0.0,Low Risk
13753.0,288,4,2094.57,2,3,4,234,At Risk,1,1,1.0,High Risk
13754.0,152,3,447.05,3,3,2,332,Regular Customer,0,0,0.0,Low Risk
13755.0,4,10,2154.68,5,4,4,544,VIP Customer,0,0,0.0,Low Risk
13756.0,3,25,9147.2,5,5,5,555,VIP Customer,0,0,0.0,Low Risk
13757.0,675,1,195.55,1,1,1,111,Regular Customer,0,0,0.0,Low Risk
13758.0,12,19,9263.14,5,5,5,555,VIP Customer,0,0,0.0,Low Risk
13759.0,34,2,659.4100000000001,4,2,3,423,Recent Customer,0,0,0.0,Low Risk
13760.0,55,6,1358.64,4,4,4,444,VIP Customer,0,0,0.0,Low Risk
13761.0,51,6,1952.17,4,4,4,444,VIP Customer,0,0,0.0,Low Risk
13762.0,205,6,2165.76,2,4,4,244,At Risk,1,1,1.0,High Risk
13763.0,64,6,5181.99,3,4,5,345,Loyal Customer,0,0,0.0,Low Risk
13764.0,71,6,2953.26,3,4,5,345,Loyal Customer,0,0,0.0,Low Risk
13765.0,654,1,352.821,1,1,2,112,Regular Customer,0,0,0.0,Low Risk
13766.0,496,1,190.35,1,1,1,111,Regular Customer,0,0,0.0,Low Risk
13767.0,3,96,35115.68,5,5,5,555,VIP Customer,0,0,0.0,Low Risk
13768.0,564,8,758.07,1,4,3,143,At Risk,1,1,0.995,High Risk
13769.0,3,29,5766.63,5,5,5,555,VIP Customer,0,0,0.0,Low Risk
13770.0,423,4,785.37,1,3,3,133,At Risk,1,1,1.0,High Risk
13771.0,65,10,5726.07,3,4,5,345,Loyal Customer,0,0,0.0,Low Risk
13772.0,34,9,3094.72,4,4,5,445,VIP Customer,0,0,0.0,Low Risk
13773.0,397,2,301.54,2,2,2,222,Regular Customer,0,0,0.0,Low Risk
13774.0,82,1,345.0,3,1,2,312,Regular Customer,0,0,0.0,Low Risk
13775.0,591,1,1049.66,1,1,3,113,Regular Customer,0,0,0.0,Low Risk
13776.0,429,8,-340.17,1,4,1,141,At Risk,1,1,1.0,High Risk
13777.0,1,73,56016.57,5,5,5,555,VIP Customer,0,0,0.0,Low Risk
13778.0,104,5,1116.54,3,3,3,333,Regular Customer,0,0,0.0,Low Risk
13779.0,516,1,161.13,1,1,1,111,Regular Customer,0,0,0.0,Low Risk
13780.0,8,3,735.82,5,3,3,533,Regular Customer,0,0,0.0,Low Risk
13781.0,251,4,770.88,2,3,3,233,At Risk,1,1,1.0,High Risk
13782.0,13,14,1785.77,5,5,4,554,VIP Customer,0,0,0.0,Low Risk
13783.0,488,4,1542.09,1,3,4,134,At Risk,1,1,1.0,High Risk
13784.0,10,15,2897.18,5,5,5,555,VIP Customer,0,0,0.0,Low Risk
13785.0,429,4,542.49,1,3,2,132,At Risk,1,1,1.0,High Risk
13786.0,368,8,2736.41,2,4,4,244,At Risk,1,1,1.0,High Risk
13787.0,76,9,1173.7,3,4,3,343,Loyal Customer,0,0,0.0,Low Risk
13788.0,506,1,3.75,1,1,1,111,Regular Customer,0,0,0.0,Low Risk
13789.0,389,1,239.46,2,1,1,211,Regular Customer,0,0,0.0,Low Risk
13790.0,5,1,348.8,5,1,2,512,Recent Customer,0,0,0.0,Low Risk
13791.0,44,3,1047.68,4,3,3,433,Regular Customer,0,0,0.0,Low Risk
13792.0,67,3,383.95,3,3,2,332,Regular Customer,0,0,0.0,Low Risk
13793.0,647,1,96.0,1,1,1,111,Regular Customer,0,0,0.0,Low Risk
13794.0,547,1,126.03,1,1,1,111,Regular Customer,0,0,0.0,Low Risk
13795.0,389,4,836.3,2,3,3,233,At Risk,1,1,1.0,High Risk
13796.0,500,1,289.7,1,1,2,112,Regular Customer,0,0,0.0,Low Risk
13797.0,437,4,1168.45,1,3,3,133,At Risk,1,1,1.0,High Risk
13798.0,2,125,73573.47,5,5,5,555,VIP Customer,0,0,0.0,Low Risk
13799.0,117,13,2039.82,3,5,4,354,Loyal Customer,0,0,0.0,Low Risk
13800.0,310,3,1679.56,2,3,4,234,At Risk,1,1,1.0,High Risk
13801.0,67,1,324.8,3,1,2,312,Regular Customer,0,0,0.0,Low Risk
13802.0,139,24,25491.56,3,5,5,355,Loyal Customer,0,0,0.0,Low Risk
13803.0,256,4,1319.11,2,3,4,234,At Risk,1,1,1.0,High Risk
13804.0,31,9,3208.52,4,4,5,445,VIP Customer,0,0,0.0,Low Risk
13805.0,53,2,924.6,4,2,3,423,Recent Customer,0,0,0.0,Low Risk
13806.0,64,1,256.38,3,1,1,311,Regular Customer,0,0,0.0,Low Risk
13807.0,368,4,509.9,2,3,2,232,At Risk,1,1,1.0,High Risk
13808.0,6,5,1747.66,5,3,4,534,Regular Customer,0,0,0.0,Low Risk
13809.0,306,3,679.7,2,3,3,233,At Risk,1,1,1.0,High Risk
13810.0,29,4,899.51,4,3,3,433,Regular Customer,0,0,0.0,Low Risk
13811.0,184,4,591.75,3,3,3,333,Regular Customer,0,0,0.0,Low Risk
13812.0,43,3,539.0,4,3,2,432,Regular Customer,0,0,0.0,Low Risk
13813.0,40,12,2686.42,4,5,4,454,VIP Customer,0,0,0.0,Low Risk
13814.0,57,5,2239.07,4,3,4,434,Regular Customer,0,0,0.0,Low Risk
13815.0,23,10,7285.79,4,4,5,445,VIP Customer,0,0,0.0,Low Risk
13816.0,24,4,555.04,4,3,2,432,Regular Customer,0,0,0.0,Low Risk
13817.0,30,2,382.98,4,2,2,422,Recent Customer,0,0,0.0,Low Risk
13818.0,430,1,61.28,1,1,1,111,Regular Customer,0,0,0.0,Low Risk
13819.0,302,7,2631.1,2,4,4,244,At Risk,1,1,1.0,High Risk
13820.0,419,5,640.4,1,3,3,133,At Risk,1,1,1.0,High Risk
13821.0,145,7,1387.03,3,4,4,344,Loyal Customer,0,0,0.0,Low Risk
13822.0,6,2,632.0,5,2,3,523,Recent Customer,0,0,0.0,Low Risk
13823.0,19,8,3358.55,5,4,5,545,VIP Customer,0,0,0.0,Low Risk
13824.0,33,14,3273.36,4,5,5,455,VIP Customer,0,0,0.0,Low Risk
13825.0,622,2,255.59,1,2,1,121,Regular Customer,0,0,0.0,Low Risk
13826.0,159,2,174.65,3,2,1,321,Regular Customer,0,0,0.0,Low Risk
13827.0,58,3,412.05,4,3,2,432,Regular Customer,0,0,0.0,Low Risk
13828.0,23,1,209.49,4,1,1,411,Recent Customer,0,0,0.0,Low Risk
13829.0,360,2,0.0,2,2,1,221,Regular Customer,0,0,0.0,Low Risk
13830.0,575,2,135.95000000000002,1,2,1,121,Regular Customer,0,0,0.0,Low Risk
13831.0,17,20,7009.18,5,5,5,555,VIP Customer,0,0,0.0,Low Risk
13832.0,18,3,602.4399999999999,5,3,3,533,Regular Customer,0,0,0.0,Low Risk
13833.0,160,2,701.36,3,2,3,323,Regular Customer,0,0,0.0,Low Risk
13834.0,577,3,247.89,1,3,1,131,At Risk,1,1,1.0,High Risk
13835.0,26,8,1044.82,4,4,3,443,Loyal Customer,0,0,0.0,Low Risk
13836.0,400,3,602.52,2,3,3,233,At Risk,1,1,1.0,High Risk
13837.0,212,2,271.24,2,2,2,222,Regular Customer,0,0,0.0,Low Risk
13838.0,6,10,1966.09,5,4,4,544,VIP Customer,0,0,0.0,Low Risk
13839.0,487,1,139.95000000000002,1,1,1,111,Regular Customer,0,0,0.0,Low Risk
13840.0,417,1,651.4,1,1,3,113,Regular Customer,0,0,0.0,Low Risk
13841.0,253,1,85.0,2,1,1,211,Regular Customer,0,0,0.0,Low Risk
13842.0,59,19,5604.96,4,5,5,455,VIP Customer,0,0,0.0,Low Risk
13843.0,382,1,319.75,2,1,2,212,Regular Customer,0,0,0.0,Low Risk
13844.0,12,1,361.62,5,1,2,512,Recent Customer,0,0,0.0,Low Risk
13845.0,65,1,312.98,3,1,2,312,Regular Customer,0,0,0.0,Low Risk
13846.0,25,5,1290.34,4,3,4,434,Regular Customer,0,0,0.0,Low Risk
13847.0,720,1,310.72,1,1,2,112,Regular Customer,0,0,0.0,Low Risk
13848.0,93,8,3335.0,3,4,5,345,Loyal Customer,0,0,0.0,Low Risk
13849.0,52,6,3443.8,4,4,5,445,VIP Customer,0,0,0.0,Low Risk
13850.0,89,2,1586.81,3,2,4,324,Regular Customer,0,0,0.0,Low Risk
13851.0,96,9,4516.76,3,4,5,345,Loyal Customer,0,0,0.0,Low Risk
13852.0,607,2,170.45000000000002,1,2,1,121,Regular Customer,0,0,0.0,Low Risk
13853.0,9,2,1056.94,5,2,3,523,Recent Customer,0,0,0.0,Low Risk
13854.0,9,45,12158.21,5,5,5,555,VIP Customer,0,0,0.0,Low Risk
13855.0,501,5,1253.94,1,3,4,134,At Risk,1,1,1.0,High Risk
13856.0,169,15,1058.88,3,5,3,353,Loyal Customer,0,0,0.0,Low Risk
13857.0,394,7,997.11,2,4,3,243,At Risk,1,1,1.0,High Risk
13858.0,58,1,216.17,4,1,1,411,Recent Customer,0,0,0.0,Low Risk
13859.0,327,2,515.86,2,2,2,222,Regular Customer,0,0,0.0,Low Risk
13860.0,2,6,1240.0,5,4,4,544,VIP Customer,0,0,0.0,Low Risk
13861.0,430,3,251.31,1,3,1,131,At Risk,1,1,1.0,High Risk
13862.0,19,11,2534.04,5,5,4,554,VIP Customer,0,0,0.0,Low Risk
13863.0,246,6,1217.63,2,4,4,244,At Risk,1,1,1.0,High Risk
13864.0,387,1,662.4000000000001,2,1,3,213,Regular Customer,0,0,0.0,Low Risk
13865.0,59,4,501.56,4,3,2,432,Regular Customer,0,0,0.0,Low Risk
13866.0,75,1,145.67000000000002,3,1,1,311,Regular Customer,0,0,0.0,Low Risk
13867.0,32,3,1015.29,4,3,3,433,Regular Customer,0,0,0.0,Low Risk
13868.0,8,2,3192.54,5,2,5,525,Recent Customer,0,0,0.0,Low Risk
13869.0,124,10,8111.57,3,4,5,345,Loyal Customer,0,0,0.0,Low Risk
13870.0,3,18,5689.84,5,5,5,555,VIP Customer,0,0,0.0,Low Risk
13871.0,23,21,7804.95,4,5,5,455,VIP Customer,0,0,0.0,Low Risk
13872.0,514,6,891.32,1,4,3,143,At Risk,1,1,1.0,High Risk
13873.0,120,9,1031.02,3,4,3,343,Loyal Customer,0,0,0.0,Low Risk
13874.0,359,10,1989.2,2,4,4,244,At Risk,1,1,1.0,High Risk
13875.0,54,14,4814.37,4,5,5,455,VIP Customer,0,0,0.0,Low Risk
13876.0,64,1,122.7,3,1,1,311,Regular Customer,0,0,0.0,Low Risk
13877.0,87,5,446.33,3,3,2,332,Regular Customer,0,0,0.0,Low Risk
13878.0,55,4,2473.06,4,3,4,434,Regular Customer,0,0,0.0,Low Risk
13879.0,646,1,395.5,1,1,2,112,Regular Customer,0,0,0.0,Low Risk
13880.0,22,17,4391.66,4,5,5,455,VIP Customer,0,0,0.0,Low Risk
13881.0,4,51,44392.5,5,5,5,555,VIP Customer,0,0,0.0,Low Risk
13882.0,3,6,1131.28,5,4,3,543,Loyal Customer,0,0,0.0,Low Risk
13883.0,2,26,6342.74,5,5,5,555,VIP Customer,0,0,0.0,Low Risk
13884.0,8,14,1852.38,5,5,4,554,VIP Customer,0,0,0.0,Low Risk
13885.0,190,2,506.8,3,2,2,322,Regular Customer,0,0,0.0,Low Risk
13886.0,72,1,243.56,3,1,1,311,Regular Customer,0,0,0.0,Low Risk
13887.0,205,1,349.55,2,1,2,212,Regular Customer,0,0,0.0,Low Risk
13888.0,120,7,2169.05,3,4,4,344,Loyal Customer,0,0,0.0,Low Risk
13889.0,93,8,1855.73,3,4,4,344,Loyal Customer,0,0,0.0,Low Risk
13890.0,2,22,2858.73,5,5,5,555,VIP Customer,0,0,0.0,Low Risk
13891.0,379,3,863.5600000000001,2,3,3,233,At Risk,1,1,1.0,High Risk
13892.0,27,6,1267.65,4,4,4,444,VIP Customer,0,0,0.0,Low Risk
13893.0,298,1,821.1,2,1,3,213,Regular Customer,0,0,0.0,Low Risk
13894.0,23,5,535.97,4,3,2,432,Regular Customer,0,0,0.0,Low Risk
13895.0,22,8,3923.62,4,4,5,445,VIP Customer,0,0,0.0,Low Risk
13896.0,626,1,388.55,1,1,2,112,Regular Customer,0,0,0.0,Low Risk
13897.0,51,3,1160.72,4,3,3,433,Regular Customer,0,0,0.0,Low Risk
13898.0,326,2,686.4,2,2,3,223,Regular Customer,0,0,0.0,Low Risk
13899.0,17,2,388.52,5,2,2,522,Recent Customer,0,0,0.0,Low Risk
13900.0,184,7,1608.09,3,4,4,344,Loyal Customer,0,0,0.0,Low Risk
13901.0,73,20,5599.34,3,5,5,355,Loyal Customer,0,0,0.0,Low Risk
13902.0,633,8,30411.26,1,4,5,145,At Risk,1,1,0.995,High Risk
13903.0,401,1,165.45000000000002,2,1,1,211,Regular Customer,0,0,0.0,Low Risk
13904.0,38,2,332.64,4,2,2,422,Recent Customer,0,0,0.0,Low Risk
13905.0,572,3,244.45,1,3,1,131,At Risk,1,1,1.0,High Risk
13906.0,410,1,42.0,2,1,1,211,Regular Customer,0,0,0.0,Low Risk
13907.0,692,1,136.8,1,1,1,111,Regular Customer,0,0,0.0,Low Risk
13908.0,80,5,2347.05,3,3,4,334,Regular Customer,0,0,0.0,Low Risk
13909.0,424,2,286.6,1,2,2,122,Regular Customer,0,0,0.0,Low Risk
13910.0,444,1,-127.66,1,1,1,111,Regular Customer,0,0,0.0,Low Risk
13911.0,58,22,4200.04,4,5,5,455,VIP Customer,0,0,0.0,Low Risk
13912.0,424,1,124.95,1,1,1,111,Regular Customer,0,0,0.0,Low Risk
13913.0,507,1,42.22,1,1,1,111,Regular Customer,0,0,0.0,Low Risk
13914.0,4,3,613.95,5,3,3,533,Regular Customer,0,0,0.0,Low Risk
13915.0,395,2,31.200000000000003,2,2,1,221,Regular Customer,0,0,0.0,Low Risk
13916.0,464,5,1260.51,1,3,4,134,At Risk,1,1,1.0,High Risk
13917.0,50,2,272.04,4,2,2,422,Recent Customer,0,0,0.0,Low Risk
13918.0,50,2,1212.84,4,2,4,424,Recent Customer,0,0,0.0,Low Risk
13919.0,54,5,1326.03,4,3,4,434,Regular Customer,0,0,0.0,Low Risk
13920.0,432,5,1734.88,1,3,4,134,At Risk,1,1,1.0,High Risk
13921.0,400,5,720.75,2,3,3,233,At Risk,1,1,1.0,High Risk
13922.0,352,5,824.7,2,3,3,233,At Risk,1,1,1.0,High Risk
13923.0,54,1,351.13,4,1,2,412,Recent Customer,0,0,0.0,Low Risk
13924.0,2,11,1682.08,5,5,4,554,VIP Customer,0,0,0.0,Low Risk
13925.0,37,6,616.65,4,4,3,443,Loyal Customer,0,0,0.0,Low Risk
13926.0,24,1,223.85,4,1,1,411,Recent Customer,0,0,0.0,Low Risk
13927.0,75,3,689.96,3,3,3,333,Regular Customer,0,0,0.0,Low Risk
13928.0,11,4,464.57,5,3,2,532,Regular Customer,0,0,0.0,Low Risk
13929.0,170,14,3318.1,3,5,5,355,Loyal Customer,0,0,0.0,Low Risk
13930.0,58,2,337.34,4,2,2,422,Recent Customer,0,0,0.0,Low Risk
13931.0,86,12,5250.78,3,5,5,355,Loyal Customer,0,0,0.0,Low Risk
13932.0,295,1,307.4,2,1,2,212,Regular Customer,0,0,0.0,Low Risk
13933.0,110,2,608.7900000000001,3,2,3,323,Regular Customer,0,0,0.0,Low Risk
13934.0,264,1,922.1,2,1,3,213,Regular Customer,0,0,0.0,Low Risk
13935.0,597,3,6116.92,1,3,5,135,At Risk,1,1,1.0,High Risk
13936.0,172,4,924.36,3,3,3,333,Regular Customer,0,0,0.0,Low Risk
13937.0,170,3,867.38,3,3,3,333,Regular Customer,0,0,0.0,Low Risk
13938.0,36,1,71.66,4,1,1,411,Recent Customer,0,0,0.0,Low Risk
13939.0,24,10,1533.66,4,4,4,444,VIP Customer,0,0,0.0,Low Risk
13940.0,18,4,839.14,5,3,3,533,Regular Customer,0,0,0.0,Low Risk
13941.0,22,17,10846.15,4,5,5,455,VIP Customer,0,0,0.0,Low Risk
13942.0,535,1,320.0,1,1,2,112,Regular Customer,0,0,0.0,Low Risk
13943.0,578,1,246.54,1,1,1,111,Regular Customer,0,0,0.0,Low Risk
13944.0,654,1,200.43,1,1,1,111,Regular Customer,0,0,0.0,Low Risk
13945.0,395,2,854.15,2,2,3,223,Regular Customer,0,0,0.0,Low Risk
13946.0,80,7,1745.43,3,4,4,344,Loyal Customer,0,0,0.0,Low Risk
13947.0,66,1,90.6,3,1,1,311,Regular Customer,0,0,0.0,Low Risk
13948.0,361,5,536.86,2,3,2,232,At Risk,1,1,1.0,High Risk
13949.0,3,6,2427.32,5,4,4,544,VIP Customer,0,0,0.0,Low Risk
13950.0,12,5,728.56,5,3,3,533,Regular Customer,0,0,0.0,Low Risk
13951.0,177,3,674.45,3,3,3,333,Regular Customer,0,0,0.0,Low Risk
13952.0,212,17,12790.891,2,5,5,255,At Risk,1,1,1.0,High Risk
13953.0,8,12,6640.68,5,5,5,555,VIP Customer,0,0,0.0,Low Risk
13954.0,2,3,378.59,5,3,2,532,Regular Customer,0,0,0.0,Low Risk
13955.0,155,3,545.17,3,3,2,332,Regular Customer,0,0,0.0,Low Risk
13956.0,6,5,1026.42,5,3,3,533,Regular Customer,0,0,0.0,Low Risk
13957.0,418,3,458.25,1,3,2,132,At Risk,1,1,1.0,High Risk
13958.0,373,12,4402.33,2,5,5,255,At Risk,1,1,1.0,High Risk
13959.0,80,6,1076.18,3,4,3,343,Loyal Customer,0,0,0.0,Low Risk
13960.0,22,2,230.22,4,2,1,421,Recent Customer,0,0,0.0,Low Risk
13961.0,386,2,498.7,2,2,2,222,Regular Customer,0,0,0.0,Low Risk
13962.0,22,3,362.8,4,3,2,432,Regular Customer,0,0,0.0,Low Risk
13963.0,309,18,2899.62,2,5,5,255,At Risk,1,1,1.0,High Risk
13964.0,388,3,421.9,2,3,2,232,At Risk,1,1,1.0,High Risk
13965.0,456,5,777.6600000000001,1,3,3,133,At Risk,1,1,1.0,High Risk
13966.0,436,1,390.86,1,1,2,112,Regular Customer,0,0,0.0,Low Risk
13967.0,146,2,166.3,3,2,1,321,Regular Customer,0,0,0.0,Low Risk
13968.0,424,1,123.66,1,1,1,111,Regular Customer,0,0,0.0,Low Risk
13969.0,8,39,13212.77,5,5,5,555,VIP Customer,0,0,0.0,Low Risk
13970.0,387,2,846.55,2,2,3,223,Regular Customer,0,0,0.0,Low Risk
13971.0,9,18,4593.83,5,5,5,555,VIP Customer,0,0,0.0,Low Risk
13972.0,71,2,190.25,3,2,1,321,Regular Customer,0,0,0.0,Low Risk
13973.0,288,1,264.7,2,1,2,212,Regular Customer,0,0,0.0,Low Risk
13974.0,50,4,663.52,4,3,3,433,Regular Customer,0,0,0.0,Low Risk
13975.0,32,14,5327.29,4,5,5,455,VIP Customer,0,0,0.0,Low Risk
13976.0,207,4,1192.36,2,3,4,234,At Risk,1,1,1.0,High Risk
13977.0,412,1,519.8100000000001,2,1,2,212,Regular Customer,0,0,0.0,Low Risk
13978.0,15,2,196.79,5,2,1,521,Recent Customer,0,0,0.0,Low Risk
13979.0,74,11,3326.83,3,5,5,355,Loyal Customer,0,0,0.0,Low Risk
13980.0,61,9,753.12,3,4,3,343,Loyal Customer,0,0,0.0,Low Risk
13981.0,401,2,327.39,2,2,2,222,Regular Customer,0,0,0.0,Low Risk
13982.0,40,13,4418.79,4,5,5,455,VIP Customer,0,0,0.0,Low Risk
13983.0,30,30,6993.41,4,5,5,455,VIP Customer,0,0,0.0,Low Risk
13984.0,27,13,1616.12,4,5,4,454,VIP Customer,0,0,0.0,Low Risk
13985.0,5,24,9982.31,5,5,5,555,VIP Customer,0,0,0.0,Low Risk
13986.0,18,1,320.46,5,1,2,512,Recent Customer,0,0,0.0,Low Risk
13987.0,380,2,682.54,2,2,3,223,Regular Customer,0,0,0.0,Low Risk
13988.0,20,11,4708.64,4,5,5,455,VIP Customer,0,0,0.0,Low Risk
13989.0,66,5,2026.06,3,3,4,334,Regular Customer,0,0,0.0,Low Risk
13990.0,214,1,311.3,2,1,2,212,Regular Customer,0,0,0.0,Low Risk
13991.0,13,7,850.63,5,4,3,543,Loyal Customer,0,0,0.0,Low Risk
13992.0,31,3,219.5,4,3,1,431,Regular Customer,0,0,0.0,Low Risk
13993.0,33,24,6690.36,4,5,5,455,VIP Customer,0,0,0.0,Low Risk
13994.0,4,6,2313.14,5,4,4,544,VIP Customer,0,0,0.0,Low Risk
13995.0,16,18,3836.26,5,5,5,555,VIP Customer,0,0,0.0,Low Risk
13996.0,387,2,895.76,2,2,3,223,Regular Customer,0,0,0.0,Low Risk
13997.0,520,3,382.31,1,3,2,132,At Risk,1,1,1.0,High Risk
13998.0,447,3,566.7,1,3,2,132,At Risk,1,1,1.0,High Risk
13999.0,11,36,9438.01,5,5,5,555,VIP Customer,0,0,0.0,Low Risk
14000.0,207,8,1877.59,2,4,4,244,At Risk,1,1,1.0,High Risk
14001.0,46,10,4517.34,4,4,5,445,VIP Customer,0,0,0.0,Low Risk
14002.0,135,2,529.73,3,2,2,322,Regular Customer,0,0,0.0,Low Risk
14003.0,733,1,209.41,1,1,1,111,Regular Customer,0,0,0.0,Low Risk
14004.0,44,11,6258.45,4,5,5,455,VIP Customer,0,0,0.0,Low Risk
14005.0,10,5,2874.72,5,3,5,535,Regular Customer,0,0,0.0,Low Risk
14006.0,116,7,2196.67,3,4,4,344,Loyal Customer,0,0,0.0,Low Risk
14007.0,513,1,79.48,1,1,1,111,Regular Customer,0,0,0.0,Low Risk
14008.0,376,2,493.74,2,2,2,222,Regular Customer,0,0,0.0,Low Risk
14009.0,199,4,1090.23,2,3,3,233,At Risk,1,1,1.0,High Risk
14010.0,566,3,288.1,1,3,2,132,At Risk,1,1,1.0,High Risk
14011.0,481,3,451.92,1,3,2,132,At Risk,1,1,1.0,High Risk
14012.0,278,1,328.8,2,1,2,212,Regular Customer,0,0,0.0,Low Risk
14013.0,111,6,1006.22,3,4,3,343,Loyal Customer,0,0,0.0,Low Risk
14014.0,78,3,1948.21,3,3,4,334,Regular Customer,0,0,0.0,Low Risk
14015.0,53,1,917.34,4,1,3,413,Recent Customer,0,0,0.0,Low Risk
14016.0,155,13,11379.71,3,5,5,355,Loyal Customer,0,0,0.0,Low Risk
14017.0,572,1,229.75,1,1,1,111,Regular Customer,0,0,0.0,Low Risk
14018.0,646,1,367.15,1,1,2,112,Regular Customer,0,0,0.0,Low Risk
14019.0,47,4,1398.96,4,3,4,434,Regular Customer,0,0,0.0,Low Risk
14020.0,17,5,1213.26,5,3,4,534,Regular Customer,0,0,0.0,Low Risk
14021.0,156,7,1716.58,3,4,4,344,Loyal Customer,0,0,0.0,Low Risk
14022.0,226,2,792.15,2,2,3,223,Regular Customer,0,0,0.0,Low Risk
14023.0,8,2,584.07,5,2,2,522,Recent Customer,0,0,0.0,Low Risk
14024.0,122,3,645.74,3,3,3,333,Regular Customer,0,0,0.0,Low Risk
14025.0,465,10,3969.1,1,4,5,145,At Risk,1,1,1.0,High Risk
14026.0,471,2,713.11,1,2,3,123,Regular Customer,0,0,0.0,Low Risk
14027.0,61,1,104.82,3,1,1,311,Regular Customer,0,0,0.0,Low Risk
14028.0,499,5,3175.5,1,3,5,135,At Risk,1,1,1.0,High Risk
14029.0,64,2,467.66,3,2,2,322,Regular Customer,0,0,0.0,Low Risk
14030.0,19,22,8145.59,5,5,5,555,VIP Customer,0,0,0.0,Low Risk
14031.0,8,55,38025.97,5,5,5,555,VIP Customer,0,0,0.0,Low Risk
14032.0,3,25,4786.07,5,5,5,555,VIP Customer,0,0,0.0,Low Risk
14033.0,556,1,109.44,1,1,1,111,Regular Customer,0,0,0.0,Low Risk
14034.0,23,4,512.02,4,3,2,432,Regular Customer,0,0,0.0,Low Risk
14035.0,29,11,2852.47,4,5,4,454,VIP Customer,0,0,0.0,Low Risk
14036.0,285,1,626.65,2,1,3,213,Regular Customer,0,0,0.0,Low Risk
14037.0,177,7,755.95,3,4,3,343,Loyal Customer,0,0,0.0,Low Risk
14038.0,79,8,3000.93,3,4,5,345,Loyal Customer,0,0,0.0,Low Risk
14039.0,34,2,267.28000000000003,4,2,2,422,Recent Customer,0,0,0.0,Low Risk
14040.0,41,42,12457.84,4,5,5,455,VIP Customer,0,0,0.0,Low Risk
14041.0,267,1,141.41,2,1,1,211,Regular Customer,0,0,0.0,Low Risk
14042.0,726,1,431.98,1,1,2,112,Regular Customer,0,0,0.0,Low Risk
14043.0,492,3,301.3,1,3,2,132,At Risk,1,1,1.0,High Risk
14044.0,27,11,3106.15,4,5,5,455,VIP Customer,0,0,0.0,Low Risk
14045.0,110,19,9660.63,3,5,5,355,Loyal Customer,0,0,0.0,Low Risk
14046.0,285,1,154.99,2,1,1,211,Regular Customer,0,0,0.0,Low Risk
14047.0,9,19,4158.7300000000005,5,5,5,555,VIP Customer,0,0,0.0,Low Risk
14048.0,278,4,713.89,2,3,3,233,At Risk,1,1,1.0,High Risk
14049.0,17,18,13064.03,5,5,5,555,VIP Customer,0,0,0.0,Low Risk
14050.0,32,2,746.36,4,2,3,423,Recent Customer,0,0,0.0,Low Risk
14051.0,1,42,22104.5,5,5,5,555,VIP Customer,0,0,0.0,Low Risk
14052.0,20,2,480.81,4,2,2,422,Recent Customer,0,0,0.0,Low Risk
14053.0,125,4,572.3,3,3,2,332,Regular Customer,0,0,0.0,Low Risk
14054.0,66,1,92.46,3,1,1,311,Regular Customer,0,0,0.0,Low Risk
14055.0,107,3,1520.96,3,3,4,334,Regular Customer,0,0,0.0,Low Risk
14056.0,2,29,8124.4,5,5,5,555,VIP Customer,0,0,0.0,Low Risk
14057.0,24,23,8338.28,4,5,5,455,VIP Customer,0,0,0.0,Low Risk
14058.0,463,2,469.19,1,2,2,122,Regular Customer,0,0,0.0,Low Risk
14059.0,267,1,183.6,2,1,1,211,Regular Customer,0,0,0.0,Low Risk
14060.0,5,32,9503.14,5,5,5,555,VIP Customer,0,0,0.0,Low Risk
14061.0,508,3,917.43,1,3,3,133,At Risk,1,1,1.0,High Risk
14062.0,10,27,25434.83,5,5,5,555,VIP Customer,0,0,0.0,Low Risk
14063.0,431,13,-3767.2,1,5,1,151,At Risk,1,1,0.995,High Risk
14064.0,30,21,3039.75,4,5,5,455,VIP Customer,0,0,0.0,Low Risk
14065.0,390,4,889.37,2,3,3,233,At Risk,1,1,1.0,High Risk
14066.0,267,1,152.55,2,1,1,211,Regular Customer,0,0,0.0,Low Risk
14067.0,64,2,374.7,3,2,2,322,Regular Customer,0,0,0.0,Low Risk
14068.0,321,5,1504.97,2,3,4,234,At Risk,1,1,1.0,High Risk
14069.0,515,2,230.06,1,2,1,121,Regular Customer,0,0,0.0,Low Risk
14070.0,685,1,326.55,1,1,2,112,Regular Customer,0,0,0.0,Low Risk
14071.0,4,9,1307.41,5,4,4,544,VIP Customer,0,0,0.0,Low Risk
14072.0,667,1,390.85,1,1,2,112,Regular Customer,0,0,0.0,Low Risk
14073.0,22,2,139.54,4,2,1,421,Recent Customer,0,0,0.0,Low Risk
14074.0,624,1,219.4,1,1,1,111,Regular Customer,0,0,0.0,Low Risk
14075.0,5,6,1734.87,5,4,4,544,VIP Customer,0,0,0.0,Low Risk
14076.0,130,1,122.47,3,1,1,311,Regular Customer,0,0,0.0,Low Risk
14077.0,41,6,615.0799999999999,4,4,3,443,Loyal Customer,0,0,0.0,Low Risk
14078.0,102,9,1692.63,3,4,4,344,Loyal Customer,0,0,0.0,Low Risk
14079.0,125,2,618.73,3,2,3,323,Regular Customer,0,0,0.0,Low Risk
14080.0,33,6,1075.73,4,4,3,443,Loyal Customer,0,0,0.0,Low Risk
14081.0,268,16,5250.05,2,5,5,255,At Risk,1,1,1.0,High Risk
14082.0,365,2,413.36,2,2,2,222,Regular Customer,0,0,0.0,Low Risk
14083.0,5,11,1407.26,5,5,4,554,VIP Customer,0,0,0.0,Low Risk
14084.0,513,1,150.5,1,1,1,111,Regular Customer,0,0,0.0,Low Risk
14085.0,3,34,10092.22,5,5,5,555,VIP Customer,0,0,0.0,Low Risk
14086.0,463,1,39.95,1,1,1,111,Regular Customer,0,0,0.0,Low Risk
14087.0,3,5,803.47,5,3,3,533,Regular Customer,0,0,0.0,Low Risk
14088.0,11,20,62400.02,5,5,5,555,VIP Customer,0,0,0.0,Low Risk
14089.0,57,1,161.0,4,1,1,411,Recent Customer,0,0,0.0,Low Risk
14090.0,325,1,76.32000000000001,2,1,1,211,Regular Customer,0,0,0.0,Low Risk
14091.0,655,2,9530.08,1,2,5,125,Regular Customer,0,0,0.0,Low Risk
14092.0,8,27,7209.74,5,5,5,555,VIP Customer,0,0,0.0,Low Risk
14093.0,13,1,442.85,5,1,2,512,Recent Customer,0,0,0.0,Low Risk
14094.0,440,2,334.27,1,2,2,122,Regular Customer,0,0,0.0,Low Risk
14095.0,723,1,2.95,1,1,1,111,Regular Customer,0,0,0.0,Low Risk
14096.0,5,34,57120.91,5,5,5,555,VIP Customer,0,0,0.0,Low Risk
14097.0,482,2,422.86,1,2,2,122,Regular Customer,0,0,0.0,Low Risk
14098.0,37,1,147.35,4,1,1,411,Recent Customer,0,0,0.0,Low Risk
14099.0,17,22,5700.51,5,5,5,555,VIP Customer,0,0,0.0,Low Risk
14100.0,138,1,194.9,3,1,1,311,Regular Customer,0,0,0.0,Low Risk
14101.0,74,14,9942.13,3,5,5,355,Loyal Customer,0,0,0.0,Low Risk
14102.0,6,8,1314.73,5,4,4,544,VIP Customer,0,0,0.0,Low Risk
14103.0,666,1,0.0,1,1,1,111,Regular Customer,0,0,0.0,Low Risk
14104.0,155,5,771.5799999999999,3,3,3,333,Regular Customer,0,0,0.0,Low Risk
14105.0,86,9,5703.9800000000005,3,4,5,345,Loyal Customer,0,0,0.0,Low Risk
14106.0,738,1,214.8,1,1,1,111,Regular Customer,0,0,0.0,Low Risk
14107.0,52,13,4853.7,4,5,5,455,VIP Customer,0,0,0.0,Low Risk
14108.0,31,5,1041.21,4,3,3,433,Regular Customer,0,0,0.0,Low Risk
14109.0,24,2,80.2,4,2,1,421,Recent Customer,0,0,0.0,Low Risk
14110.0,4,35,12957.6,5,5,5,555,VIP Customer,0,0,0.0,Low Risk
14111.0,15,5,688.6,5,3,3,533,Regular Customer,0,0,0.0,Low Risk
14112.0,23,27,5524.51,4,5,5,455,VIP Customer,0,0,0.0,Low Risk
14113.0,4,31,6156.75,5,5,5,555,VIP Customer,0,0,0.0,Low Risk
14114.0,274,7,1364.09,2,4,4,244,At Risk,1,1,1.0,High Risk
14115.0,502,2,622.6700000000001,1,2,3,123,Regular Customer,0,0,0.0,Low Risk
14116.0,20,5,1382.74,4,3,4,434,Regular Customer,0,0,0.0,Low Risk
14117.0,144,1,90.0,3,1,1,311,Regular Customer,0,0,0.0,Low Risk
14118.0,429,1,458.45,1,1,2,112,Regular Customer,0,0,0.0,Low Risk
14119.0,355,3,163.47,2,3,1,231,At Risk,1,1,1.0,High Risk
14120.0,431,1,-23.8,1,1,1,111,Regular Customer,0,0,0.0,Low Risk
14121.0,4,6,2740.3,5,4,4,544,VIP Customer,0,0,0.0,Low Risk
14122.0,395,5,309.77,2,4,2,242,At Risk,1,1,1.0,High Risk
14123.0,734,1,436.18,1,1,2,112,Regular Customer,0,0,0.0,Low Risk
14124.0,85,1,419.58,3,1,2,312,Regular Customer,0,0,0.0,Low Risk
14125.0,11,3,2740.43,5,3,4,534,Regular Customer,0,0,0.0,Low Risk
14126.0,8,5,1109.96,5,4,3,543,Loyal Customer,0,0,0.0,Low Risk
14127.0,123,6,1900.08,3,4,4,344,Loyal Customer,0,0,0.0,Low Risk
14128.0,61,4,909.36,3,3,3,333,Regular Customer,0,0,0.0,Low Risk
14129.0,2,9,2591.34,5,4,4,544,VIP Customer,0,0,0.0,Low Risk
14130.0,320,4,1882.67,2,3,4,234,At Risk,1,1,1.0,High Risk
14131.0,649,1,187.87,1,1,1,111,Regular Customer,0,0,0.0,Low Risk
14132.0,3,12,3580.13,5,5,5,555,VIP Customer,0,0,0.0,Low Risk
14133.0,130,6,895.8399999999999,3,4,3,343,Loyal Customer,0,0,0.0,Low Risk
14134.0,383,15,11123.35,2,5,5,255,At Risk,1,1,1.0,High Risk
14135.0,2,25,9605.05,5,5,5,555,VIP Customer,0,0,0.0,Low Risk
14136.0,401,7,1553.96,2,4,4,244,At Risk,1,1,1.0,High Risk
14137.0,682,2,294.1,1,2,2,122,Regular Customer,0,0,0.0,Low Risk
14138.0,2,2,982.38,5,2,3,523,Recent Customer,0,0,0.0,Low Risk
14139.0,47,4,1086.8,4,3,3,433,Regular Customer,0,0,0.0,Low Risk
14140.0,4,3,920.05,5,3,3,533,Regular Customer,0,0,0.0,Low Risk
14141.0,3,6,879.0300000000001,5,4,3,543,Loyal Customer,0,0,0.0,Low Risk
14142.0,374,4,967.75,2,3,3,233,At Risk,1,1,1.0,High Risk
14143.0,134,1,115.8,3,1,1,311,Regular Customer,0,0,0.0,Low Risk
14144.0,487,1,30.6,1,1,1,111,Regular Customer,0,0,0.0,Low Risk
14145.0,47,8,7006.05,4,4,5,445,VIP Customer,0,0,0.0,Low Risk
14146.0,9,13,8208.87,5,5,5,555,VIP Customer,0,0,0.0,Low Risk
14147.0,50,12,2019.3,4,5,4,454,VIP Customer,0,0,0.0,Low Risk
14148.0,234,2,466.29,2,2,2,222,Regular Customer,0,0,0.0,Low Risk
14149.0,213,3,259.43,2,3,2,232,At Risk,1,1,1.0,High Risk
14150.0,36,2,658.64,4,2,3,423,Recent Customer,0,0,0.0,Low Risk
14151.0,674,3,666.7,1,3,3,133,At Risk,1,1,1.0,High Risk
14152.0,76,9,1975.44,3,4,4,344,Loyal Customer,0,0,0.0,Low Risk
14153.0,484,1,233.4,1,1,1,111,Regular Customer,0,0,0.0,Low Risk
14154.0,240,10,6263.6,2,4,5,245,At Risk,1,1,1.0,High Risk
14155.0,267,1,118.75,2,1,1,211,Regular Customer,0,0,0.005,Low Risk
14156.0,10,202,296564.69,5,5,5,555,VIP Customer,0,0,0.0,Low Risk
14157.0,20,6,970.33,4,4,3,443,Loyal Customer,0,0,0.0,Low Risk
14158.0,41,1,507.66,4,1,2,412,Recent Customer,0,0,0.0,Low Risk
14159.0,20,25,7571.88,4,5,5,455,VIP Customer,0,0,0.0,Low Risk
14160.0,611,7,8421.47,1,4,5,145,At Risk,1,1,1.0,High Risk
14161.0,216,7,3318.88,2,4,5,245,At Risk,1,1,1.0,High Risk
14162.0,174,2,289.36,3,2,2,322,Regular Customer,0,0,0.0,Low Risk
14163.0,88,5,2594.62,3,4,4,344,Loyal Customer,0,0,0.0,Low Risk
14164.0,71,2,1631.77,3,2,4,324,Regular Customer,0,0,0.0,Low Risk
14165.0,276,1,122.54,2,1,1,211,Regular Customer,0,0,0.0,Low Risk
14166.0,506,2,256.85,1,2,1,121,Regular Customer,0,0,0.0,Low Risk
14167.0,40,8,1296.49,4,4,4,444,VIP Customer,0,0,0.0,Low Risk
14168.0,421,3,305.9,1,3,2,132,At Risk,1,1,1.0,High Risk
14169.0,431,2,624.4300000000001,1,2,3,123,Regular Customer,0,0,0.0,Low Risk
14170.0,376,3,597.33,2,3,3,233,At Risk,1,1,1.0,High Risk
14171.0,99,2,498.79,3,2,2,322,Regular Customer,0,0,0.0,Low Risk
14172.0,606,4,389.97,1,3,2,132,At Risk,1,1,1.0,High Risk
14173.0,11,7,566.95,5,4,2,542,Loyal Customer,0,0,0.0,Low Risk
14174.0,34,1,134.46,4,1,1,411,Recent Customer,0,0,0.0,Low Risk
14175.0,52,17,7350.44,4,5,5,455,VIP Customer,0,0,0.0,Low Risk
14176.0,298,6,913.11,2,4,3,243,At Risk,1,1,1.0,High Risk
14177.0,85,14,2224.39,3,5,4,354,Loyal Customer,0,0,0.0,Low Risk
14178.0,9,7,1620.93,5,4,4,544,VIP Customer,0,0,0.0,Low Risk
14179.0,41,2,719.78,4,2,3,423,Recent Customer,0,0,0.0,Low Risk
14180.0,11,42,6110.75,5,5,5,555,VIP Customer,0,0,0.0,Low Risk
14181.0,411,2,310.55,2,2,2,222,Regular Customer,0,0,0.0,Low Risk
14182.0,444,5,660.07,1,4,3,143,At Risk,1,1,1.0,High Risk
14183.0,412,2,286.29,2,2,2,222,Regular Customer,0,0,0.0,Low Risk
14184.0,67,1,452.89,3,1,2,312,Regular Customer,0,0,0.0,Low Risk
14185.0,332,1,197.65,2,1,1,211,Regular Customer,0,0,0.0,Low Risk
14186.0,428,5,1550.63,1,4,4,144,At Risk,1,1,1.0,High Risk
14187.0,474,1,123.5,1,1,1,111,Regular Customer,0,0,0.0,Low Risk
14188.0,9,10,2018.91,5,4,4,544,VIP Customer,0,0,0.0,Low Risk
14189.0,3,25,5764.62,5,5,5,555,VIP Customer,0,0,0.0,Low Risk
14190.0,667,1,79.9,1,1,1,111,Regular Customer,0,0,0.0,Low Risk
14191.0,2,17,4713.41,5,5,5,555,VIP Customer,0,0,0.0,Low Risk
14192.0,389,1,293.74,2,1,2,212,Regular Customer,0,0,0.0,Low Risk
14193.0,68,3,1210.19,3,3,4,334,Regular Customer,0,0,0.0,Low Risk
14194.0,5,54,18442.87,5,5,5,555,VIP Customer,0,0,0.0,Low Risk
14195.0,202,10,2381.24,2,4,4,244,At Risk,1,1,1.0,High Risk
14196.0,107,1,335.52,3,1,2,312,Regular Customer,0,0,0.0,Low Risk
14197.0,411,1,390.05,2,1,2,212,Regular Customer,0,0,0.0,Low Risk
14198.0,5,13,1527.58,5,5,4,554,VIP Customer,0,0,0.0,Low Risk
14199.0,219,6,916.5,2,4,3,243,At Risk,1,1,1.0,High Risk
14200.0,618,1,379.2,1,1,2,112,Regular Customer,0,0,0.0,Low Risk
14201.0,61,12,1134.14,3,5,3,353,Loyal Customer,0,0,0.0,Low Risk
14202.0,382,3,847.76,2,3,3,233,At Risk,1,1,1.0,High Risk
14203.0,398,1,339.34,2,1,2,212,Regular Customer,0,0,0.0,Low Risk
14204.0,3,4,1062.96,5,3,3,533,Regular Customer,0,0,0.0,Low Risk
14205.0,11,12,1908.38,5,5,4,554,VIP Customer,0,0,0.0,Low Risk
14206.0,240,5,1145.21,2,4,3,243,At Risk,1,1,1.0,High Risk
14207.0,688,1,157.8,1,1,1,111,Regular Customer,0,0,0.0,Low Risk
14208.0,95,2,567.05,3,2,2,322,Regular Customer,0,0,0.0,Low Risk
14209.0,11,19,4937.37,5,5,5,555,VIP Customer,0,0,0.0,Low Risk
14210.0,92,21,5814.320000000001,3,5,5,355,Loyal Customer,0,0,0.0,Low Risk
14211.0,54,26,4301.69,4,5,5,455,VIP Customer,0,0,0.0,Low Risk
14212.0,90,2,2190.14,3,2,4,324,Regular Customer,0,0,0.0,Low Risk
14213.0,372,2,-1192.2,2,2,1,221,Regular Customer,0,0,0.0,Low Risk
14214.0,31,7,1000.23,4,4,3,443,Loyal Customer,0,0,0.0,Low Risk
14215.0,12,10,3404.53,5,4,5,545,VIP Customer,0,0,0.0,Low Risk
14216.0,4,6,2142.39,5,4,4,544,VIP Customer,0,0,0.0,Low Risk
14217.0,2,33,3206.87,5,5,5,555,VIP Customer,0,0,0.0,Low Risk
14218.0,43,1,169.48000000000002,4,1,1,411,Recent Customer,0,0,0.0,Low Risk
14219.0,5,3,633.83,5,3,3,533,Regular Customer,0,0,0.0,Low Risk
14220.0,248,4,1515.0,2,3,4,234,At Risk,1,1,1.0,High Risk
14221.0,43,19,6506.59,4,5,5,455,VIP Customer,0,0,0.0,Low Risk
14222.0,178,1,683.17,3,1,3,313,Regular Customer,0,0,0.0,Low Risk
14223.0,93,4,975.23,3,3,3,333,Regular Customer,0,0,0.0,Low Risk
14224.0,111,9,1897.9,3,4,4,344,Loyal Customer,0,0,0.0,Low Risk
14225.0,435,5,2015.12,1,4,4,144,At Risk,1,1,1.0,High Risk
14226.0,29,9,2967.78,4,4,5,445,VIP Customer,0,0,0.0,Low Risk
14227.0,27,22,6327.31,4,5,5,455,VIP Customer,0,0,0.0,Low Risk
14228.0,438,3,745.5,1,3,3,133,At Risk,1,1,1.0,High Risk
14229.0,52,11,2468.99,4,5,4,454,VIP Customer,0,0,0.0,Low Risk
14230.0,436,3,979.8,1,3,3,133,At Risk,1,1,1.0,High Risk
14231.0,180,6,1131.97,3,4,3,343,Loyal Customer,0,0,0.0,Low Risk
14232.0,32,8,2043.93,4,4,4,444,VIP Customer,0,0,0.0,Low Risk
14233.0,44,10,2766.96,4,4,4,444,VIP Customer,0,0,0.0,Low Risk
14234.0,23,4,775.46,4,3,3,433,Regular Customer,0,0,0.0,Low Risk
14235.0,11,10,4666.99,5,4,5,545,VIP Customer,0,0,0.0,Low Risk
14236.0,81,7,1732.74,3,4,4,344,Loyal Customer,0,0,0.0,Low Risk
14237.0,374,3,627.04,2,3,3,233,At Risk,1,1,1.0,High Risk
14238.0,327,3,434.23,2,3,2,232,At Risk,1,1,1.0,High Risk
14239.0,44,24,4203.72,4,5,5,455,VIP Customer,0,0,0.0,Low Risk
14240.0,31,3,1247.49,4,3,4,434,Regular Customer,0,0,0.0,Low Risk
14241.0,184,2,333.70000000000005,3,2,2,322,Regular Customer,0,0,0.0,Low Risk
14242.0,235,2,280.55,2,2,2,222,Regular Customer,0,0,0.0,Low Risk
14243.0,9,23,7365.36,5,5,5,555,VIP Customer,0,0,0.0,Low Risk
14244.0,660,2,354.82,1,2,2,122,Regular Customer,0,0,0.0,Low Risk
14245.0,177,5,1677.48,3,4,4,344,Loyal Customer,0,0,0.0,Low Risk
14246.0,111,3,1474.06,3,3,4,334,Regular Customer,0,0,0.0,Low Risk
14247.0,279,6,769.71,2,4,3,243,At Risk,1,1,1.0,High Risk
14248.0,319,3,1032.95,2,3,3,233,At Risk,1,1,1.0,High Risk
14249.0,411,12,5625.461,2,5,5,255,At Risk,1,1,1.0,High Risk
14250.0,8,3,1904.05,5,3,4,534,Regular Customer,0,0,0.0,Low Risk
14251.0,2,5,2879.7000000000003,5,4,5,545,VIP Customer,0,0,0.0,Low Risk
14252.0,382,1,350.99,2,1,2,212,Regular Customer,0,0,0.0,Low Risk
14253.0,494,2,363.4,1,2,2,122,Regular Customer,0,0,0.0,Low Risk
14254.0,433,1,601.03,1,1,3,113,Regular Customer,0,0,0.0,Low Risk
14255.0,547,4,-1441.6,1,3,1,131,At Risk,1,1,1.0,High Risk
14256.0,255,9,2397.34,2,4,4,244,At Risk,1,1,1.0,High Risk
14257.0,52,10,5942.0,4,4,5,445,VIP Customer,0,0,0.0,Low Risk
14258.0,10,32,31027.35,5,5,5,555,VIP Customer,0,0,0.0,Low Risk
14259.0,142,1,120.0,3,1,1,311,Regular Customer,0,0,0.0,Low Risk
14260.0,472,3,824.28,1,3,3,133,At Risk,1,1,1.0,High Risk
14261.0,51,2,1163.45,4,2,3,423,Recent Customer,0,0,0.0,Low Risk
14262.0,9,8,2618.23,5,4,4,544,VIP Customer,0,0,0.0,Low Risk
14263.0,424,1,322.93,1,1,2,112,Regular Customer,0,0,0.0,Low Risk
14264.0,155,8,1461.36,3,4,4,344,Loyal Customer,0,0,0.0,Low Risk
14265.0,110,4,1373.35,3,3,4,334,Regular Customer,0,0,0.0,Low Risk
14266.0,429,1,40.56,1,1,1,111,Regular Customer,0,0,0.0,Low Risk
14267.0,151,9,1259.19,3,4,4,344,Loyal Customer,0,0,0.0,Low Risk
14268.0,471,1,354.85,1,1,2,112,Regular Customer,0,0,0.0,Low Risk
14269.0,436,2,261.68,1,2,2,122,Regular Customer,0,0,0.0,Low Risk
14270.0,332,1,492.65,2,1,2,212,Regular Customer,0,0,0.0,Low Risk
14271.0,226,2,219.13,2,2,1,221,Regular Customer,0,0,0.0,Low Risk
14272.0,74,4,920.81,3,3,3,333,Regular Customer,0,0,0.0,Low Risk
14273.0,52,4,559.97,4,3,2,432,Regular Customer,0,0,0.0,Low Risk
14274.0,687,1,256.6,1,1,1,111,Regular Customer,0,0,0.0,Low Risk
14275.0,396,6,1189.38,2,4,4,244,At Risk,1,1,1.0,High Risk
14276.0,89,13,1929.32,3,5,4,354,Loyal Customer,0,0,0.0,Low Risk
14277.0,16,14,4324.47,5,5,5,555,VIP Customer,0,0,0.0,Low Risk
14278.0,410,1,205.83,2,1,1,211,Regular Customer,0,0,0.0,Low Risk
14279.0,521,2,191.86,1,2,1,121,Regular Customer,0,0,0.0,Low Risk
14280.0,197,1,134.04,2,1,1,211,Regular Customer,0,0,0.0,Low Risk
14281.0,409,1,245.15,2,1,1,211,Regular Customer,0,0,0.0,Low Risk
14282.0,4,26,7844.66,5,5,5,555,VIP Customer,0,0,0.0,Low Risk
14283.0,464,4,628.4399999999999,1,3,3,133,At Risk,1,1,1.0,High Risk
14284.0,31,4,1282.85,4,3,4,434,Regular Customer,0,0,0.0,Low Risk
14285.0,22,9,3158.64,4,4,5,445,VIP Customer,0,0,0.0,Low Risk
14286.0,24,12,8396.7,4,5,5,455,VIP Customer,0,0,0.0,Low Risk
14287.0,9,4,151.23000000000002,5,3,1,531,Regular Customer,0,0,0.0,Low Risk
14288.0,213,2,413.85,2,2,2,222,Regular Customer,0,0,0.0,Low Risk
14289.0,9,6,911.26,5,4,3,543,Loyal Customer,0,0,0.0,Low Risk
14290.0,12,14,4208.93,5,5,5,555,VIP Customer,0,0,0.0,Low Risk
14291.0,2,25,7844.4,5,5,5,555,VIP Customer,0,0,0.0,Low Risk
14292.0,8,27,8887.9,5,5,5,555,VIP Customer,0,0,0.0,Low Risk
14293.0,4,10,3174.33,5,4,5,545,VIP Customer,0,0,0.0,Low Risk
14294.0,408,1,375.34,2,1,2,212,Regular Customer,0,0,0.0,Low Risk
14295.0,41,8,2316.06,4,4,4,444,VIP Customer,0,0,0.0,Low Risk
14296.0,414,3,448.45,2,3,2,232,At Risk,1,1,1.0,High Risk
14297.0,18,6,1284.06,5,4,4,544,VIP Customer,0,0,0.0,Low Risk
14298.0,4,84,90489.31,5,5,5,555,VIP Customer,0,0,0.0,Low Risk
14299.0,9,41,12827.77,5,5,5,555,VIP Customer,0,0,0.0,Low Risk
14300.0,19,1,43.2,5,1,1,511,Recent Customer,0,0,0.0,Low Risk
14301.0,108,7,1956.23,3,4,4,344,Loyal Customer,0,0,0.0,Low Risk
14302.0,431,3,742.9000000000001,1,3,3,133,At Risk,1,1,1.0,High Risk
14303.0,408,2,277.94,2,2,2,222,Regular Customer,0,0,0.0,Low Risk
14304.0,223,5,1523.81,2,4,4,244,At Risk,1,1,1.0,High Risk
14305.0,72,5,1803.76,3,4,4,344,Loyal Customer,0,0,0.0,Low Risk
14306.0,52,7,3141.5,4,4,5,445,VIP Customer,0,0,0.0,Low Risk
14307.0,89,11,5063.08,3,5,5,355,Loyal Customer,0,0,0.0,Low Risk
14308.0,550,5,-849.45,1,4,1,141,At Risk,1,1,1.0,High Risk
14309.0,9,12,3747.96,5,5,5,555,VIP Customer,0,0,0.0,Low Risk
14310.0,433,1,492.1,1,1,2,112,Regular Customer,0,0,0.0,Low Risk
14311.0,226,3,435.9,2,3,2,232,At Risk,1,1,1.0,High Risk
14312.0,47,11,3090.29,4,5,5,455,VIP Customer,0,0,0.0,Low Risk
14313.0,625,1,-302.31,1,1,1,111,Regular Customer,0,0,0.0,Low Risk
14314.0,107,3,221.9,3,3,1,331,Regular Customer,0,0,0.0,Low Risk
14315.0,22,10,3168.72,4,4,5,445,VIP Customer,0,0,0.0,Low Risk
14316.0,423,6,1355.34,1,4,4,144,At Risk,1,1,1.0,High Risk
14317.0,65,1,508.58,3,1,2,312,Regular Customer,0,0,0.0,Low Risk
14318.0,461,1,158.02,1,1,1,111,Regular Customer,0,0,0.0,Low Risk
14319.0,425,2,476.9500000000001,1,2,2,122,Regular Customer,0,0,0.0,Low Risk
14320.0,207,7,1204.12,2,4,4,244,At Risk,1,1,1.0,High Risk
14321.0,11,8,2198.58,5,4,4,544,VIP Customer,0,0,0.0,Low Risk
14322.0,428,6,384.3,1,4,2,142,At Risk,1,1,1.0,High Risk
14323.0,115,4,574.26,3,3,2,332,Regular Customer,0,0,0.0,Low Risk
14324.0,410,2,701.61,2,2,3,223,Regular Customer,0,0,0.0,Low Risk
14325.0,570,1,245.48,1,1,1,111,Regular Customer,0,0,0.0,Low Risk
14326.0,235,4,923.98,2,3,3,233,At Risk,1,1,1.0,High Risk
14327.0,164,6,1894.93,3,4,4,344,Loyal Customer,0,0,0.0,Low Risk
14328.0,431,3,-445.06,1,3,1,131,At Risk,1,1,1.0,High Risk
14329.0,9,28,9735.52,5,5,5,555,VIP Customer,0,0,0.0,Low Risk
14330.0,624,1,200.63,1,1,1,111,Regular Customer,0,0,0.0,Low Risk
14331.0,125,2,462.66,3,2,2,322,Regular Customer,0,0,0.0,Low Risk
14332.0,23,5,1943.51,4,4,4,444,VIP Customer,0,0,0.0,Low Risk
14333.0,65,2,351.45,3,2,2,322,Regular Customer,0,0,0.0,Low Risk
14334.0,17,14,4292.98,5,5,5,555,VIP Customer,0,0,0.0,Low Risk
14335.0,17,2,468.26,5,2,2,522,Recent Customer,0,0,0.0,Low Risk
14336.0,17,4,1614.91,5,3,4,534,Regular Customer,0,0,0.0,Low Risk
14337.0,732,1,-658.63,1,1,1,111,Regular Customer,0,0,0.0,Low Risk
14338.0,159,5,894.1,3,4,3,343,Loyal Customer,0,0,0.0,Low Risk
14339.0,235,5,600.66,2,4,3,243,At Risk,1,1,1.0,High Risk
14340.0,219,1,134.7,2,1,1,211,Regular Customer,0,0,0.0,Low Risk
14341.0,46,20,4443.47,4,5,5,455,VIP Customer,0,0,0.0,Low Risk
14342.0,22,9,842.74,4,4,3,443,Loyal Customer,0,0,0.0,Low Risk
14343.0,422,4,1088.91,1,3,3,133,At Risk,1,1,1.0,High Risk
14344.0,128,20,3333.7000000000003,3,5,5,355,Loyal Customer,0,0,0.0,Low Risk
14345.0,39,1,108.98,4,1,1,411,Recent Customer,0,0,0.0,Low Risk
14346.0,121,5,2315.75,3,4,4,344,Loyal Customer,0,0,0.0,Low Risk
14347.0,737,1,82.6,1,1,1,111,Regular Customer,0,0,0.0,Low Risk
14348.0,261,1,409.57,2,1,2,212,Regular Customer,0,0,0.0,Low Risk
14349.0,11,1,133.5,5,1,1,511,Recent Customer,0,0,0.0,Low Risk
14350.0,271,4,947.8,2,3,3,233,At Risk,1,1,1.0,High Risk
14351.0,165,1,51.0,3,1,1,311,Regular Customer,0,0,0.0,Low Risk
14352.0,158,4,1078.96,3,3,3,333,Regular Customer,0,0,0.0,Low Risk
14353.0,216,3,376.5,2,3,2,232,At Risk,1,1,1.0,High Risk
14354.0,6,2,163.62,5,2,1,521,Recent Customer,0,0,0.0,Low Risk
14355.0,366,3,1014.45,2,3,3,233,At Risk,1,1,1.0,High Risk
14356.0,61,4,666.9399999999999,3,3,3,333,Regular Customer,0,0,0.0,Low Risk
14357.0,44,1,225.77,4,1,1,411,Recent Customer,0,0,0.0,Low Risk
14358.0,390,3,384.3,2,3,2,232,At Risk,1,1,1.0,High Risk
14359.0,20,6,882.58,4,4,3,443,Loyal Customer,0,0,0.0,Low Risk
14360.0,32,4,2128.23,4,3,4,434,Regular Customer,0,0,0.0,Low Risk
14361.0,579,1,214.71,1,1,1,111,Regular Customer,0,0,0.0,Low Risk
14362.0,23,1,161.2,4,1,1,411,Recent Customer,0,0,0.0,Low Risk
14363.0,403,2,227.47000000000003,2,2,1,221,Regular Customer,0,0,0.0,Low Risk
14364.0,109,8,3717.35,3,4,5,345,Loyal Customer,0,0,0.0,Low Risk
14365.0,395,2,634.68,2,2,3,223,Regular Customer,0,0,0.0,Low Risk
14366.0,526,1,136.0,1,1,1,111,Regular Customer,0,0,0.0,Low Risk
14367.0,9,19,9167.82,5,5,5,555,VIP Customer,0,0,0.0,Low Risk
14368.0,320,1,155.0,2,1,1,211,Regular Customer,0,0,0.0,Low Risk
14369.0,643,2,469.13,1,2,2,122,Regular Customer,0,0,0.0,Low Risk
14370.0,451,9,1092.13,1,4,3,143,At Risk,1,1,1.0,High Risk
14371.0,296,1,100.5,2,1,1,211,Regular Customer,0,0,0.0,Low Risk
14372.0,444,3,830.1800000000001,1,3,3,133,At Risk,1,1,1.0,High Risk
14373.0,359,1,76.55,2,1,1,211,Regular Customer,0,0,0.0,Low Risk
14374.0,542,1,108.0,1,1,1,111,Regular Customer,0,0,0.0,Low Risk
14375.0,186,3,1132.99,3,3,3,333,Regular Customer,0,0,0.0,Low Risk
14376.0,684,1,215.46,1,1,1,111,Regular Customer,0,0,0.0,Low Risk
14377.0,192,2,617.05,2,2,3,223,Regular Customer,0,0,0.0,Low Risk
14378.0,622,1,131.25,1,1,1,111,Regular Customer,0,0,0.0,Low Risk
14379.0,45,4,1268.91,4,3,4,434,Regular Customer,0,0,0.0,Low Risk
14380.0,604,2,-99.73,1,2,1,121,Regular Customer,0,0,0.0,Low Risk
14381.0,53,2,631.34,4,2,3,423,Recent Customer,0,0,0.0,Low Risk
14382.0,27,3,1240.85,4,3,4,434,Regular Customer,0,0,0.0,Low Risk
14383.0,39,3,1247.69,4,3,4,434,Regular Customer,0,0,0.0,Low Risk
14384.0,501,1,58.5,1,1,1,111,Regular Customer,0,0,0.0,Low Risk
14385.0,10,3,202.11,5,3,1,531,Regular Customer,0,0,0.0,Low Risk
14386.0,297,1,142.4,2,1,1,211,Regular Customer,0,0,0.0,Low Risk
14387.0,33,3,1770.56,4,3,4,434,Regular Customer,0,0,0.0,Low Risk
14388.0,9,20,6589.3,5,5,5,555,VIP Customer,0,0,0.0,Low Risk
14389.0,9,11,1821.07,5,5,4,554,VIP Customer,0,0,0.0,Low Risk
14390.0,11,18,6323.33,5,5,5,555,VIP Customer,0,0,0.0,Low Risk
14391.0,577,1,135.6,1,1,1,111,Regular Customer,0,0,0.0,Low Risk
14392.0,433,1,266.4,1,1,2,112,Regular Customer,0,0,0.0,Low Risk
14393.0,219,1,67.95,2,1,1,211,Regular Customer,0,0,0.0,Low Risk
14394.0,565,1,93.8,1,1,1,111,Regular Customer,0,0,0.0,Low Risk
14395.0,3,24,8160.81,5,5,5,555,VIP Customer,0,0,0.0,Low Risk
14396.0,66,7,2121.93,3,4,4,344,Loyal Customer,0,0,0.0,Low Risk
14397.0,1,23,2556.68,5,5,4,554,VIP Customer,0,0,0.0,Low Risk
14398.0,402,2,707.79,2,2,3,223,Regular Customer,0,0,0.0,Low Risk
14399.0,395,9,2098.16,2,4,4,244,At Risk,1,1,1.0,High Risk
14400.0,142,5,1703.0,3,4,4,344,Loyal Customer,0,0,0.0,Low Risk
14401.0,5,25,6703.4,5,5,5,555,VIP Customer,0,0,0.0,Low Risk
14402.0,653,1,285.6,1,1,2,112,Regular Customer,0,0,0.0,Low Risk
14403.0,131,9,1822.76,3,4,4,344,Loyal Customer,0,0,0.0,Low Risk
14404.0,34,15,2800.11,4,5,4,454,VIP Customer,0,0,0.0,Low Risk
14405.0,387,1,195.0,2,1,1,211,Regular Customer,0,0,0.0,Low Risk
14406.0,120,1,156.75,3,1,1,311,Regular Customer,0,0,0.0,Low Risk
14407.0,108,9,2111.08,3,4,4,344,Loyal Customer,0,0,0.0,Low Risk
14408.0,11,11,4109.77,5,5,5,555,VIP Customer,0,0,0.0,Low Risk
14409.0,72,10,3453.69,3,4,5,345,Loyal Customer,0,0,0.0,Low Risk
14410.0,16,17,2122.37,5,5,4,554,VIP Customer,0,0,0.0,Low Risk
14411.0,311,1,1063.0,2,1,3,213,Regular Customer,0,0,0.0,Low Risk
14412.0,36,4,1417.49,4,3,4,434,Regular Customer,0,0,0.0,Low Risk
14413.0,363,4,770.37,2,3,3,233,At Risk,1,1,1.0,High Risk
14414.0,92,9,2387.48,3,4,4,344,Loyal Customer,0,0,0.0,Low Risk
14415.0,2,32,11915.13,5,5,5,555,VIP Customer,0,0,0.0,Low Risk
14416.0,23,2,490.22,4,2,2,422,Recent Customer,0,0,0.0,Low Risk
14417.0,388,1,604.2,2,1,3,213,Regular Customer,0,0,0.0,Low Risk
14418.0,4,3,1937.25,5,3,4,534,Regular Customer,0,0,0.0,Low Risk
14419.0,11,7,1260.91,5,4,4,544,VIP Customer,0,0,0.0,Low Risk
14420.0,86,7,1627.72,3,4,4,344,Loyal Customer,0,0,0.0,Low Risk
14421.0,58,7,2456.62,4,4,4,444,VIP Customer,0,0,0.0,Low Risk
14422.0,1,21,10200.92,5,5,5,555,VIP Customer,0,0,0.0,Low Risk
14423.0,219,4,914.96,2,3,3,233,At Risk,1,1,1.0,High Risk
14424.0,18,1,322.08,5,1,2,512,Recent Customer,0,0,0.0,Low Risk
14425.0,428,5,635.89,1,4,3,143,At Risk,1,1,1.0,High Risk
14426.0,19,27,11103.97,5,5,5,555,VIP Customer,0,0,0.0,Low Risk
14427.0,51,4,1263.52,4,3,4,434,Regular Customer,0,0,0.0,Low Risk
14428.0,8,7,1230.14,5,4,4,544,VIP Customer,0,0,0.0,Low Risk
14429.0,404,1,516.28,2,1,2,212,Regular Customer,0,0,0.0,Low Risk
14430.0,512,5,956.4,1,4,3,143,At Risk,1,1,1.0,High Risk
14431.0,299,5,2541.6,2,4,4,244,At Risk,1,1,1.0,High Risk
14432.0,10,6,2255.51,5,4,4,544,VIP Customer,0,0,0.0,Low Risk
14433.0,466,1,289.6,1,1,2,112,Regular Customer,0,0,0.0,Low Risk
14434.0,22,6,1372.8,4,4,4,444,VIP Customer,0,0,0.0,Low Risk
14435.0,502,1,90.42,1,1,1,111,Regular Customer,0,0,0.0,Low Risk
14436.0,99,2,271.70000000000005,3,2,2,322,Regular Customer,0,0,0.0,Low Risk
14437.0,144,7,829.94,3,4,3,343,Loyal Customer,0,0,0.0,Low Risk
14438.0,307,1,131.9,2,1,1,211,Regular Customer,0,0,0.0,Low Risk
14439.0,320,5,9443.04,2,4,5,245,At Risk,1,1,1.0,High Risk
14440.0,9,15,6526.83,5,5,5,555,VIP Customer,0,0,0.0,Low Risk
14441.0,1,19,4361.59,5,5,5,555,VIP Customer,0,0,0.0,Low Risk
14442.0,2,12,5272.02,5,5,5,555,VIP Customer,0,0,0.0,Low Risk
14443.0,54,8,2351.58,4,4,4,444,VIP Customer,0,0,0.0,Low Risk
14444.0,457,1,132.04,1,1,1,111,Regular Customer,0,0,0.0,Low Risk
14445.0,456,1,221.65,1,1,1,111,Regular Customer,0,0,0.0,Low Risk
14446.0,1,5,1241.31,5,4,4,544,VIP Customer,0,0,0.0,Low Risk
14447.0,19,6,1711.73,5,4,4,544,VIP Customer,0,0,0.0,Low Risk
14448.0,10,2,375.35,5,2,2,522,Recent Customer,0,0,0.0,Low Risk
14449.0,19,8,2482.8,5,4,4,544,VIP Customer,0,0,0.0,Low Risk
14450.0,181,7,1128.44,3,4,3,343,Loyal Customer,0,0,0.0,Low Risk
14451.0,61,18,3265.59,3,5,5,355,Loyal Customer,0,0,0.0,Low Risk
14452.0,11,4,665.59,5,3,3,533,Regular Customer,0,0,0.0,Low Risk
14453.0,191,1,119.93,3,1,1,311,Regular Customer,0,0,0.0,Low Risk
14454.0,377,6,970.7,2,4,3,243,At Risk,1,1,1.0,High Risk
14455.0,433,5,594.86,1,4,3,143,At Risk,1,1,1.0,High Risk
14456.0,6,14,3047.63,5,5,5,555,VIP Customer,0,0,0.0,Low Risk
14457.0,311,1,113.64,2,1,1,211,Regular Customer,0,0,0.0,Low Risk
14458.0,381,1,237.42,2,1,1,211,Regular Customer,0,0,0.0,Low Risk
14459.0,156,3,5339.1410000000005,3,3,5,335,Regular Customer,0,0,0.0,Low Risk
14460.0,111,12,919.6,3,5,3,353,Loyal Customer,0,0,0.0,Low Risk
14461.0,149,14,6697.6,3,5,5,355,Loyal Customer,0,0,0.0,Low Risk
14462.0,64,16,2231.89,3,5,4,354,Loyal Customer,0,0,0.0,Low Risk
14463.0,99,4,786.5699999999999,3,3,3,333,Regular Customer,0,0,0.0,Low Risk
14464.0,569,2,111.0,1,2,1,121,Regular Customer,0,0,0.0,Low Risk
14465.0,247,11,3946.03,2,5,5,255,At Risk,1,1,1.0,High Risk
14466.0,30,13,4646.9,4,5,5,455,VIP Customer,0,0,0.0,Low Risk
14467.0,18,12,2220.99,5,5,4,554,VIP Customer,0,0,0.0,Low Risk
14468.0,734,1,204.24,1,1,1,111,Regular Customer,0,0,0.0,Low Risk
14469.0,417,4,2112.21,1,3,4,134,At Risk,1,1,1.0,High Risk
14470.0,12,3,712.04,5,3,3,533,Regular Customer,0,0,0.0,Low Risk
14471.0,592,2,400.95,1,2,2,122,Regular Customer,0,0,0.0,Low Risk
14472.0,104,9,2228.22,3,4,4,344,Loyal Customer,0,0,0.0,Low Risk
14473.0,75,2,234.34000000000003,3,2,1,321,Regular Customer,0,0,0.0,Low Risk
14474.0,44,3,1268.13,4,3,4,434,Regular Customer,0,0,0.0,Low Risk
14475.0,72,7,1025.12,3,4,3,343,Loyal Customer,0,0,0.0,Low Risk
14476.0,258,1,215.7,2,1,1,211,Regular Customer,0,0,0.0,Low Risk
14477.0,20,10,1960.61,4,4,4,444,VIP Customer,0,0,0.0,Low Risk
14478.0,383,4,1276.66,2,3,4,234,At Risk,1,1,1.0,High Risk
14479.0,254,4,1299.11,2,3,4,234,At Risk,1,1,1.0,High Risk
14480.0,12,5,1295.27,5,4,4,544,VIP Customer,0,0,0.0,Low Risk
14481.0,165,6,1935.32,3,4,4,344,Loyal Customer,0,0,0.0,Low Risk
14482.0,19,14,4192.25,5,5,5,555,VIP Customer,0,0,0.0,Low Risk
14483.0,150,3,249.2,3,3,1,331,Regular Customer,0,0,0.0,Low Risk
14484.0,51,4,1070.98,4,3,3,433,Regular Customer,0,0,0.0,Low Risk
14485.0,39,1,165.75,4,1,1,411,Recent Customer,0,0,0.0,Low Risk
14486.0,512,2,175.5,1,2,1,121,Regular Customer,0,0,0.0,Low Risk
14487.0,27,8,1428.11,4,4,4,444,VIP Customer,0,0,0.0,Low Risk
14488.0,52,2,1047.43,4,2,3,423,Recent Customer,0,0,0.0,Low Risk
14489.0,208,4,1574.93,2,3,4,234,At Risk,1,1,1.0,High Risk
14490.0,407,2,1273.47,2,2,4,224,Regular Customer,0,0,0.0,Low Risk
14491.0,176,2,468.13,3,2,2,322,Regular Customer,0,0,0.0,Low Risk
14492.0,431,10,1574.36,1,4,4,144,At Risk,1,1,1.0,High Risk
14493.0,8,14,5036.05,5,5,5,555,VIP Customer,0,0,0.0,Low Risk
14494.0,26,3,401.46,4,3,2,432,Regular Customer,0,0,0.0,Low Risk
14495.0,51,4,166.3,4,3,1,431,Regular Customer,0,0,0.0,Low Risk
14496.0,312,10,2645.88,2,4,4,244,At Risk,1,1,1.0,High Risk
14497.0,302,3,679.16,2,3,3,233,At Risk,1,1,1.0,High Risk
14498.0,43,10,3911.27,4,4,5,445,VIP Customer,0,0,0.0,Low Risk
14499.0,27,10,2120.62,4,4,4,444,VIP Customer,0,0,0.0,Low Risk
14500.0,89,3,356.85,3,3,2,332,Regular Customer,0,0,0.0,Low Risk
14501.0,65,3,190.31,3,3,1,331,Regular Customer,0,0,0.0,Low Risk
14502.0,20,14,2351.02,4,5,4,454,VIP Customer,0,0,0.0,Low Risk
14503.0,4,6,3543.26,5,4,5,545,VIP Customer,0,0,0.0,Low Risk
14504.0,48,4,673.26,4,3,3,433,Regular Customer,0,0,0.0,Low Risk
14505.0,18,27,11718.8,5,5,5,555,VIP Customer,0,0,0.0,Low Risk
14506.0,18,7,3290.67,5,4,5,545,VIP Customer,0,0,0.0,Low Risk
14507.0,24,14,3172.49,4,5,5,455,VIP Customer,0,0,0.0,Low Risk
14508.0,23,6,856.09,4,4,3,443,Loyal Customer,0,0,0.0,Low Risk
14509.0,535,1,110.95,1,1,1,111,Regular Customer,0,0,0.0,Low Risk
14510.0,376,4,991.98,2,3,3,233,At Risk,1,1,1.0,High Risk
14511.0,12,6,1267.41,5,4,4,544,VIP Customer,0,0,0.0,Low Risk
14512.0,188,7,1223.47,3,4,4,344,Loyal Customer,0,0,0.0,Low Risk
14513.0,101,7,770.9100000000001,3,4,3,343,Loyal Customer,0,0,0.0,Low Risk
14514.0,62,10,4594.7300000000005,3,4,5,345,Loyal Customer,0,0,0.0,Low Risk
14515.0,18,15,3718.9,5,5,5,555,VIP Customer,0,0,0.0,Low Risk
14516.0,517,1,163.92,1,1,1,111,Regular Customer,0,0,0.0,Low Risk
14517.0,34,2,330.45,4,2,2,422,Recent Customer,0,0,0.0,Low Risk
14518.0,65,1,174.37,3,1,1,311,Regular Customer,0,0,0.0,Low Risk
14519.0,684,2,206.09,1,2,1,121,Regular Customer,0,0,0.0,Low Risk
14520.0,2,2,270.6,5,2,2,522,Recent Customer,0,0,0.0,Low Risk
14521.0,478,2,167.65,1,2,1,121,Regular Customer,0,0,0.0,Low Risk
14522.0,25,8,1758.62,4,4,4,444,VIP Customer,0,0,0.0,Low Risk
14523.0,109,1,241.09,3,1,1,311,Regular Customer,0,0,0.0,Low Risk
14524.0,32,13,2933.71,4,5,5,455,VIP Customer,0,0,0.0,Low Risk
14525.0,9,21,8129.809999999999,5,5,5,555,VIP Customer,0,0,0.0,Low Risk
14526.0,390,1,262.4,2,1,2,212,Regular Customer,0,0,0.0,Low Risk
14527.0,3,190,25774.54,5,5,5,555,VIP Customer,0,0,0.0,Low Risk
14528.0,38,1,364.22,4,1,2,412,Recent Customer,0,0,0.0,Low Risk
14529.0,61,3,620.04,3,3,3,333,Regular Customer,0,0,0.0,Low Risk
14530.0,26,19,6077.15,4,5,5,455,VIP Customer,0,0,0.0,Low Risk
14531.0,480,1,376.34,1,1,2,112,Regular Customer,0,0,0.0,Low Risk
14532.0,237,12,3846.43,2,5,5,255,At Risk,1,1,1.0,High Risk
14533.0,25,15,3185.12,4,5,5,455,VIP Customer,0,0,0.0,Low Risk
14534.0,3,38,5786.42,5,5,5,555,VIP Customer,0,0,0.0,Low Risk
14535.0,60,11,5872.63,3,5,5,355,Loyal Customer,0,0,0.0,Low Risk
14536.0,260,1,171.8,2,1,1,211,Regular Customer,0,0,0.0,Low Risk
14537.0,58,3,635.45,4,3,3,433,Regular Customer,0,0,0.0,Low Risk
14538.0,65,5,1370.84,3,4,4,344,Loyal Customer,0,0,0.0,Low Risk
14539.0,16,2,537.48,5,2,2,522,Recent Customer,0,0,0.0,Low Risk
14540.0,10,12,3785.44,5,5,5,555,VIP Customer,0,0,0.0,Low Risk
14541.0,59,14,2499.68,4,5,4,454,VIP Customer,0,0,0.0,Low Risk
14542.0,186,1,103.25,3,1,1,311,Regular Customer,0,0,0.0,Low Risk
14543.0,4,50,12194.01,5,5,5,555,VIP Customer,0,0,0.0,Low Risk
14544.0,25,3,2982.43,4,3,5,435,Regular Customer,0,0,0.0,Low Risk
14545.0,675,1,349.25,1,1,2,112,Regular Customer,0,0,0.0,Low Risk
14546.0,5,20,5001.03,5,5,5,555,VIP Customer,0,0,0.0,Low Risk
14547.0,4,9,3986.74,5,4,5,545,VIP Customer,0,0,0.0,Low Risk
14548.0,151,9,2627.49,3,4,4,344,Loyal Customer,0,0,0.0,Low Risk
14549.0,312,4,916.55,2,3,3,233,At Risk,1,1,1.0,High Risk
14550.0,11,4,1353.31,5,3,4,534,Regular Customer,0,0,0.0,Low Risk
14551.0,19,9,858.59,5,4,3,543,Loyal Customer,0,0,0.0,Low Risk
14552.0,152,3,511.28,3,3,2,332,Regular Customer,0,0,0.0,Low Risk
14553.0,20,10,1816.04,4,4,4,444,VIP Customer,0,0,0.0,Low Risk
14554.0,11,4,2381.04,5,3,4,534,Regular Customer,0,0,0.0,Low Risk
14555.0,58,7,2306.48,4,4,4,444,VIP Customer,0,0,0.0,Low Risk
14556.0,597,3,835.34,1,3,3,133,At Risk,1,1,1.0,High Risk
14557.0,65,2,0.0,3,2,1,321,Regular Customer,0,0,0.0,Low Risk
14558.0,654,5,614.1,1,4,3,143,At Risk,1,1,1.0,High Risk
14559.0,391,1,75.6,2,1,1,211,Regular Customer,0,0,0.0,Low Risk
14560.0,8,46,6050.44,5,5,5,555,VIP Customer,0,0,0.0,Low Risk
14561.0,76,3,1080.76,3,3,3,333,Regular Customer,0,0,0.0,Low Risk
14562.0,4,30,6363.85,5,5,5,555,VIP Customer,0,0,0.0,Low Risk
14563.0,510,2,679.44,1,2,3,123,Regular Customer,0,0,0.0,Low Risk
14564.0,428,5,2519.32,1,4,4,144,At Risk,1,1,1.0,High Risk
14565.0,96,7,3833.87,3,4,5,345,Loyal Customer,0,0,0.0,Low Risk
14566.0,111,4,4092.0,3,3,5,335,Regular Customer,0,0,0.0,Low Risk
14567.0,36,3,1524.46,4,3,4,434,Regular Customer,0,0,0.0,Low Risk
14568.0,425,2,909.5,1,2,3,123,Regular Customer,0,0,0.0,Low Risk
14569.0,2,4,598.98,5,3,3,533,Regular Customer,0,0,0.0,Low Risk
14570.0,281,3,613.75,2,3,3,233,At Risk,1,1,1.0,High Risk
14571.0,426,1,161.65,1,1,1,111,Regular Customer,0,0,0.0,Low Risk
14572.0,4,15,5573.28,5,5,5,555,VIP Customer,0,0,0.0,Low Risk
14573.0,180,17,2571.72,3,5,4,354,Loyal Customer,0,0,0.0,Low Risk
14574.0,733,1,143.70000000000002,1,1,1,111,Regular Customer,0,0,0.0,Low Risk
14575.0,489,1,460.71,1,1,2,112,Regular Customer,0,0,0.0,Low Risk
14576.0,373,1,70.80000000000001,2,1,1,211,Regular Customer,0,0,0.0,Low Risk
14577.0,13,7,1374.25,5,4,4,544,VIP Customer,0,0,0.0,Low Risk
14578.0,4,1,168.63,5,1,1,511,Recent Customer,0,0,0.0,Low Risk
14579.0,433,1,105.56,1,1,1,111,Regular Customer,0,0,0.0,Low Risk
14580.0,519,1,14.85,1,1,1,111,Regular Customer,0,0,0.0,Low Risk
14581.0,17,2,433.8,5,2,2,522,Recent Customer,0,0,0.0,Low Risk
14582.0,41,1,114.11,4,1,1,411,Recent Customer,0,0,0.0,Low Risk
14583.0,6,8,1781.03,5,4,4,544,VIP Customer,0,0,0.0,Low Risk
14584.0,170,9,1734.91,3,4,4,344,Loyal Customer,0,0,0.0,Low Risk
14585.0,51,5,1143.27,4,4,3,443,Loyal Customer,0,0,0.0,Low Risk
14586.0,228,3,134.16,2,3,1,231,At Risk,1,1,1.0,High Risk
14587.0,19,10,1598.24,5,4,4,544,VIP Customer,0,0,0.0,Low Risk
14588.0,579,1,135.39,1,1,1,111,Regular Customer,0,0,0.0,Low Risk
14589.0,372,1,79.5,2,1,1,211,Regular Customer,0,0,0.0,Low Risk
14590.0,425,28,2884.29,1,5,5,155,At Risk,1,1,1.0,High Risk
14591.0,16,4,1447.14,5,3,4,534,Regular Customer,0,0,0.0,Low Risk
14592.0,36,3,570.46,4,3,2,432,Regular Customer,0,0,0.0,Low Risk
14593.0,22,18,3615.17,4,5,5,455,VIP Customer,0,0,0.0,Low Risk
14594.0,8,2,634.83,5,2,3,523,Recent Customer,0,0,0.0,Low Risk
14595.0,20,8,2164.45,4,4,4,444,VIP Customer,0,0,0.0,Low Risk
14596.0,627,1,229.47,1,1,1,111,Regular Customer,0,0,0.0,Low Risk
14597.0,12,6,2201.54,5,4,4,544,VIP Customer,0,0,0.0,Low Risk
14598.0,45,3,221.97,4,3,1,431,Regular Customer,0,0,0.0,Low Risk
14599.0,391,2,474.54,2,2,2,222,Regular Customer,0,0,0.0,Low Risk
14600.0,306,2,865.1700000000001,2,2,3,223,Regular Customer,0,0,0.0,Low Risk
14601.0,11,1,213.96,5,1,1,511,Recent Customer,0,0,0.0,Low Risk
14602.0,657,1,205.36,1,1,1,111,Regular Customer,0,0,0.0,Low Risk
14603.0,275,1,660.0,2,1,3,213,Regular Customer,0,0,0.0,Low Risk
14604.0,634,1,143.86,1,1,1,111,Regular Customer,0,0,0.0,Low Risk
14605.0,375,4,937.16,2,3,3,233,At Risk,1,1,1.0,High Risk
14606.0,2,259,30094.38,5,5,5,555,VIP Customer,0,0,0.0,Low Risk
14607.0,16,27,18745.56,5,5,5,555,VIP Customer,0,0,0.0,Low Risk
14608.0,5,12,3273.44,5,5,5,555,VIP Customer,0,0,0.0,Low Risk
14609.0,73,11,1366.2,3,5,4,354,Loyal Customer,0,0,0.0,Low Risk
14610.0,396,2,24.35,2,2,1,221,Regular Customer,0,0,0.0,Low Risk
14611.0,440,3,599.38,1,3,3,133,At Risk,1,1,1.0,High Risk
14612.0,416,1,877.7,1,1,3,113,Regular Customer,0,0,0.0,Low Risk
14613.0,681,1,76.32000000000001,1,1,1,111,Regular Customer,0,0,0.0,Low Risk
14614.0,387,1,295.13,2,1,2,212,Regular Customer,0,0,0.0,Low Risk
14615.0,395,6,934.26,2,4,3,243,At Risk,1,1,1.0,High Risk
14616.0,243,5,527.78,2,4,2,242,At Risk,1,1,1.0,High Risk
14617.0,403,2,190.47000000000003,2,2,1,221,Regular Customer,0,0,0.0,Low Risk
14618.0,10,9,1295.67,5,4,4,544,VIP Customer,0,0,0.0,Low Risk
14619.0,240,3,1276.31,2,3,4,234,At Risk,1,1,1.0,High Risk
14620.0,205,3,393.28,2,3,2,232,At Risk,1,1,1.0,High Risk
14621.0,2,16,2878.27,5,5,5,555,VIP Customer,0,0,0.0,Low Risk
14622.0,185,1,320.58000000000004,3,1,2,312,Regular Customer,0,0,0.0,Low Risk
14623.0,33,12,2030.83,4,5,4,454,VIP Customer,0,0,0.0,Low Risk
14624.0,58,6,814.07,4,4,3,443,Loyal Customer,0,0,0.0,Low Risk
14625.0,186,18,4391.53,3,5,5,355,Loyal Customer,0,0,0.0,Low Risk
14626.0,9,15,5374.77,5,5,5,555,VIP Customer,0,0,0.0,Low Risk
14627.0,312,3,406.4,2,3,2,232,At Risk,1,1,0.98,High Risk
14628.0,92,5,1998.0,3,4,4,344,Loyal Customer,0,0,0.0,Low Risk
14629.0,5,3,939.21,5,3,3,533,Regular Customer,0,0,0.0,Low Risk
14630.0,485,1,338.65,1,1,2,112,Regular Customer,0,0,0.0,Low Risk
14631.0,51,7,2023.17,4,4,4,444,VIP Customer,0,0,0.0,Low Risk
14632.0,263,1,114.56,2,1,1,211,Regular Customer,0,0,0.0,Low Risk
14633.0,267,1,344.90000000000003,2,1,2,212,Regular Customer,0,0,0.0,Low Risk
14634.0,438,7,1971.82,1,4,4,144,At Risk,1,1,1.0,High Risk
14635.0,454,1,215.22,1,1,1,111,Regular Customer,0,0,0.0,Low Risk
14636.0,37,2,609.85,4,2,3,423,Recent Customer,0,0,0.0,Low Risk
14637.0,678,1,106.68,1,1,1,111,Regular Customer,0,0,0.0,Low Risk
14638.0,51,1,443.6,4,1,2,412,Recent Customer,0,0,0.0,Low Risk
14639.0,53,11,4946.81,4,5,5,455,VIP Customer,0,0,0.0,Low Risk
14640.0,16,16,3464.03,5,5,5,555,VIP Customer,0,0,0.0,Low Risk
14641.0,22,1,110.46,4,1,1,411,Recent Customer,0,0,0.0,Low Risk
14642.0,59,1,96.12,4,1,1,411,Recent Customer,0,0,0.0,Low Risk
14643.0,171,6,1654.69,3,4,4,344,Loyal Customer,0,0,0.0,Low Risk
14644.0,10,12,2077.47,5,5,4,554,VIP Customer,0,0,0.0,Low Risk
14645.0,157,4,840.24,3,3,3,333,Regular Customer,0,0,0.0,Low Risk
14646.0,2,164,523342.07,5,5,5,555,VIP Customer,0,0,0.0,Low Risk
14647.0,202,2,519.97,2,2,2,222,Regular Customer,0,0,0.0,Low Risk
14648.0,404,19,4458.21,2,5,5,255,At Risk,1,1,1.0,High Risk
14649.0,5,11,3754.16,5,5,5,555,VIP Customer,0,0,0.0,Low Risk
14650.0,590,1,62.5,1,1,1,111,Regular Customer,0,0,0.0,Low Risk
14651.0,68,9,2034.12,3,4,4,344,Loyal Customer,0,0,0.0,Low Risk
14652.0,78,1,114.18,3,1,1,311,Regular Customer,0,0,0.0,Low Risk
14653.0,2,12,3614.54,5,5,5,555,VIP Customer,0,0,0.0,Low Risk
14654.0,739,1,246.86,1,1,1,111,Regular Customer,0,0,0.0,Low Risk
14655.0,4,12,3829.23,5,5,5,555,VIP Customer,0,0,0.0,Low Risk
14656.0,170,5,814.65,3,4,3,343,Loyal Customer,0,0,0.0,Low Risk
14657.0,18,7,1450.92,5,4,4,544,VIP Customer,0,0,0.0,Low Risk
14658.0,6,2,247.15,5,2,1,521,Recent Customer,0,0,0.0,Low Risk
14659.0,9,12,2456.53,5,5,4,554,VIP Customer,0,0,0.0,Low Risk
14660.0,87,2,285.74,3,2,2,322,Regular Customer,0,0,0.0,Low Risk
14661.0,27,1,107.95,4,1,1,411,Recent Customer,0,0,0.0,Low Risk
14662.0,29,7,1416.33,4,4,4,444,VIP Customer,0,0,0.0,Low Risk
14663.0,431,2,490.6,1,2,2,122,Regular Customer,0,0,0.0,Low Risk
14664.0,20,2,637.89,4,2,3,423,Recent Customer,0,0,0.0,Low Risk
14665.0,61,9,2172.33,3,4,4,344,Loyal Customer,0,0,0.0,Low Risk
14666.0,25,1,195.25,4,1,1,411,Recent Customer,0,0,0.0,Low Risk
14667.0,11,61,21720.59,5,5,5,555,VIP Customer,0,0,0.0,Low Risk
14668.0,446,1,111.63,1,1,1,111,Regular Customer,0,0,0.0,Low Risk
14669.0,242,7,3243.93,2,4,5,245,At Risk,1,1,1.0,High Risk
14670.0,281,3,602.0,2,3,3,233,At Risk,1,1,1.0,High Risk
14671.0,550,2,1127.45,1,2,3,123,Regular Customer,0,0,0.0,Low Risk
14672.0,235,4,1113.14,2,3,3,233,At Risk,1,1,1.0,High Risk
14673.0,4,7,3410.81,5,4,5,545,VIP Customer,0,0,0.0,Low Risk
14674.0,510,1,173.66,1,1,1,111,Regular Customer,0,0,0.0,Low Risk
14675.0,17,2,1066.9,5,2,3,523,Recent Customer,0,0,0.0,Low Risk
14676.0,32,16,8285.49,4,5,5,455,VIP Customer,0,0,0.0,Low Risk
14677.0,593,1,184.91,1,1,1,111,Regular Customer,0,0,0.0,Low Risk
14678.0,572,2,386.44,1,2,2,122,Regular Customer,0,0,0.0,Low Risk
14679.0,372,5,1270.4,2,4,4,244,At Risk,1,1,1.0,High Risk
14680.0,26,87,54801.34,4,5,5,455,VIP Customer,0,0,0.0,Low Risk
14681.0,72,6,875.1500000000001,3,4,3,343,Loyal Customer,0,0,0.0,Low Risk
14682.0,188,6,1514.81,3,4,4,344,Loyal Customer,0,0,0.0,Low Risk
14683.0,589,1,146.56,1,1,1,111,Regular Customer,0,0,0.0,Low Risk
14684.0,26,6,1468.55,4,4,4,444,VIP Customer,0,0,0.0,Low Risk
14685.0,577,13,4324.31,1,5,5,155,At Risk,1,1,1.0,High Risk
14686.0,415,6,877.88,1,4,3,143,At Risk,1,1,0.995,High Risk
14687.0,107,3,1402.06,3,3,4,334,Regular Customer,0,0,0.0,Low Risk
14688.0,8,34,7190.08,5,5,5,555,VIP Customer,0,0,0.0,Low Risk
14689.0,209,1,112.8,2,1,1,211,Regular Customer,0,0,0.0,Low Risk
14690.0,45,5,781.24,4,4,3,443,Loyal Customer,0,0,0.0,Low Risk
14691.0,31,5,2114.33,4,4,4,444,VIP Customer,0,0,0.0,Low Risk
14692.0,138,13,1735.59,3,5,4,354,Loyal Customer,0,0,0.0,Low Risk
14693.0,265,8,1139.86,2,4,3,243,At Risk,1,1,1.0,High Risk
14694.0,618,1,244.31,1,1,1,111,Regular Customer,0,0,0.0,Low Risk
14695.0,520,4,1552.57,1,3,4,134,At Risk,1,1,1.0,High Risk
14696.0,5,10,2758.67,5,4,4,544,VIP Customer,0,0,0.0,Low Risk
14697.0,219,2,188.61,2,2,1,221,Regular Customer,0,0,0.0,Low Risk
14698.0,2,5,1250.76,5,4,4,544,VIP Customer,0,0,0.0,Low Risk
14699.0,215,4,702.6,2,3,3,233,At Risk,1,1,1.0,High Risk
14700.0,33,5,3116.26,4,4,5,445,VIP Customer,0,0,0.0,Low Risk
14701.0,11,18,4498.94,5,5,5,555,VIP Customer,0,0,0.0,Low Risk
14702.0,2,32,6695.72,5,5,5,555,VIP Customer,0,0,0.0,Low Risk
14703.0,15,1,318.17,5,1,2,512,Recent Customer,0,0,0.0,Low Risk
14704.0,12,11,1813.57,5,5,4,554,VIP Customer,0,0,0.0,Low Risk
14705.0,199,1,179.0,2,1,1,211,Regular Customer,0,0,0.0,Low Risk
14706.0,619,1,390.69,1,1,2,112,Regular Customer,0,0,0.0,Low Risk
14707.0,436,2,139.2,1,2,1,121,Regular Customer,0,0,0.0,Low Risk
14708.0,3,6,2182.58,5,4,4,544,VIP Customer,0,0,0.0,Low Risk
14709.0,16,27,8866.48,5,5,5,555,VIP Customer,0,0,0.0,Low Risk
14710.0,15,13,1922.59,5,5,4,554,VIP Customer,0,0,0.0,Low Risk
14711.0,11,12,2838.2,5,5,4,554,VIP Customer,0,0,0.0,Low Risk
14712.0,30,4,1328.0700000000002,4,3,4,434,Regular Customer,0,0,0.0,Low Risk
14713.0,10,25,5372.47,5,5,5,555,VIP Customer,0,0,0.0,Low Risk
14714.0,25,7,896.4,4,4,3,443,Loyal Customer,0,0,0.0,Low Risk
14715.0,25,8,1840.45,4,4,4,444,VIP Customer,0,0,0.0,Low Risk
14716.0,44,3,565.45,4,3,2,432,Regular Customer,0,0,0.0,Low Risk
14717.0,734,2,72.8,1,2,1,121,Regular Customer,0,0,0.0,Low Risk
14718.0,411,1,226.42,2,1,1,211,Regular Customer,0,0,0.0,Low Risk
14719.0,2,6,1592.18,5,4,4,544,VIP Customer,0,0,0.0,Low Risk
14720.0,6,3,663.81,5,3,3,533,Regular Customer,0,0,0.0,Low Risk
14721.0,380,1,115.77,2,1,1,211,Regular Customer,0,0,0.0,Low Risk
14722.0,148,3,513.37,3,3,2,332,Regular Customer,0,0,0.0,Low Risk
14723.0,11,11,2093.06,5,5,4,554,VIP Customer,0,0,0.0,Low Risk
14724.0,591,1,345.25,1,1,2,112,Regular Customer,0,0,0.0,Low Risk
14725.0,25,5,1264.84,4,4,4,444,VIP Customer,0,0,0.0,Low Risk
14726.0,655,1,124.75,1,1,1,111,Regular Customer,0,0,0.0,Low Risk
14727.0,275,4,291.13,2,3,2,232,At Risk,1,1,1.0,High Risk
14728.0,414,1,190.58,2,1,1,211,Regular Customer,0,0,0.0,Low Risk
14729.0,374,3,907.38,2,3,3,233,At Risk,1,1,1.0,High Risk
14730.0,2,8,2005.06,5,4,4,544,VIP Customer,0,0,0.0,Low Risk
14731.0,48,3,380.02,4,3,2,432,Regular Customer,0,0,0.0,Low Risk
14732.0,9,24,5447.52,5,5,5,555,VIP Customer,0,0,0.0,Low Risk
14733.0,10,18,16050.6,5,5,5,555,VIP Customer,0,0,0.0,Low Risk
14734.0,417,5,1045.47,1,4,3,143,At Risk,1,1,1.0,High Risk
14735.0,4,59,11909.71,5,5,5,555,VIP Customer,0,0,0.0,Low Risk
14736.0,486,2,401.08,1,2,2,122,Regular Customer,0,0,0.0,Low Risk
14737.0,4,4,3554.17,5,3,5,535,Regular Customer,0,0,0.0,Low Risk
14738.0,40,12,1763.64,4,5,4,454,VIP Customer,0,0,0.0,Low Risk
14739.0,3,28,12269.57,5,5,5,555,VIP Customer,0,0,0.0,Low Risk
14740.0,192,13,4068.86,2,5,5,255,At Risk,1,1,0.99,High Risk
14741.0,12,7,1897.59,5,4,4,544,VIP Customer,0,0,0.0,Low Risk
14742.0,436,1,579.85,1,1,2,112,Regular Customer,0,0,0.0,Low Risk
14743.0,593,1,50.48,1,1,1,111,Regular Customer,0,0,0.0,Low Risk
14744.0,17,17,3821.02,5,5,5,555,VIP Customer,0,0,0.0,Low Risk
14745.0,113,17,2491.46,3,5,4,354,Loyal Customer,0,0,0.0,Low Risk
14746.0,407,4,593.5,2,3,3,233,At Risk,1,1,1.0,High Risk
14747.0,248,2,294.3,2,2,2,222,Regular Customer,0,0,0.0,Low Risk
14748.0,30,16,2672.25,4,5,4,454,VIP Customer,0,0,0.0,Low Risk
14749.0,480,1,310.15,1,1,2,112,Regular Customer,0,0,0.0,Low Risk
14750.0,737,1,112.03,1,1,1,111,Regular Customer,0,0,0.0,Low Risk
14751.0,685,2,126.45,1,2,1,121,Regular Customer,0,0,0.0,Low Risk
14752.0,44,1,389.64,4,1,2,412,Recent Customer,0,0,0.0,Low Risk
14753.0,88,2,869.51,3,2,3,323,Regular Customer,0,0,0.0,Low Risk
14754.0,45,7,1546.28,4,4,4,444,VIP Customer,0,0,0.0,Low Risk
14755.0,10,30,9851.45,5,5,5,555,VIP Customer,0,0,0.0,Low Risk
14756.0,16,4,2613.46,5,3,4,534,Regular Customer,0,0,0.0,Low Risk
14757.0,76,1,420.5,3,1,2,312,Regular Customer,0,0,0.0,Low Risk
14758.0,145,7,2864.97,3,4,5,345,Loyal Customer,0,0,0.0,Low Risk
14759.0,5,3,1625.97,5,3,4,534,Regular Customer,0,0,0.0,Low Risk
14760.0,295,2,53.8,2,2,1,221,Regular Customer,0,0,0.0,Low Risk
14761.0,59,3,447.92,4,3,2,432,Regular Customer,0,0,0.0,Low Risk
14762.0,264,2,417.57,2,2,2,222,Regular Customer,0,0,0.0,Low Risk
14763.0,733,1,-9.95,1,1,1,111,Regular Customer,0,0,0.0,Low Risk
14764.0,44,2,250.55,4,2,1,421,Recent Customer,0,0,0.0,Low Risk
14765.0,30,3,254.11,4,3,1,431,Regular Customer,0,0,0.0,Low Risk
14766.0,9,14,6431.9800000000005,5,5,5,555,VIP Customer,0,0,0.0,Low Risk
14767.0,475,1,382.81,1,1,2,112,Regular Customer,0,0,0.0,Low Risk
14768.0,18,3,139.5,5,3,1,531,Regular Customer,0,0,0.0,Low Risk
14769.0,3,21,15696.67,5,5,5,555,VIP Customer,0,0,0.0,Low Risk
14770.0,233,9,3624.89,2,4,5,245,At Risk,1,1,1.0,High Risk
14771.0,606,3,579.92,1,3,2,132,At Risk,1,1,1.0,High Risk
14772.0,113,1,139.26,3,1,1,311,Regular Customer,0,0,0.0,Low Risk
14773.0,589,2,125.7,1,2,1,121,Regular Customer,0,0,0.0,Low Risk
14774.0,529,1,241.45,1,1,1,111,Regular Customer,0,0,0.0,Low Risk
14775.0,59,3,1418.46,4,3,4,434,Regular Customer,0,0,0.0,Low Risk
14776.0,52,19,3339.02,4,5,5,455,VIP Customer,0,0,0.0,Low Risk
14777.0,5,4,239.26,5,3,1,531,Regular Customer,0,0,0.0,Low Risk
14778.0,128,2,730.86,3,2,3,323,Regular Customer,0,0,0.0,Low Risk
14779.0,281,3,386.15,2,3,2,232,At Risk,1,1,1.0,High Risk
14780.0,55,2,447.68,4,2,2,422,Recent Customer,0,0,0.0,Low Risk
14781.0,421,1,-530.31,1,1,1,111,Regular Customer,0,0,0.005,Low Risk
14782.0,320,1,200.1,2,1,1,211,Regular Customer,0,0,0.0,Low Risk
14783.0,656,2,305.35,1,2,2,122,Regular Customer,0,0,0.0,Low Risk
14784.0,27,3,449.93,4,3,2,432,Regular Customer,0,0,0.0,Low Risk
14785.0,11,2,77.4,5,2,1,521,Recent Customer,0,0,0.0,Low Risk
14786.0,551,1,90.96,1,1,1,111,Regular Customer,0,0,0.0,Low Risk
14787.0,472,1,110.65,1,1,1,111,Regular Customer,0,0,0.0,Low Risk
14788.0,8,3,1156.32,5,3,3,533,Regular Customer,0,0,0.0,Low Risk
14789.0,29,1,197.64,4,1,1,411,Recent Customer,0,0,0.0,Low Risk
14790.0,17,10,2526.62,5,4,4,544,VIP Customer,0,0,0.0,Low Risk
14791.0,607,1,303.63,1,1,2,112,Regular Customer,0,0,0.0,Low Risk
14792.0,64,2,0.0,3,2,1,321,Regular Customer,0,0,0.0,Low Risk
14793.0,5,3,611.0500000000001,5,3,3,533,Regular Customer,0,0,0.0,Low Risk
14794.0,3,13,1889.15,5,5,4,554,VIP Customer,0,0,0.0,Low Risk
14795.0,167,1,131.45000000000002,3,1,1,311,Regular Customer,0,0,0.0,Low Risk
14796.0,2,39,10691.12,5,5,5,555,VIP Customer,0,0,0.0,Low Risk
14797.0,508,1,300.31,1,1,2,112,Regular Customer,0,0,0.0,Low Risk
14798.0,53,9,715.11,4,4,3,443,Loyal Customer,0,0,0.0,Low Risk
14799.0,52,2,338.15,4,2,2,422,Recent Customer,0,0,0.0,Low Risk
14800.0,48,23,7415.59,4,5,5,455,VIP Customer,0,0,0.0,Low Risk
14801.0,62,1,193.14,3,1,1,311,Regular Customer,0,0,0.0,Low Risk
14802.0,431,6,-1502.98,1,4,1,141,At Risk,1,1,1.0,High Risk
14803.0,163,3,845.55,3,3,3,333,Regular Customer,0,0,0.0,Low Risk
14804.0,9,1,353.27,5,1,2,512,Recent Customer,0,0,0.0,Low Risk
14805.0,16,7,1104.64,5,4,3,543,Loyal Customer,0,0,0.0,Low Risk
14806.0,76,2,303.43,3,2,2,322,Regular Customer,0,0,0.0,Low Risk
14807.0,391,2,519.29,2,2,2,222,Regular Customer,0,0,0.0,Low Risk
14808.0,40,15,2175.37,4,5,4,454,VIP Customer,0,0,0.0,Low Risk
14809.0,622,2,686.76,1,2,3,123,Regular Customer,0,0,0.0,Low Risk
14810.0,41,13,2537.02,4,5,4,454,VIP Customer,0,0,0.0,Low Risk
14811.0,388,1,170.5,2,1,1,211,Regular Customer,0,0,0.0,Low Risk
14812.0,599,1,185.8,1,1,1,111,Regular Customer,0,0,0.0,Low Risk
14813.0,370,4,1090.87,2,3,3,233,At Risk,1,1,1.0,High Risk
14814.0,582,1,160.46,1,1,1,111,Regular Customer,0,0,0.005,Low Risk
14815.0,37,2,778.5,4,2,3,423,Recent Customer,0,0,0.0,Low Risk
14816.0,198,1,271.85,2,1,2,212,Regular Customer,0,0,0.0,Low Risk
14817.0,201,9,3889.21,2,4,5,245,At Risk,1,1,1.0,High Risk
14818.0,74,6,1170.41,3,4,3,343,Loyal Customer,0,0,0.0,Low Risk
14819.0,65,4,470.16,3,3,2,332,Regular Customer,0,0,0.0,Low Risk
14820.0,22,9,1274.76,4,4,4,444,VIP Customer,0,0,0.0,Low Risk
14821.0,367,7,1286.45,2,4,4,244,At Risk,1,1,1.0,High Risk
14822.0,486,1,157.70000000000002,1,1,1,111,Regular Customer,0,0,0.0,Low Risk
14823.0,181,3,321.43,3,3,2,332,Regular Customer,0,0,0.0,Low Risk
14824.0,11,12,3952.51,5,5,5,555,VIP Customer,0,0,0.0,Low Risk
14825.0,4,27,4886.28,5,5,5,555,VIP Customer,0,0,0.0,Low Risk
14826.0,582,2,385.2,1,2,2,122,Regular Customer,0,0,0.0,Low Risk
14827.0,666,1,0.0,1,1,1,111,Regular Customer,0,0,0.0,Low Risk
14828.0,197,14,9803.46,2,5,5,255,At Risk,1,1,1.0,High Risk
14829.0,30,9,1639.94,4,4,4,444,VIP Customer,0,0,0.0,Low Risk
14830.0,54,1,197.13,4,1,1,411,Recent Customer,0,0,0.0,Low Risk
14831.0,575,7,1623.97,1,4,4,144,At Risk,1,1,1.0,High Risk
14832.0,631,3,-274.63,1,3,1,131,At Risk,1,1,0.99,High Risk
14833.0,499,1,94.8,1,1,1,111,Regular Customer,0,0,0.0,Low Risk
14834.0,18,9,2184.21,5,4,4,544,VIP Customer,0,0,0.0,Low Risk
14835.0,528,3,293.1,1,3,2,132,At Risk,1,1,1.0,High Risk
14836.0,11,3,102.45,5,3,1,531,Regular Customer,0,0,0.0,Low Risk
14837.0,90,12,3445.82,3,5,5,355,Loyal Customer,0,0,0.0,Low Risk
14838.0,424,2,773.6700000000001,1,2,3,123,Regular Customer,0,0,0.0,Low Risk
14839.0,419,3,915.28,1,3,3,133,At Risk,1,1,1.0,High Risk
14840.0,268,3,340.21,2,3,2,232,At Risk,1,1,1.0,High Risk
14841.0,54,14,7163.0,4,5,5,455,VIP Customer,0,0,0.0,Low Risk
14842.0,36,8,2456.8,4,4,4,444,VIP Customer,0,0,0.0,Low Risk
14843.0,437,1,211.8,1,1,1,111,Regular Customer,0,0,0.0,Low Risk
14844.0,64,12,6688.43,3,5,5,355,Loyal Customer,0,0,0.0,Low Risk
14845.0,600,1,150.0,1,1,1,111,Regular Customer,0,0,0.0,Low Risk
14846.0,424,2,406.8,1,2,2,122,Regular Customer,0,0,0.0,Low Risk
14847.0,149,4,1320.6,3,3,4,334,Regular Customer,0,0,0.0,Low Risk
14848.0,405,1,310.56,2,1,2,212,Regular Customer,0,0,0.0,Low Risk
14849.0,22,50,15542.44,4,5,5,455,VIP Customer,0,0,0.0,Low Risk
14850.0,312,9,1575.21,2,4,4,244,At Risk,1,1,1.0,High Risk
14851.0,24,3,829.4100000000001,4,3,3,433,Regular Customer,0,0,0.0,Low Risk
14852.0,59,21,6123.63,4,5,5,455,VIP Customer,0,0,0.0,Low Risk
14853.0,9,7,1351.37,5,4,4,544,VIP Customer,0,0,0.0,Low Risk
14854.0,79,14,4302.17,3,5,5,355,Loyal Customer,0,0,0.0,Low Risk
14855.0,120,7,6520.3,3,4,5,345,Loyal Customer,0,0,0.0,Low Risk
14856.0,37,3,1311.38,4,3,4,434,Regular Customer,0,0,0.0,Low Risk
14857.0,60,10,3578.931,3,5,5,355,Loyal Customer,0,0,0.0,Low Risk
14858.0,506,1,180.75,1,1,1,111,Regular Customer,0,0,0.0,Low Risk
14859.0,13,6,1703.94,5,4,4,544,VIP Customer,0,0,0.0,Low Risk
14860.0,9,2,168.62,5,2,1,521,Recent Customer,0,0,0.0,Low Risk
14861.0,53,14,1318.4,4,5,4,454,VIP Customer,0,0,0.0,Low Risk
14862.0,26,2,841.1999999999999,4,2,3,423,Recent Customer,0,0,0.0,Low Risk
14863.0,30,1,266.76,4,1,2,412,Recent Customer,0,0,0.0,Low Risk
14864.0,732,1,-48.75,1,1,1,111,Regular Customer,0,0,0.0,Low Risk
14865.0,8,4,129.72,5,3,1,531,Regular Customer,0,0,0.0,Low Risk
14866.0,11,20,20657.77,5,5,5,555,VIP Customer,0,0,0.0,Low Risk
14867.0,186,19,2901.46,3,5,5,355,Loyal Customer,0,0,0.0,Low Risk
14868.0,4,13,4170.06,5,5,5,555,VIP Customer,0,0,0.0,Low Risk
14869.0,4,9,2776.8,5,4,4,544,VIP Customer,0,0,0.0,Low Risk
14870.0,262,9,1794.6,2,4,4,244,At Risk,1,1,1.0,High Risk
14871.0,4,9,1258.97,5,4,4,544,VIP Customer,0,0,0.0,Low Risk
14872.0,481,4,802.6800000000001,1,3,3,133,At Risk,1,1,1.0,High Risk
14873.0,211,2,854.13,2,2,3,223,Regular Customer,0,0,0.0,Low Risk
14874.0,536,1,116.18,1,1,1,111,Regular Customer,0,0,0.0,Low Risk
14875.0,10,7,2841.55,5,4,4,544,VIP Customer,0,0,0.0,Low Risk
14876.0,522,2,256.7,1,2,1,121,Regular Customer,0,0,0.0,Low Risk
14877.0,419,2,437.0,1,2,2,122,Regular Customer,0,0,0.0,Low Risk
14878.0,13,28,3812.22,5,5,5,555,VIP Customer,0,0,0.0,Low Risk
14879.0,685,1,185.06,1,1,1,111,Regular Customer,0,0,0.0,Low Risk
14880.0,78,3,706.19,3,3,3,333,Regular Customer,0,0,0.0,Low Risk
14881.0,20,1,255.4,4,1,1,411,Recent Customer,0,0,0.0,Low Risk
14882.0,27,15,3426.55,4,5,5,455,VIP Customer,0,0,0.0,Low Risk
14883.0,19,7,756.64,5,4,3,543,Loyal Customer,0,0,0.0,Low Risk
14884.0,670,1,120.6,1,1,1,111,Regular Customer,0,0,0.0,Low Risk
14885.0,132,4,1496.12,3,3,4,334,Regular Customer,0,0,0.0,Low Risk
14886.0,253,1,364.8,2,1,2,212,Regular Customer,0,0,0.0,Low Risk
14887.0,80,1,1862.0,3,1,4,314,Regular Customer,0,0,0.0,Low Risk
14888.0,208,1,369.2,2,1,2,212,Regular Customer,0,0,0.0,Low Risk
14889.0,337,1,135.9,2,1,1,211,Regular Customer,0,0,0.0,Low Risk
14890.0,254,3,817.25,2,3,3,233,At Risk,1,1,1.0,High Risk
14891.0,149,4,1106.73,3,3,3,333,Regular Customer,0,0,0.0,Low Risk
14892.0,691,1,202.35,1,1,1,111,Regular Customer,0,0,0.0,Low Risk
14893.0,10,6,1782.26,5,4,4,544,VIP Customer,0,0,0.0,Low Risk
14894.0,86,5,1412.21,3,4,4,344,Loyal Customer,0,0,0.0,Low Risk
14895.0,8,48,24488.82,5,5,5,555,VIP Customer,0,0,0.0,Low Risk
14896.0,205,10,1973.47,2,5,4,254,At Risk,1,1,1.0,High Risk
14897.0,8,9,3100.74,5,4,5,545,VIP Customer,0,0,0.0,Low Risk
14898.0,24,18,3356.86,4,5,5,455,VIP Customer,0,0,0.0,Low Risk
14899.0,396,1,1384.88,2,1,4,214,Regular Customer,0,0,0.0,Low Risk
14900.0,523,1,13.919999999999998,1,1,1,111,Regular Customer,0,0,0.0,Low Risk
14901.0,12,13,2277.05,5,5,4,554,VIP Customer,0,0,0.0,Low Risk
14902.0,22,5,1000.27,4,4,3,443,Loyal Customer,0,0,0.0,Low Risk
14903.0,22,10,2744.48,4,5,4,454,VIP Customer,0,0,0.0,Low Risk
14904.0,3,4,1640.64,5,3,4,534,Regular Customer,0,0,0.0,Low Risk
14905.0,155,10,1939.69,3,5,4,354,Loyal Customer,0,0,0.0,Low Risk
14906.0,446,3,-66.98,1,3,1,131,At Risk,1,1,1.0,High Risk
14907.0,4,23,6094.6900000000005,5,5,5,555,VIP Customer,0,0,0.0,Low Risk
14908.0,75,2,381.9,3,2,2,322,Regular Customer,0,0,0.0,Low Risk
14909.0,429,5,1380.98,1,4,4,144,At Risk,1,1,1.0,High Risk
14910.0,3,7,389.86,5,4,2,542,Loyal Customer,0,0,0.0,Low Risk
14911.0,2,510,270248.53,5,5,5,555,VIP Customer,0,0,0.0,Low Risk
14912.0,17,11,748.5799999999998,5,5,3,553,Loyal Customer,0,0,0.0,Low Risk
14913.0,36,8,4073.13,4,4,5,445,VIP Customer,0,0,0.0,Low Risk
14914.0,606,1,-5.85,1,1,1,111,Regular Customer,0,0,0.0,Low Risk
14915.0,86,13,1752.65,3,5,4,354,Loyal Customer,0,0,0.0,Low Risk
14916.0,71,11,2888.21,3,5,5,355,Loyal Customer,0,0,0.0,Low Risk
14917.0,597,2,1123.75,1,2,3,123,Regular Customer,0,0,0.0,Low Risk
14918.0,116,9,5955.81,3,4,5,345,Loyal Customer,0,0,0.0,Low Risk
14919.0,540,1,359.35,1,1,2,112,Regular Customer,0,0,0.0,Low Risk
14920.0,213,3,1607.17,2,3,4,234,At Risk,1,1,1.0,High Risk
14921.0,31,2,1316.07,4,2,4,424,Recent Customer,0,0,0.0,Low Risk
14922.0,394,2,843.74,2,2,3,223,Regular Customer,0,0,0.0,Low Risk
14923.0,51,1,749.1,4,1,3,413,Recent Customer,0,0,0.0,Low Risk
14924.0,246,3,931.01,2,3,3,233,At Risk,1,1,1.0,High Risk
14925.0,732,1,-7.95,1,1,1,111,Regular Customer,0,0,0.0,Low Risk
14926.0,382,3,337.65,2,3,2,232,At Risk,1,1,1.0,High Risk
14927.0,397,1,308.2,2,1,2,212,Regular Customer,0,0,0.0,Low Risk
14928.0,620,2,204.46,1,2,1,121,Regular Customer,0,0,0.0,Low Risk
14929.0,33,2,836.69,4,2,3,423,Recent Customer,0,0,0.0,Low Risk
14930.0,109,9,5136.64,3,4,5,345,Loyal Customer,0,0,0.0,Low Risk
14931.0,5,6,964.68,5,4,3,543,Loyal Customer,0,0,0.0,Low Risk
14932.0,366,2,1029.66,2,2,3,223,Regular Customer,0,0,0.0,Low Risk
14933.0,444,5,885.0,1,4,3,143,At Risk,1,1,1.0,High Risk
14934.0,73,9,2444.1,3,4,4,344,Loyal Customer,0,0,0.0,Low Risk
14935.0,298,2,2849.83,2,2,4,224,Regular Customer,0,0,0.0,Low Risk
14936.0,10,14,12378.46,5,5,5,555,VIP Customer,0,0,0.0,Low Risk
14937.0,57,4,1617.63,4,3,4,434,Regular Customer,0,0,0.0,Low Risk
14938.0,503,4,2289.43,1,3,4,134,At Risk,1,1,1.0,High Risk
14939.0,631,1,-934.66,1,1,1,111,Regular Customer,0,0,0.0,Low Risk
14940.0,418,2,531.49,1,2,2,122,Regular Customer,0,0,0.0,Low Risk
14941.0,579,1,182.1,1,1,1,111,Regular Customer,0,0,0.0,Low Risk
14942.0,402,5,706.56,2,4,3,243,At Risk,1,1,1.0,High Risk
14943.0,664,1,107.62,1,1,1,111,Regular Customer,0,0,0.0,Low Risk
14944.0,30,24,9674.92,4,5,5,455,VIP Customer,0,0,0.0,Low Risk
14945.0,414,1,179.4,2,1,1,211,Regular Customer,0,0,0.0,Low Risk
14946.0,15,1,100.9,5,1,1,511,Recent Customer,0,0,0.0,Low Risk
14947.0,73,6,1049.79,3,4,3,343,Loyal Customer,0,0,0.0,Low Risk
14948.0,24,7,1066.57,4,4,3,443,Loyal Customer,0,0,0.0,Low Risk
14949.0,460,6,498.55,1,4,2,142,At Risk,1,1,1.0,High Risk
14950.0,9,2,361.25,5,2,2,522,Recent Customer,0,0,0.0,Low Risk
14951.0,80,1,311.69,3,1,2,312,Regular Customer,0,0,0.0,Low Risk
14952.0,47,43,17244.25,4,5,5,455,VIP Customer,0,0,0.0,Low Risk
14953.0,26,5,1005.37,4,4,3,443,Loyal Customer,0,0,0.0,Low Risk
14954.0,13,2,503.44,5,2,2,522,Recent Customer,0,0,0.0,Low Risk
14955.0,733,1,163.77,1,1,1,111,Regular Customer,0,0,0.0,Low Risk
14956.0,422,1,1325.0,1,1,4,114,Regular Customer,0,0,0.0,Low Risk
14957.0,254,2,333.29,2,2,2,222,Regular Customer,0,0,0.0,Low Risk
14958.0,148,6,957.94,3,4,3,343,Loyal Customer,0,0,0.0,Low Risk
14959.0,60,5,684.97,3,4,3,343,Loyal Customer,0,0,0.0,Low Risk
14960.0,9,2,221.27,5,2,1,521,Recent Customer,0,0,0.0,Low Risk
14961.0,11,28,16328.9,5,5,5,555,VIP Customer,0,0,0.0,Low Risk
14962.0,271,4,366.91,2,3,2,232,At Risk,1,1,1.0,High Risk
14963.0,10,13,3158.63,5,5,5,555,VIP Customer,0,0,0.0,Low Risk
14964.0,248,1,206.21,2,1,1,211,Regular Customer,0,0,0.0,Low Risk
14965.0,97,2,599.0,3,2,3,323,Regular Customer,0,0,0.0,Low Risk
14966.0,15,6,1115.84,5,4,3,543,Loyal Customer,0,0,0.0,Low Risk
14967.0,50,7,1680.52,4,4,4,444,VIP Customer,0,0,0.0,Low Risk
14968.0,31,2,504.99,4,2,2,422,Recent Customer,0,0,0.0,Low Risk
14969.0,704,1,906.23,1,1,3,113,Regular Customer,0,0,0.0,Low Risk
14970.0,69,16,3593.4,3,5,5,355,Loyal Customer,0,0,0.0,Low Risk
14971.0,36,3,1116.57,4,3,3,433,Regular Customer,0,0,0.0,Low Risk
14972.0,129,2,145.07,3,2,1,321,Regular Customer,0,0,0.0,Low Risk
14973.0,108,3,1314.45,3,3,4,334,Regular Customer,0,0,0.0,Low Risk
14974.0,38,1,114.39,4,1,1,411,Recent Customer,0,0,0.0,Low Risk
14975.0,58,2,472.39,4,2,2,422,Recent Customer,0,0,0.0,Low Risk
14976.0,58,8,765.86,4,4,3,443,Loyal Customer,0,0,0.0,Low Risk
14977.0,726,1,31.93,1,1,1,111,Regular Customer,0,0,0.0,Low Risk
14978.0,73,12,3106.34,3,5,5,355,Loyal Customer,0,0,0.0,Low Risk
14979.0,736,1,439.46,1,1,2,112,Regular Customer,0,0,0.0,Low Risk
14980.0,738,1,150.68,1,1,1,111,Regular Customer,0,0,0.0,Low Risk
14981.0,247,3,313.52,2,3,2,232,At Risk,1,1,1.0,High Risk
14982.0,573,1,237.78,1,1,1,111,Regular Customer,0,0,0.0,Low Risk
14983.0,690,1,183.2,1,1,1,111,Regular Customer,0,0,0.0,Low Risk
14984.0,20,6,1271.41,4,4,4,444,VIP Customer,0,0,0.0,Low Risk
14985.0,199,2,296.75,2,2,2,222,Regular Customer,0,0,0.0,Low Risk
14986.0,377,2,566.9,2,2,2,222,Regular Customer,0,0,0.0,Low Risk
14987.0,16,9,1632.25,5,4,4,544,VIP Customer,0,0,0.0,Low Risk
14988.0,212,7,2066.6,2,4,4,244,At Risk,1,1,1.0,High Risk
14989.0,662,1,342.4,1,1,2,112,Regular Customer,0,0,0.0,Low Risk
14990.0,613,2,305.42,1,2,2,122,Regular Customer,0,0,0.0,Low Risk
14991.0,431,1,314.67,1,1,2,112,Regular Customer,0,0,0.0,Low Risk
14992.0,443,1,210.5,1,1,1,111,Regular Customer,0,0,0.0,Low Risk
14993.0,564,1,36.13,1,1,1,111,Regular Customer,0,0,0.0,Low Risk
14994.0,383,8,886.33,2,4,3,243,At Risk,1,1,1.0,High Risk
14995.0,39,2,233.23,4,2,1,421,Recent Customer,0,0,0.0,Low Risk
14996.0,482,2,442.29,1,2,2,122,Regular Customer,0,0,0.0,Low Risk
14997.0,47,5,771.38,4,4,3,443,Loyal Customer,0,0,0.0,Low Risk
14998.0,171,4,770.73,3,3,3,333,Regular Customer,0,0,0.0,Low Risk
14999.0,593,1,129.48000000000002,1,1,1,111,Regular Customer,0,0,0.0,Low Risk
15000.0,48,1,490.52,4,1,2,412,Recent Customer,0,0,0.0,Low Risk
15001.0,395,2,230.86,2,2,1,221,Regular Customer,0,0,0.0,Low Risk
15002.0,116,9,4817.28,3,4,5,345,Loyal Customer,0,0,0.0,Low Risk
15003.0,474,7,1055.7,1,4,3,143,At Risk,1,1,1.0,High Risk
15004.0,148,1,1246.32,3,1,4,314,Regular Customer,0,0,0.0,Low Risk
15005.0,16,76,13763.27,5,5,5,555,VIP Customer,0,0,0.0,Low Risk
15006.0,52,2,825.14,4,2,3,423,Recent Customer,0,0,0.0,Low Risk
15007.0,160,1,156.91,3,1,1,311,Regular Customer,0,0,0.0,Low Risk
15008.0,481,2,360.0,1,2,2,122,Regular Customer,0,0,0.0,Low Risk
15009.0,13,3,1261.78,5,3,4,534,Regular Customer,0,0,0.0,Low Risk
15010.0,36,1,308.94,4,1,2,412,Recent Customer,0,0,0.0,Low Risk
15011.0,396,2,416.6,2,2,2,222,Regular Customer,0,0,0.0,Low Risk
15012.0,54,3,860.62,4,3,3,433,Regular Customer,0,0,0.0,Low Risk
15013.0,488,10,1641.3,1,5,4,154,At Risk,1,1,1.0,High Risk
15014.0,44,2,260.17,4,2,2,422,Recent Customer,0,0,0.0,Low Risk
15015.0,502,20,2275.82,1,5,4,154,At Risk,1,1,1.0,High Risk
15016.0,173,6,622.3,3,4,3,343,Loyal Customer,0,0,0.0,Low Risk
15017.0,34,1,125.58,4,1,1,411,Recent Customer,0,0,0.0,Low Risk
15018.0,39,4,567.51,4,3,2,432,Regular Customer,0,0,0.0,Low Risk
15019.0,267,1,266.0,2,1,2,212,Regular Customer,0,0,0.0,Low Risk
15020.0,380,1,203.42,2,1,1,211,Regular Customer,0,0,0.0,Low Risk
15021.0,9,17,2689.59,5,5,4,554,VIP Customer,0,0,0.0,Low Risk
15022.0,12,5,1186.09,5,4,4,544,VIP Customer,0,0,0.0,Low Risk
15023.0,4,23,12092.19,5,5,5,555,VIP Customer,0,0,0.0,Low Risk
15024.0,10,16,4075.51,5,5,5,555,VIP Customer,0,0,0.0,Low Risk
15025.0,34,2,1013.09,4,2,3,423,Recent Customer,0,0,0.0,Low Risk
15026.0,81,5,1061.61,3,4,3,343,Loyal Customer,0,0,0.0,Low Risk
15027.0,31,13,2974.04,4,5,5,455,VIP Customer,0,0,0.0,Low Risk
15028.0,9,6,1157.71,5,4,3,543,Loyal Customer,0,0,0.0,Low Risk
15029.0,619,2,362.15,1,2,2,122,Regular Customer,0,0,0.0,Low Risk
15030.0,72,9,1964.66,3,4,4,344,Loyal Customer,0,0,0.0,Low Risk
15031.0,5,16,2857.37,5,5,4,554,VIP Customer,0,0,0.0,Low Risk
15032.0,257,10,13285.65,2,5,5,255,At Risk,1,1,1.0,High Risk
15033.0,5,11,2571.02,5,5,4,554,VIP Customer,0,0,0.0,Low Risk
15034.0,16,17,8282.45,5,5,5,555,VIP Customer,0,0,0.0,Low Risk
15035.0,90,1,252.73,3,1,1,311,Regular Customer,0,0,0.0,Low Risk
15036.0,73,3,465.55,3,3,2,332,Regular Customer,0,0,0.0,Low Risk
15037.0,377,2,402.51,2,2,2,222,Regular Customer,0,0,0.0,Low Risk
15038.0,44,10,1269.96,4,5,4,454,VIP Customer,0,0,0.0,Low Risk
15039.0,10,107,39742.99,5,5,5,555,VIP Customer,0,0,0.0,Low Risk
15040.0,542,1,7.49,1,1,1,111,Regular Customer,0,0,0.0,Low Risk
15041.0,171,2,294.02,3,2,2,322,Regular Customer,0,0,0.0,Low Risk
15042.0,200,2,315.45,2,2,2,222,Regular Customer,0,0,0.0,Low Risk
15043.0,32,6,2873.8,4,4,5,445,VIP Customer,0,0,0.0,Low Risk
15044.0,20,47,15841.53,4,5,5,455,VIP Customer,0,0,0.0,Low Risk
15045.0,152,3,633.66,3,3,3,333,Regular Customer,0,0,0.0,Low Risk
15046.0,10,28,7583.38,5,5,5,555,VIP Customer,0,0,0.0,Low Risk
15047.0,270,1,343.62,2,1,2,212,Regular Customer,0,0,0.0,Low Risk
15048.0,66,5,479.27,3,4,2,342,Loyal Customer,0,0,0.0,Low Risk
15049.0,274,1,121.17000000000002,2,1,1,211,Regular Customer,0,0,0.0,Low Risk
15050.0,26,7,4138.87,4,4,5,445,VIP Customer,0,0,0.0,Low Risk
15051.0,24,10,3920.16,4,5,5,455,VIP Customer,0,0,0.0,Low Risk
15052.0,320,1,215.78,2,1,1,211,Regular Customer,0,0,0.0,Low Risk
15053.0,5,3,697.79,5,3,3,533,Regular Customer,0,0,0.0,Low Risk
15054.0,13,2,302.1,5,2,2,522,Recent Customer,0,0,0.0,Low Risk
15055.0,475,3,560.07,1,3,2,132,At Risk,1,1,1.0,High Risk
15056.0,521,1,133.45,1,1,1,111,Regular Customer,0,0,0.0,Low Risk
15057.0,276,6,3184.56,2,4,5,245,At Risk,1,1,1.0,High Risk
15058.0,26,17,3377.18,4,5,5,455,VIP Customer,0,0,0.0,Low Risk
15059.0,41,27,3427.62,4,5,5,455,VIP Customer,0,0,0.0,Low Risk
15060.0,9,4,303.09,5,3,2,532,Regular Customer,0,0,0.0,Low Risk
15061.0,4,138,136391.48,5,5,5,555,VIP Customer,0,0,0.0,Low Risk
15062.0,72,8,2585.62,3,4,4,344,Loyal Customer,0,0,0.0,Low Risk
15063.0,214,1,370.8,2,1,2,212,Regular Customer,0,0,0.0,Low Risk
15064.0,411,4,1254.41,2,3,4,234,At Risk,1,1,1.0,High Risk
15065.0,38,7,3304.71,4,4,5,445,VIP Customer,0,0,0.0,Low Risk
15066.0,32,2,760.59,4,2,3,423,Recent Customer,0,0,0.0,Low Risk
15067.0,79,6,3865.13,3,4,5,345,Loyal Customer,0,0,0.0,Low Risk
15068.0,47,4,1176.85,4,3,3,433,Regular Customer,0,0,0.0,Low Risk
15069.0,180,1,1109.53,3,1,3,313,Regular Customer,0,0,0.0,Low Risk
15070.0,373,3,843.25,2,3,3,233,At Risk,1,1,1.0,High Risk
15071.0,94,4,1455.56,3,3,4,334,Regular Customer,0,0,0.0,Low Risk
15072.0,480,1,187.52,1,1,1,111,Regular Customer,0,0,0.0,Low Risk
15073.0,10,9,2357.04,5,4,4,544,VIP Customer,0,0,0.0,Low Risk
15074.0,106,3,1566.33,3,3,4,334,Regular Customer,0,0,0.0,Low Risk
15075.0,78,1,773.03,3,1,3,313,Regular Customer,0,0,0.0,Low Risk
15076.0,173,5,1425.84,3,4,4,344,Loyal Customer,0,0,0.0,Low Risk
15077.0,457,4,2423.88,1,3,4,134,At Risk,1,1,1.0,High Risk
15078.0,8,64,17576.52,5,5,5,555,VIP Customer,0,0,0.0,Low Risk
15079.0,213,17,3686.75,2,5,5,255,At Risk,1,1,1.0,High Risk
15080.0,428,2,546.25,1,2,2,122,Regular Customer,0,0,0.0,Low Risk
15081.0,23,13,1948.27,4,5,4,454,VIP Customer,0,0,0.0,Low Risk
15082.0,669,1,93.35,1,1,1,111,Regular Customer,0,0,0.0,Low Risk
15083.0,257,1,88.2,2,1,1,211,Regular Customer,0,0,0.0,Low Risk
15084.0,380,2,965.2,2,2,3,223,Regular Customer,0,0,0.0,Low Risk
15085.0,730,1,347.54,1,1,2,112,Regular Customer,0,0,0.0,Low Risk
15086.0,565,2,218.53,1,2,1,121,Regular Customer,0,0,0.0,Low Risk
15087.0,282,1,306.94,2,1,2,212,Regular Customer,0,0,0.0,Low Risk
15088.0,22,3,1140.27,4,3,3,433,Regular Customer,0,0,0.0,Low Risk
15089.0,11,6,2420.84,5,4,4,544,VIP Customer,0,0,0.0,Low Risk
15090.0,309,1,381.32,2,1,2,212,Regular Customer,0,0,0.0,Low Risk
15091.0,54,6,1023.11,4,4,3,443,Loyal Customer,0,0,0.0,Low Risk
15092.0,216,4,773.16,2,3,3,233,At Risk,1,1,1.0,High Risk
15093.0,19,34,13657.88,5,5,5,555,VIP Customer,0,0,0.0,Low Risk
15094.0,464,2,83.0,1,2,1,121,Regular Customer,0,0,0.0,Low Risk
15095.0,104,11,3135.74,3,5,5,355,Loyal Customer,0,0,0.0,Low Risk
15096.0,43,1,219.39,4,1,1,411,Recent Customer,0,0,0.0,Low Risk
15097.0,5,5,587.05,5,4,3,543,Loyal Customer,0,0,0.0,Low Risk
15098.0,183,5,649.5,3,4,3,343,Loyal Customer,0,0,0.0,Low Risk
15099.0,85,1,410.48,3,1,2,312,Regular Customer,0,0,0.0,Low Risk
15100.0,331,14,2319.5,2,5,4,254,At Risk,1,1,1.0,High Risk
15101.0,9,11,1303.49,5,5,4,554,VIP Customer,0,0,0.0,Low Risk
15102.0,531,2,554.67,1,2,2,122,Regular Customer,0,0,0.0,Low Risk
15103.0,32,2,703.36,4,2,3,423,Recent Customer,0,0,0.0,Low Risk
15104.0,167,3,1002.54,3,3,3,333,Regular Customer,0,0,0.0,Low Risk
15105.0,19,9,3094.91,5,4,5,545,VIP Customer,0,0,0.0,Low Risk
15106.0,18,7,1407.73,5,4,4,544,VIP Customer,0,0,0.0,Low Risk
15107.0,312,12,856.26,2,5,3,253,At Risk,1,1,1.0,High Risk
15108.0,142,5,1291.75,3,4,4,344,Loyal Customer,0,0,0.0,Low Risk
15109.0,241,4,961.9,2,3,3,233,At Risk,1,1,1.0,High Risk
15110.0,24,9,1480.0,4,4,4,444,VIP Customer,0,0,0.0,Low Risk
15111.0,30,5,2730.87,4,4,4,444,VIP Customer,0,0,0.0,Low Risk
15112.0,612,1,209.4,1,1,1,111,Regular Customer,0,0,0.0,Low Risk
15113.0,10,4,3439.41,5,3,5,535,Regular Customer,0,0,0.0,Low Risk
15114.0,31,12,3400.12,4,5,5,455,VIP Customer,0,0,0.0,Low Risk
15115.0,19,3,528.1,5,3,2,532,Regular Customer,0,0,0.0,Low Risk
15116.0,18,4,1352.75,5,3,4,534,Regular Customer,0,0,0.0,Low Risk
15117.0,15,9,2484.32,5,4,4,544,VIP Customer,0,0,0.0,Low Risk
15118.0,135,1,244.8,3,1,1,311,Regular Customer,0,0,0.0,Low Risk
15119.0,246,1,266.4,2,1,2,212,Regular Customer,0,0,0.0,Low Risk
15120.0,130,2,343.82,3,2,2,322,Regular Customer,0,0,0.0,Low Risk
15121.0,51,2,457.72,4,2,2,422,Recent Customer,0,0,0.0,Low Risk
15122.0,86,16,4461.42,3,5,5,355,Loyal Customer,0,0,0.0,Low Risk
15123.0,8,5,4656.17,5,4,5,545,VIP Customer,0,0,0.0,Low Risk
15124.0,23,4,450.82,4,3,2,432,Regular Customer,0,0,0.0,Low Risk
15125.0,26,36,16124.33,4,5,5,455,VIP Customer,0,0,0.0,Low Risk
15126.0,537,2,449.49,1,2,2,122,Regular Customer,0,0,0.0,Low Risk
15127.0,66,2,711.5,3,2,3,323,Regular Customer,0,0,0.0,Low Risk
15128.0,61,9,1732.22,3,4,4,344,Loyal Customer,0,0,0.0,Low Risk
15129.0,51,23,6860.18,4,5,5,455,VIP Customer,0,0,0.0,Low Risk
15130.0,170,1,330.11,3,1,2,312,Regular Customer,0,0,0.0,Low Risk
15131.0,395,1,80.28,2,1,1,211,Regular Customer,0,0,0.0,Low Risk
15132.0,19,5,977.93,5,4,3,543,Loyal Customer,0,0,0.0,Low Risk
15133.0,128,5,1806.9,3,4,4,344,Loyal Customer,0,0,0.0,Low Risk
15134.0,15,10,1596.29,5,5,4,554,VIP Customer,0,0,0.0,Low Risk
15135.0,234,3,293.78,2,3,2,232,At Risk,1,1,0.995,High Risk
15136.0,3,5,1282.45,5,4,4,544,VIP Customer,0,0,0.0,Low Risk
15137.0,521,5,747.55,1,4,3,143,At Risk,1,1,1.0,High Risk
15138.0,386,2,486.59,2,2,2,222,Regular Customer,0,0,0.0,Low Risk
15139.0,240,2,178.96,2,2,1,221,Regular Customer,0,0,0.0,Low Risk
15140.0,53,9,3239.44,4,4,5,445,VIP Customer,0,0,0.0,Low Risk
15141.0,458,9,1378.31,1,4,4,144,At Risk,1,1,1.0,High Risk
15142.0,47,7,2608.97,4,4,4,444,VIP Customer,0,0,0.0,Low Risk
15143.0,226,2,563.63,2,2,2,222,Regular Customer,0,0,0.0,Low Risk
15144.0,9,33,12006.51,5,5,5,555,VIP Customer,0,0,0.0,Low Risk
15145.0,5,4,1194.73,5,3,4,534,Regular Customer,0,0,0.0,Low Risk
15146.0,165,3,1313.66,3,3,4,334,Regular Customer,0,0,0.0,Low Risk
15147.0,219,2,608.65,2,2,3,223,Regular Customer,0,0,0.0,Low Risk
15148.0,11,1,301.29,5,1,2,512,Recent Customer,0,0,0.0,Low Risk
15149.0,134,5,1554.61,3,4,4,344,Loyal Customer,0,0,0.0,Low Risk
15150.0,18,14,8990.58,5,5,5,555,VIP Customer,0,0,0.0,Low Risk
15151.0,424,2,2085.61,1,2,4,124,Regular Customer,0,0,0.0,Low Risk
15152.0,10,18,5197.97,5,5,5,555,VIP Customer,0,0,0.0,Low Risk
15153.0,32,1,329.25,4,1,2,412,Recent Customer,0,0,0.0,Low Risk
15154.0,75,4,1332.26,3,3,4,334,Regular Customer,0,0,0.0,Low Risk
15155.0,384,1,383.97,2,1,2,212,Regular Customer,0,0,0.0,Low Risk
15156.0,2,3,961.49,5,3,3,533,Regular Customer,0,0,0.0,Low Risk
15157.0,4,7,2587.54,5,4,4,544,VIP Customer,0,0,0.0,Low Risk
15158.0,46,3,437.66,4,3,2,432,Regular Customer,0,0,0.0,Low Risk
15159.0,2,38,22049.4,5,5,5,555,VIP Customer,0,0,0.0,Low Risk
15160.0,358,4,589.27,2,3,3,233,At Risk,1,1,1.0,High Risk
15161.0,389,1,119.92,2,1,1,211,Regular Customer,0,0,0.0,Low Risk
15162.0,729,2,241.5,1,2,1,121,Regular Customer,0,0,0.0,Low Risk
15163.0,19,2,304.47,5,2,2,522,Recent Customer,0,0,0.0,Low Risk
15164.0,69,10,2052.02,3,5,4,354,Loyal Customer,0,0,0.0,Low Risk
15165.0,374,1,975.5,2,1,3,213,Regular Customer,0,0,0.0,Low Risk
15166.0,468,1,167.16,1,1,1,111,Regular Customer,0,0,0.0,Low Risk
15167.0,321,5,1659.67,2,4,4,244,At Risk,1,1,1.0,High Risk
15168.0,26,1,106.56,4,1,1,411,Recent Customer,0,0,0.0,Low Risk
15169.0,383,2,569.22,2,2,2,222,Regular Customer,0,0,0.0,Low Risk
15170.0,407,1,81.15,2,1,1,211,Regular Customer,0,0,0.0,Low Risk
15171.0,325,2,1034.5,2,2,3,223,Regular Customer,0,0,0.0,Low Risk
15172.0,9,5,1624.05,5,4,4,544,VIP Customer,0,0,0.0,Low Risk
15173.0,381,8,1399.26,2,4,4,244,At Risk,1,1,1.0,High Risk
15174.0,323,2,481.46,2,2,2,222,Regular Customer,0,0,0.0,Low Risk
15175.0,72,1,224.14,3,1,1,311,Regular Customer,0,0,0.0,Low Risk
15176.0,597,2,985.09,1,2,3,123,Regular Customer,0,0,0.0,Low Risk
15177.0,426,1,948.93,1,1,3,113,Regular Customer,0,0,0.0,Low Risk
15178.0,261,1,40.5,2,1,1,211,Regular Customer,0,0,0.0,Low Risk
15179.0,19,17,7426.82,5,5,5,555,VIP Customer,0,0,0.0,Low Risk
15180.0,368,3,904.43,2,3,3,233,At Risk,1,1,1.0,High Risk
15181.0,67,8,948.45,3,4,3,343,Loyal Customer,0,0,0.0,Low Risk
15182.0,155,14,2942.752,3,5,5,355,Loyal Customer,0,0,0.0,Low Risk
15183.0,548,4,637.03,1,3,3,133,At Risk,1,1,1.0,High Risk
15184.0,30,4,689.95,4,3,3,433,Regular Customer,0,0,0.0,Low Risk
15185.0,71,1,310.62,3,1,2,312,Regular Customer,0,0,0.0,Low Risk
15186.0,15,5,1403.2,5,4,4,544,VIP Customer,0,0,0.0,Low Risk
15187.0,2,18,4670.08,5,5,5,555,VIP Customer,0,0,0.0,Low Risk
15188.0,726,1,310.43,1,1,2,112,Regular Customer,0,0,0.0,Low Risk
15189.0,2,58,17101.13,5,5,5,555,VIP Customer,0,0,0.0,Low Risk
15190.0,435,1,834.4399999999999,1,1,3,113,Regular Customer,0,0,0.0,Low Risk
15191.0,464,3,588.05,1,3,3,133,At Risk,1,1,1.0,High Risk
15192.0,120,5,1981.39,3,4,4,344,Loyal Customer,0,0,0.0,Low Risk
15193.0,61,1,499.32,3,1,2,312,Regular Customer,0,0,0.0,Low Risk
15194.0,4,39,12187.68,5,5,5,555,VIP Customer,0,0,0.0,Low Risk
15195.0,3,1,3861.0,5,1,5,515,Recent Customer,0,0,0.0,Low Risk
15196.0,433,2,316.25,1,2,2,122,Regular Customer,0,0,0.0,Low Risk
15197.0,9,10,1427.84,5,5,4,554,VIP Customer,0,0,0.0,Low Risk
15198.0,93,6,559.45,3,4,2,342,Loyal Customer,0,0,0.0,Low Risk
15199.0,60,10,3122.4,3,5,5,355,Loyal Customer,0,0,0.0,Low Risk
15200.0,495,1,549.05,1,1,2,112,Regular Customer,0,0,0.0,Low Risk
15201.0,79,14,1525.9,3,5,4,354,Loyal Customer,0,0,0.0,Low Risk
15202.0,421,8,-2570.1800000000003,1,4,1,141,At Risk,1,1,1.0,High Risk
15203.0,26,15,4400.18,4,5,5,455,VIP Customer,0,0,0.0,Low Risk
15204.0,358,1,316.58,2,1,2,212,Regular Customer,0,0,0.0,Low Risk
15205.0,86,3,648.8299999999999,3,3,3,333,Regular Customer,0,0,0.0,Low Risk
15206.0,11,4,420.3,5,3,2,532,Regular Customer,0,0,0.0,Low Risk
15207.0,410,5,653.77,2,4,3,243,At Risk,1,1,1.0,High Risk
15208.0,2,7,968.02,5,4,3,543,Loyal Customer,0,0,0.0,Low Risk
15209.0,731,1,178.98000000000002,1,1,1,111,Regular Customer,0,0,0.0,Low Risk
15210.0,226,3,1176.19,2,3,3,233,At Risk,1,1,1.0,High Risk
15211.0,61,2,1277.48,3,2,4,324,Regular Customer,0,0,0.0,Low Risk
15212.0,240,3,195.43,2,3,1,231,At Risk,1,1,1.0,High Risk
15213.0,319,3,325.05,2,3,2,232,At Risk,1,1,1.0,High Risk
15214.0,2,8,1661.44,5,4,4,544,VIP Customer,0,0,0.0,Low Risk
15215.0,45,11,1496.46,4,5,4,454,VIP Customer,0,0,0.0,Low Risk
15216.0,88,2,486.09,3,2,2,322,Regular Customer,0,0,0.0,Low Risk
15217.0,564,1,426.24,1,1,2,112,Regular Customer,0,0,0.0,Low Risk
15218.0,11,25,11456.0,5,5,5,555,VIP Customer,0,0,0.0,Low Risk
15219.0,177,2,685.45,3,2,3,323,Regular Customer,0,0,0.0,Low Risk
15220.0,52,7,1758.92,4,4,4,444,VIP Customer,0,0,0.0,Low Risk
15221.0,367,7,1816.1,2,4,4,244,At Risk,1,1,1.0,High Risk
15222.0,319,17,3415.66,2,5,5,255,At Risk,1,1,1.0,High Risk
15223.0,226,6,1117.1,2,4,3,243,At Risk,1,1,1.0,High Risk
15224.0,359,8,837.26,2,4,3,243,At Risk,1,1,1.0,High Risk
15225.0,235,1,409.4,2,1,2,212,Regular Customer,0,0,0.0,Low Risk
15226.0,311,1,154.41,2,1,1,211,Regular Customer,0,0,0.0,Low Risk
15227.0,37,9,2488.49,4,4,4,444,VIP Customer,0,0,0.0,Low Risk
15228.0,67,7,5570.52,3,4,5,345,Loyal Customer,0,0,0.0,Low Risk
15229.0,587,1,160.5,1,1,1,111,Regular Customer,0,0,0.0,Low Risk
15230.0,240,2,429.6,2,2,2,222,Regular Customer,0,0,0.0,Low Risk
15231.0,597,2,228.36,1,2,1,121,Regular Customer,0,0,0.0,Low Risk
15232.0,114,2,612.06,3,2,3,323,Regular Customer,0,0,0.0,Low Risk
15233.0,402,1,59.400000000000006,2,1,1,211,Regular Customer,0,0,0.0,Low Risk
15234.0,277,1,197.0,2,1,1,211,Regular Customer,0,0,0.0,Low Risk
15235.0,218,16,2937.81,2,5,5,255,At Risk,1,1,1.0,High Risk
15236.0,299,1,321.05,2,1,2,212,Regular Customer,0,0,0.0,Low Risk
15237.0,2,4,1412.32,5,3,4,534,Regular Customer,0,0,0.0,Low Risk
15238.0,30,5,1056.54,4,4,3,443,Loyal Customer,0,0,0.0,Low Risk
15239.0,11,3,764.34,5,3,3,533,Regular Customer,0,0,0.0,Low Risk
15240.0,45,20,4315.0,4,5,5,455,VIP Customer,0,0,0.0,Low Risk
15241.0,67,12,3032.31,3,5,5,355,Loyal Customer,0,0,0.0,Low Risk
15242.0,423,1,302.04,1,1,2,112,Regular Customer,0,0,0.0,Low Risk
15243.0,75,2,927.28,3,2,3,323,Regular Customer,0,0,0.0,Low Risk
15244.0,66,4,850.1800000000001,3,3,3,333,Regular Customer,0,0,0.0,Low Risk
15245.0,135,8,4610.84,3,4,5,345,Loyal Customer,0,0,0.0,Low Risk
15246.0,239,3,780.4,2,3,3,233,At Risk,1,1,1.0,High Risk
15247.0,123,4,967.11,3,3,3,333,Regular Customer,0,0,0.0,Low Risk
15248.0,412,4,1865.03,2,3,4,234,At Risk,1,1,1.0,High Risk
15249.0,32,21,9147.15,4,5,5,455,VIP Customer,0,0,0.0,Low Risk
15250.0,641,1,60.0,1,1,1,111,Regular Customer,0,0,0.0,Low Risk
15251.0,10,31,20095.6,5,5,5,555,VIP Customer,0,0,0.0,Low Risk
15252.0,37,7,2053.06,4,4,4,444,VIP Customer,0,0,0.0,Low Risk
15253.0,17,12,2033.29,5,5,4,554,VIP Customer,0,0,0.0,Low Risk
15254.0,128,4,1073.4,3,3,3,333,Regular Customer,0,0,0.0,Low Risk
15255.0,67,11,3670.77,3,5,5,355,Loyal Customer,0,0,0.0,Low Risk
15256.0,149,2,170.4,3,2,1,321,Regular Customer,0,0,0.0,Low Risk
15257.0,282,3,600.9,2,3,3,233,At Risk,1,1,1.0,High Risk
15258.0,169,2,623.16,3,2,3,323,Regular Customer,0,0,0.0,Low Risk
15259.0,513,4,1182.38,1,3,3,133,At Risk,1,1,1.0,High Risk
15260.0,101,30,9098.38,3,5,5,355,Loyal Customer,0,0,0.0,Low Risk
15261.0,136,4,1508.0,3,3,4,334,Regular Customer,0,0,0.0,Low Risk
15262.0,324,3,418.82,2,3,2,232,At Risk,1,1,1.0,High Risk
15263.0,107,1,156.51,3,1,1,311,Regular Customer,0,0,0.0,Low Risk
15264.0,65,3,844.2,3,3,3,333,Regular Customer,0,0,0.0,Low Risk
15265.0,152,4,3345.64,3,3,5,335,Regular Customer,0,0,0.0,Low Risk
15266.0,339,6,841.7,2,4,3,243,At Risk,1,1,1.0,High Risk
15267.0,23,5,1717.36,4,4,4,444,VIP Customer,0,0,0.0,Low Risk
15268.0,479,4,941.25,1,3,3,133,At Risk,1,1,1.0,High Risk
15269.0,24,3,1225.36,4,3,4,434,Regular Customer,0,0,0.0,Low Risk
15270.0,16,31,7193.99,5,5,5,555,VIP Customer,0,0,0.0,Low Risk
15271.0,8,26,4639.29,5,5,5,555,VIP Customer,0,0,0.0,Low Risk
15272.0,58,6,2085.48,4,4,4,444,VIP Customer,0,0,0.0,Low Risk
15273.0,600,1,228.96,1,1,1,111,Regular Customer,0,0,0.0,Low Risk
15274.0,5,2,716.57,5,2,3,523,Recent Customer,0,0,0.0,Low Risk
15275.0,32,2,609.19,4,2,3,423,Recent Customer,0,0,0.0,Low Risk
15276.0,67,5,631.03,3,4,3,343,Loyal Customer,0,0,0.0,Low Risk
15277.0,47,2,476.34,4,2,2,422,Recent Customer,0,0,0.0,Low Risk
15278.0,562,4,496.16,1,3,2,132,At Risk,1,1,1.0,High Risk
15279.0,355,7,1541.74,2,4,4,244,At Risk,1,1,1.0,High Risk
15280.0,173,3,406.22,3,3,2,332,Regular Customer,0,0,0.0,Low Risk
15281.0,59,22,8317.62,4,5,5,455,VIP Customer,0,0,0.0,Low Risk
15282.0,571,1,348.59,1,1,2,112,Regular Customer,0,0,0.0,Low Risk
15283.0,391,4,135.43,2,3,1,231,At Risk,1,1,1.0,High Risk
15284.0,501,1,24.75,1,1,1,111,Regular Customer,0,0,0.0,Low Risk
15285.0,408,1,94.92,2,1,1,211,Regular Customer,0,0,0.0,Low Risk
15286.0,50,1,240.55,4,1,1,411,Recent Customer,0,0,0.0,Low Risk
15287.0,23,6,854.58,4,4,3,443,Loyal Customer,0,0,0.0,Low Risk
15288.0,44,10,3883.13,4,5,5,455,VIP Customer,0,0,0.0,Low Risk
15289.0,30,7,1570.71,4,4,4,444,VIP Customer,0,0,0.0,Low Risk
15290.0,5,30,10355.58,5,5,5,555,VIP Customer,0,0,0.0,Low Risk
15291.0,26,53,13451.24,4,5,5,455,VIP Customer,0,0,0.0,Low Risk
15292.0,202,1,180.94,2,1,1,211,Regular Customer,0,0,0.0,Low Risk
15293.0,666,1,247.5,1,1,1,111,Regular Customer,0,0,0.0,Low Risk
15294.0,401,2,222.3,2,2,1,221,Regular Customer,0,0,0.0,Low Risk
15295.0,655,1,217.24,1,1,1,111,Regular Customer,0,0,0.0,Low Risk
15296.0,45,20,10223.93,4,5,5,455,VIP Customer,0,0,0.0,Low Risk
15297.0,11,4,635.04,5,3,3,533,Regular Customer,0,0,0.0,Low Risk
15298.0,3,29,8356.03,5,5,5,555,VIP Customer,0,0,0.0,Low Risk
15299.0,68,15,7243.62,3,5,5,355,Loyal Customer,0,0,0.0,Low Risk
15300.0,65,1,496.44,3,1,2,312,Regular Customer,0,0,0.0,Low Risk
15301.0,51,19,7561.21,4,5,5,455,VIP Customer,0,0,0.0,Low Risk
15302.0,723,2,291.05,1,2,2,122,Regular Customer,0,0,0.0,Low Risk
15303.0,291,4,1178.78,2,3,3,233,At Risk,1,1,1.0,High Risk
15304.0,61,11,905.45,3,5,3,353,Loyal Customer,0,0,0.0,Low Risk
15305.0,556,1,93.6,1,1,1,111,Regular Customer,0,0,0.0,Low Risk
15306.0,65,10,3480.98,3,5,5,355,Loyal Customer,0,0,0.0,Low Risk
15307.0,96,1,205.3,3,1,1,311,Regular Customer,0,0,0.0,Low Risk
15308.0,271,2,302.27,2,2,2,222,Regular Customer,0,0,0.0,Low Risk
15309.0,611,10,715.53,1,5,3,153,At Risk,1,1,0.995,High Risk
15310.0,479,1,1634.64,1,1,4,114,Regular Customer,0,0,0.0,Low Risk
15311.0,1,270,113513.07,5,5,5,555,VIP Customer,0,0,0.0,Low Risk
15312.0,76,14,2916.49,3,5,5,355,Loyal Customer,0,0,0.0,Low Risk
15313.0,111,1,52.0,3,1,1,311,Regular Customer,0,0,0.0,Low Risk
15314.0,200,4,800.65,2,3,3,233,At Risk,1,1,1.0,High Risk
15315.0,65,3,551.54,3,3,2,332,Regular Customer,0,0,0.0,Low Risk
15316.0,327,1,165.0,2,1,1,211,Regular Customer,0,0,0.0,Low Risk
15317.0,678,2,112.05,1,2,1,121,Regular Customer,0,0,0.0,Low Risk
15318.0,4,1,312.62,5,1,2,512,Recent Customer,0,0,0.0,Low Risk
15319.0,284,1,204.5,2,1,1,211,Regular Customer,0,0,0.0,Low Risk
15320.0,45,1,267.13,4,1,2,412,Recent Customer,0,0,0.0,Low Risk
15321.0,50,18,6560.650000000001,4,5,5,455,VIP Customer,0,0,0.0,Low Risk
15322.0,65,3,1314.15,3,3,4,334,Regular Customer,0,0,0.0,Low Risk
15323.0,534,4,320.9,1,3,2,132,At Risk,1,1,1.0,High Risk
15324.0,702,1,140.22000000000003,1,1,1,111,Regular Customer,0,0,0.0,Low Risk
15325.0,104,9,1596.81,3,4,4,344,Loyal Customer,0,0,0.0,Low Risk
15326.0,334,10,1529.82,2,5,4,254,At Risk,1,1,1.0,High Risk
15327.0,53,1,208.75,4,1,1,411,Recent Customer,0,0,0.0,Low Risk
15328.0,408,1,107.24,2,1,1,211,Regular Customer,0,0,0.0,Low Risk
15329.0,36,20,2742.98,4,5,4,454,VIP Customer,0,0,0.0,Low Risk
15330.0,33,2,714.96,4,2,3,423,Recent Customer,0,0,0.0,Low Risk
15331.0,500,4,755.41,1,3,3,133,At Risk,1,1,1.0,High Risk
15332.0,367,6,6553.74,2,4,5,245,At Risk,1,1,1.0,High Risk
15333.0,209,1,1028.56,2,1,3,213,Regular Customer,0,0,0.0,Low Risk
15334.0,157,3,351.67,3,3,2,332,Regular Customer,0,0,0.0,Low Risk
15335.0,54,1,173.97,4,1,1,411,Recent Customer,0,0,0.0,Low Risk
15336.0,402,1,240.5,2,1,1,211,Regular Customer,0,0,0.0,Low Risk
15337.0,403,2,344.72,2,2,2,222,Regular Customer,0,0,0.0,Low Risk
15338.0,678,1,283.43,1,1,2,112,Regular Customer,0,0,0.0,Low Risk
15339.0,67,11,1634.09,3,5,4,354,Loyal Customer,0,0,0.0,Low Risk
15340.0,562,1,105.5,1,1,1,111,Regular Customer,0,0,0.0,Low Risk
15341.0,81,3,2401.02,3,3,4,334,Regular Customer,0,0,0.0,Low Risk
15342.0,117,2,391.76,3,2,2,322,Regular Customer,0,0,0.0,Low Risk
15343.0,88,1,364.5,3,1,2,312,Regular Customer,0,0,0.0,Low Risk
15344.0,1,5,476.58,5,4,2,542,Loyal Customer,0,0,0.0,Low Risk
15345.0,36,2,367.69,4,2,2,422,Recent Customer,0,0,0.0,Low Risk
15346.0,333,4,591.65,2,3,3,233,At Risk,1,1,1.0,High Risk
15347.0,367,6,1333.9,2,4,4,244,At Risk,1,1,1.0,High Risk
15348.0,73,1,158.04,3,1,1,311,Regular Customer,0,0,0.0,Low Risk
15349.0,159,2,473.81,3,2,2,322,Regular Customer,0,0,0.0,Low Risk
15350.0,374,2,663.25,2,2,3,223,Regular Customer,0,0,0.0,Low Risk
15351.0,13,15,3615.18,5,5,5,555,VIP Customer,0,0,0.0,Low Risk
15352.0,549,1,114.95,1,1,1,111,Regular Customer,0,0,0.0,Low Risk
15353.0,255,8,3154.05,2,4,5,245,At Risk,1,1,1.0,High Risk
15354.0,599,7,-94.8,1,4,1,141,At Risk,1,1,0.99,High Risk
15355.0,30,2,277.05,4,2,2,422,Recent Customer,0,0,0.0,Low Risk
15356.0,32,13,3464.95,4,5,5,455,VIP Customer,0,0,0.0,Low Risk
15357.0,683,1,-36.75,1,1,1,111,Regular Customer,0,0,0.0,Low Risk
15358.0,5,55,16837.35,5,5,5,555,VIP Customer,0,0,0.0,Low Risk
15359.0,555,9,162.6,1,4,1,141,At Risk,1,1,1.0,High Risk
15360.0,40,1,427.93,4,1,2,412,Recent Customer,0,0,0.0,Low Risk
15361.0,362,4,689.07,2,3,3,233,At Risk,1,1,1.0,High Risk
15362.0,449,2,613.08,1,2,3,123,Regular Customer,0,0,0.0,Low Risk
15363.0,242,3,996.16,2,3,3,233,At Risk,1,1,1.0,High Risk
15364.0,96,2,913.19,3,2,3,323,Regular Customer,0,0,0.0,Low Risk
15365.0,26,15,3573.26,4,5,5,455,VIP Customer,0,0,0.0,Low Risk
15366.0,76,7,2389.08,3,4,4,344,Loyal Customer,0,0,0.0,Low Risk
15367.0,58,13,5005.7300000000005,4,5,5,455,VIP Customer,0,0,0.0,Low Risk
15368.0,22,2,722.74,4,2,3,423,Recent Customer,0,0,0.0,Low Risk
15369.0,145,13,1713.39,3,5,4,354,Loyal Customer,0,0,0.0,Low Risk
15370.0,41,9,3713.51,4,4,5,445,VIP Customer,0,0,0.0,Low Risk
15371.0,663,1,59.400000000000006,1,1,1,111,Regular Customer,0,0,0.0,Low Risk
15372.0,138,10,5954.42,3,5,5,355,Loyal Customer,0,0,0.0,Low Risk
15373.0,9,18,3218.59,5,5,5,555,VIP Customer,0,0,0.0,Low Risk
15374.0,129,2,307.32,3,2,2,322,Regular Customer,0,0,0.0,Low Risk
15375.0,691,1,60.96,1,1,1,111,Regular Customer,0,0,0.0,Low Risk
15376.0,41,3,1233.36,4,3,4,434,Regular Customer,0,0,0.0,Low Risk
15377.0,383,5,1179.95,2,4,3,243,At Risk,1,1,1.0,High Risk
15378.0,463,2,246.5,1,2,1,121,Regular Customer,0,0,0.0,Low Risk
15379.0,170,9,4806.4400000000005,3,4,5,345,Loyal Customer,0,0,0.0,Low Risk
15380.0,9,13,3422.2000000000003,5,5,5,555,VIP Customer,0,0,0.0,Low Risk
15381.0,214,6,1887.62,2,4,4,244,At Risk,1,1,1.0,High Risk
15382.0,15,20,13646.5,5,5,5,555,VIP Customer,0,0,0.0,Low Risk
15383.0,683,1,-10.5,1,1,1,111,Regular Customer,0,0,0.0,Low Risk
15384.0,170,5,2014.49,3,4,4,344,Loyal Customer,0,0,0.0,Low Risk
15385.0,41,3,942.08,4,3,3,433,Regular Customer,0,0,0.0,Low Risk
15386.0,187,1,394.14,3,1,2,312,Regular Customer,0,0,0.0,Low Risk
15387.0,493,1,468.65,1,1,2,112,Regular Customer,0,0,0.0,Low Risk
15388.0,271,1,140.54,2,1,1,211,Regular Customer,0,0,0.0,Low Risk
15389.0,173,5,2733.8,3,4,4,344,Loyal Customer,0,0,0.0,Low Risk
15390.0,397,2,1216.66,2,2,4,224,Regular Customer,0,0,0.0,Low Risk
15391.0,571,2,282.92,1,2,2,122,Regular Customer,0,0,0.0,Low Risk
15392.0,5,8,2891.82,5,4,5,545,VIP Customer,0,0,0.0,Low Risk
15393.0,17,5,891.34,5,4,3,543,Loyal Customer,0,0,0.0,Low Risk
15394.0,10,13,5251.4,5,5,5,555,VIP Customer,0,0,0.0,Low Risk
15395.0,326,1,107.45,2,1,1,211,Regular Customer,0,0,0.0,Low Risk
15396.0,113,2,796.38,3,2,3,323,Regular Customer,0,0,0.0,Low Risk
15397.0,290,1,94.0,2,1,1,211,Regular Customer,0,0,0.0,Low Risk
15398.0,17,3,1339.63,5,3,4,534,Regular Customer,0,0,0.0,Low Risk
15399.0,2,3,815.77,5,3,3,533,Regular Customer,0,0,0.0,Low Risk
15400.0,93,9,1252.8,3,4,4,344,Loyal Customer,0,0,0.0,Low Risk
15401.0,453,2,216.95,1,2,1,121,Regular Customer,0,0,0.0,Low Risk
15402.0,149,7,1816.64,3,4,4,344,Loyal Customer,0,0,0.0,Low Risk
15403.0,492,2,170.88,1,2,1,121,Regular Customer,0,0,0.0,Low Risk
15404.0,376,1,257.06,2,1,1,211,Regular Customer,0,0,0.0,Low Risk
15405.0,190,2,659.84,3,2,3,323,Regular Customer,0,0,0.0,Low Risk
15406.0,19,6,891.77,5,4,3,543,Loyal Customer,0,0,0.0,Low Risk
15407.0,34,4,1056.44,4,3,3,433,Regular Customer,0,0,0.0,Low Risk
15408.0,265,1,267.18,2,1,2,212,Regular Customer,0,0,0.0,Low Risk
15409.0,702,2,117.2,1,2,1,121,Regular Customer,0,0,0.0,Low Risk
15410.0,85,10,4685.72,3,5,5,355,Loyal Customer,0,0,0.0,Low Risk
15411.0,27,5,1346.38,4,4,4,444,VIP Customer,0,0,0.0,Low Risk
15412.0,172,1,190.53,3,1,1,311,Regular Customer,0,0,0.0,Low Risk
15413.0,431,7,-2531.38,1,4,1,141,At Risk,1,1,1.0,High Risk
15414.0,10,3,774.9000000000001,5,3,3,533,Regular Customer,0,0,0.0,Low Risk
15415.0,314,1,572.8100000000001,2,1,2,212,Regular Customer,0,0,0.0,Low Risk
15416.0,65,9,4554.65,3,4,5,345,Loyal Customer,0,0,0.0,Low Risk
15417.0,86,1,508.8,3,1,2,312,Regular Customer,0,0,0.0,Low Risk
15418.0,426,2,452.32,1,2,2,122,Regular Customer,0,0,0.0,Low Risk
15419.0,25,1,135.86,4,1,1,411,Recent Customer,0,0,0.0,Low Risk
15420.0,435,6,743.0,1,4,3,143,At Risk,1,1,1.0,High Risk
15421.0,59,10,3805.34,4,5,5,455,VIP Customer,0,0,0.0,Low Risk
15422.0,324,8,1615.02,2,4,4,244,At Risk,1,1,1.0,High Risk
15423.0,39,4,219.14,4,3,1,431,Regular Customer,0,0,0.0,Low Risk
15424.0,255,3,597.78,2,3,3,233,At Risk,1,1,1.0,High Risk
15425.0,401,4,1944.57,2,3,4,234,At Risk,1,1,1.0,High Risk
15426.0,20,11,2592.95,4,5,4,454,VIP Customer,0,0,0.0,Low Risk
15427.0,34,3,1483.14,4,3,4,434,Regular Customer,0,0,0.0,Low Risk
15428.0,16,4,762.75,5,3,3,533,Regular Customer,0,0,0.0,Low Risk
15429.0,27,3,364.9,4,3,2,432,Regular Customer,0,0,0.0,Low Risk
15430.0,468,3,903.75,1,3,3,133,At Risk,1,1,1.0,High Risk
15431.0,503,1,153.24,1,1,1,111,Regular Customer,0,0,0.0,Low Risk
15432.0,24,4,301.26,4,3,2,432,Regular Customer,0,0,0.0,Low Risk
15433.0,80,3,417.87,3,3,2,332,Regular Customer,0,0,0.0,Low Risk
15434.0,9,13,2517.11,5,5,4,554,VIP Customer,0,0,0.0,Low Risk
15435.0,23,1,149.29,4,1,1,411,Recent Customer,0,0,0.0,Low Risk
15436.0,13,3,1122.53,5,3,3,533,Regular Customer,0,0,0.0,Low Risk
15437.0,263,2,393.45,2,2,2,222,Regular Customer,0,0,0.0,Low Risk
15438.0,132,1,156.57999999999998,3,1,1,311,Regular Customer,0,0,0.0,Low Risk
15439.0,405,4,1269.05,2,3,4,234,At Risk,1,1,1.0,High Risk
15440.0,55,3,383.68,4,3,2,432,Regular Customer,0,0,0.0,Low Risk
15441.0,397,3,1254.21,2,3,4,234,At Risk,1,1,1.0,High Risk
15442.0,249,1,594.0,2,1,3,213,Regular Customer,0,0,0.0,Low Risk
15443.0,2,16,5116.14,5,5,5,555,VIP Customer,0,0,0.0,Low Risk
15444.0,10,2,1418.26,5,2,4,524,Recent Customer,0,0,0.0,Low Risk
15445.0,265,2,284.5,2,2,2,222,Regular Customer,0,0,0.0,Low Risk
15446.0,377,5,398.85,2,4,2,242,At Risk,1,1,1.0,High Risk
15447.0,331,6,484.93,2,4,2,242,At Risk,1,1,1.0,High Risk
15448.0,313,2,788.81,2,2,3,223,Regular Customer,0,0,0.0,Low Risk
15449.0,27,5,971.22,4,4,3,443,Loyal Customer,0,0,0.0,Low Risk
15450.0,31,1,429.84,4,1,2,412,Recent Customer,0,0,0.0,Low Risk
15451.0,435,2,233.21,1,2,1,121,Regular Customer,0,0,0.0,Low Risk
15452.0,30,6,1799.11,4,4,4,444,VIP Customer,0,0,0.0,Low Risk
15453.0,2,7,1388.37,5,4,4,544,VIP Customer,0,0,0.0,Low Risk
15454.0,363,2,307.69,2,2,2,222,Regular Customer,0,0,0.0,Low Risk
15455.0,598,1,38.25,1,1,1,111,Regular Customer,0,0,0.0,Low Risk
15456.0,284,10,2119.27,2,5,4,254,At Risk,1,1,1.0,High Risk
15457.0,263,1,237.07,2,1,1,211,Regular Customer,0,0,0.0,Low Risk
15458.0,26,2,370.44,4,2,2,422,Recent Customer,0,0,0.0,Low Risk
15459.0,418,2,202.83,1,2,1,121,Regular Customer,0,0,0.0,Low Risk
15460.0,355,1,216.76,2,1,1,211,Regular Customer,0,0,0.0,Low Risk
15461.0,461,3,391.3,1,3,2,132,At Risk,1,1,1.0,High Risk
15462.0,95,4,737.05,3,3,3,333,Regular Customer,0,0,0.0,Low Risk
15463.0,30,1,126.14,4,1,1,411,Recent Customer,0,0,0.0,Low Risk
15464.0,339,1,1048.85,2,1,3,213,Regular Customer,0,0,0.0,Low Risk
15465.0,20,39,12226.15,4,5,5,455,VIP Customer,0,0,0.0,Low Risk
15466.0,86,4,1571.01,3,3,4,334,Regular Customer,0,0,0.0,Low Risk
15467.0,10,4,511.88,5,3,2,532,Regular Customer,0,0,0.0,Low Risk
15468.0,36,7,1387.48,4,4,4,444,VIP Customer,0,0,0.0,Low Risk
15469.0,44,6,834.4,4,4,3,443,Loyal Customer,0,0,0.0,Low Risk
15470.0,576,1,63.42,1,1,1,111,Regular Customer,0,0,0.0,Low Risk
15471.0,3,3,1316.56,5,3,4,534,Regular Customer,0,0,0.0,Low Risk
15472.0,114,1,371.56,3,1,2,312,Regular Customer,0,0,0.0,Low Risk
15473.0,15,11,1740.0,5,5,4,554,VIP Customer,0,0,0.0,Low Risk
15474.0,596,1,163.1,1,1,1,111,Regular Customer,0,0,0.0,Low Risk
15475.0,78,1,454.11,3,1,2,312,Regular Customer,0,0,0.0,Low Risk
15476.0,381,5,2180.28,2,4,4,244,At Risk,1,1,1.0,High Risk
15477.0,650,1,368.4,1,1,2,112,Regular Customer,0,0,0.0,Low Risk
15478.0,41,3,2024.98,4,3,4,434,Regular Customer,0,0,0.0,Low Risk
15479.0,734,1,147.4,1,1,1,111,Regular Customer,0,0,0.0,Low Risk
15480.0,117,7,3592.25,3,4,5,345,Loyal Customer,0,0,0.0,Low Risk
15481.0,402,1,1993.34,2,1,4,214,Regular Customer,0,0,0.0,Low Risk
15482.0,16,24,8107.83,5,5,5,555,VIP Customer,0,0,0.0,Low Risk
15483.0,162,10,862.2,3,5,3,353,Loyal Customer,0,0,0.0,Low Risk
15484.0,2,7,4624.8,5,4,5,545,VIP Customer,0,0,0.0,Low Risk
15485.0,31,8,5624.51,4,4,5,445,VIP Customer,0,0,0.0,Low Risk
15486.0,528,1,102.0,1,1,1,111,Regular Customer,0,0,0.0,Low Risk
15487.0,680,1,231.32,1,1,1,111,Regular Customer,0,0,0.0,Low Risk
15488.0,93,5,431.92,3,4,2,342,Loyal Customer,0,0,0.0,Low Risk
15489.0,23,12,2327.36,4,5,4,454,VIP Customer,0,0,0.0,Low Risk
15490.0,431,2,188.1,1,2,1,121,Regular Customer,0,0,0.0,Low Risk
15491.0,96,7,3090.85,3,4,5,345,Loyal Customer,0,0,0.0,Low Risk
15492.0,29,2,659.4599999999999,4,2,3,423,Recent Customer,0,0,0.0,Low Risk
15493.0,33,11,4280.43,4,5,5,455,VIP Customer,0,0,0.0,Low Risk
15494.0,22,6,3770.95,4,4,5,445,VIP Customer,0,0,0.0,Low Risk
15495.0,380,1,246.5,2,1,1,211,Regular Customer,0,0,0.0,Low Risk
15496.0,632,1,146.14,1,1,1,111,Regular Customer,0,0,0.0,Low Risk
15497.0,18,11,8643.46,5,5,5,555,VIP Customer,0,0,0.0,Low Risk
15498.0,1,55,23860.81,5,5,5,555,VIP Customer,0,0,0.0,Low Risk
15499.0,724,1,161.6,1,1,1,111,Regular Customer,0,0,0.0,Low Risk
15500.0,9,4,1131.56,5,3,3,533,Regular Customer,0,0,0.0,Low Risk
15501.0,405,2,402.5,2,2,2,222,Regular Customer,0,0,0.0,Low Risk
15502.0,16,27,8673.53,5,5,5,555,VIP Customer,0,0,0.0,Low Risk
15503.0,363,2,267.15,2,2,2,222,Regular Customer,0,0,0.0,Low Risk
15504.0,82,5,413.9,3,4,2,342,Loyal Customer,0,0,0.0,Low Risk
15505.0,53,7,3497.14,4,4,5,445,VIP Customer,0,0,0.0,Low Risk
15506.0,23,6,2040.03,4,4,4,444,VIP Customer,0,0,0.0,Low Risk
15507.0,172,1,492.36,3,1,2,312,Regular Customer,0,0,0.0,Low Risk
15508.0,190,6,1000.27,3,4,3,343,Loyal Customer,0,0,0.01,Low Risk
15509.0,381,1,166.51,2,1,1,211,Regular Customer,0,0,0.0,Low Risk
15510.0,331,1,250.0,2,1,1,211,Regular Customer,0,0,0.005,Low Risk
15511.0,12,5,909.23,5,4,3,543,Loyal Customer,0,0,0.0,Low Risk
15512.0,156,4,331.58,3,3,2,332,Regular Customer,0,0,0.0,Low Risk
15513.0,32,41,27264.45,4,5,5,455,VIP Customer,0,0,0.0,Low Risk
15514.0,13,20,5422.28,5,5,5,555,VIP Customer,0,0,0.0,Low Risk
15515.0,388,1,171.81,2,1,1,211,Regular Customer,0,0,0.0,Low Risk
15516.0,45,3,62.43,4,3,1,431,Regular Customer,0,0,0.005,Low Risk
15517.0,234,1,267.03,2,1,2,212,Regular Customer,0,0,0.0,Low Risk
15518.0,65,23,4103.78,3,5,5,355,Loyal Customer,0,0,0.0,Low Risk
15519.0,384,2,344.61,2,2,2,222,Regular Customer,0,0,0.0,Low Risk
15520.0,2,1,343.5,5,1,2,512,Recent Customer,0,0,0.0,Low Risk
15521.0,37,24,6674.44,4,5,5,455,VIP Customer,0,0,0.0,Low Risk
15522.0,33,2,398.84,4,2,2,422,Recent Customer,0,0,0.0,Low Risk
15523.0,85,18,17220.04,3,5,5,355,Loyal Customer,0,0,0.0,Low Risk
15524.0,25,2,591.4,4,2,3,423,Recent Customer,0,0,0.0,Low Risk
15525.0,3,5,1280.8,5,4,4,544,VIP Customer,0,0,0.0,Low Risk
15526.0,34,2,148.44,4,2,1,421,Recent Customer,0,0,0.0,Low Risk
15527.0,19,31,5041.78,5,5,5,555,VIP Customer,0,0,0.0,Low Risk
15528.0,255,1,229.33,2,1,1,211,Regular Customer,0,0,0.0,Low Risk
15529.0,23,13,5084.5,4,5,5,455,VIP Customer,0,0,0.0,Low Risk
15530.0,22,5,1813.72,4,4,4,444,VIP Customer,0,0,0.0,Low Risk
15531.0,9,2,2007.44,5,2,4,524,Recent Customer,0,0,0.0,Low Risk
15532.0,26,12,3708.05,4,5,5,455,VIP Customer,0,0,0.0,Low Risk
15533.0,20,5,746.92,4,4,3,443,Loyal Customer,0,0,0.0,Low Risk
15534.0,726,1,162.25,1,1,1,111,Regular Customer,0,0,0.0,Low Risk
15535.0,174,10,985.82,3,5,3,353,Loyal Customer,0,0,0.0,Low Risk
15536.0,410,1,259.09,2,1,1,211,Regular Customer,0,0,0.0,Low Risk
15537.0,164,1,110.92,3,1,1,311,Regular Customer,0,0,0.0,Low Risk
15538.0,538,11,3027.15,1,5,5,155,At Risk,1,1,1.0,High Risk
15539.0,8,1,538.46,5,1,2,512,Recent Customer,0,0,0.0,Low Risk
15540.0,12,2,460.68,5,2,2,522,Recent Customer,0,0,0.0,Low Risk
15541.0,115,1,85.13000000000001,3,1,1,311,Regular Customer,0,0,0.0,Low Risk
15542.0,513,4,895.9,1,3,3,133,At Risk,1,1,1.0,High Risk
15543.0,289,2,242.84,2,2,1,221,Regular Customer,0,0,0.0,Low Risk
15544.0,9,26,8134.12,5,5,5,555,VIP Customer,0,0,0.0,Low Risk
15545.0,55,2,428.05,4,2,2,422,Recent Customer,0,0,0.0,Low Risk
15546.0,607,3,539.5500000000001,1,3,2,132,At Risk,1,1,1.0,High Risk
15547.0,8,28,10140.89,5,5,5,555,VIP Customer,0,0,0.0,Low Risk
15548.0,596,1,158.09,1,1,1,111,Regular Customer,0,0,0.0,Low Risk
15549.0,78,9,2308.46,3,4,4,344,Loyal Customer,0,0,0.0,Low Risk
15550.0,5,14,1995.6,5,5,4,554,VIP Customer,0,0,0.0,Low Risk
15551.0,37,9,1659.28,4,4,4,444,VIP Customer,0,0,0.0,Low Risk
15552.0,218,2,252.52,2,2,1,221,Regular Customer,0,0,0.0,Low Risk
15553.0,61,1,437.23,3,1,2,312,Regular Customer,0,0,0.0,Low Risk
15554.0,278,1,217.2,2,1,1,211,Regular Customer,0,0,0.0,Low Risk
15555.0,13,46,11744.08,5,5,5,555,VIP Customer,0,0,0.0,Low Risk
15556.0,25,1,279.77,4,1,2,412,Recent Customer,0,0,0.0,Low Risk
15557.0,29,1,473.65,4,1,2,412,Recent Customer,0,0,0.0,Low Risk
15558.0,640,2,143.32999999999998,1,2,1,121,Regular Customer,0,0,0.0,Low Risk
15559.0,569,1,1109.4,1,1,3,113,Regular Customer,0,0,0.0,Low Risk
15560.0,398,2,153.52,2,2,1,221,Regular Customer,0,0,0.0,Low Risk
15561.0,12,9,1856.54,5,4,4,544,VIP Customer,0,0,0.0,Low Risk
15562.0,352,3,673.3800000000001,2,3,3,233,At Risk,1,1,1.0,High Risk
15563.0,9,11,2781.21,5,5,4,554,VIP Customer,0,0,0.0,Low Risk
15564.0,464,2,70.74000000000001,1,2,1,121,Regular Customer,0,0,0.0,Low Risk
15565.0,51,2,173.16,4,2,1,421,Recent Customer,0,0,0.0,Low Risk
15566.0,393,2,227.87,2,2,1,221,Regular Customer,0,0,0.0,Low Risk
15567.0,19,1,186.01,5,1,1,511,Recent Customer,0,0,0.0,Low Risk
15568.0,3,3,758.29,5,3,3,533,Regular Customer,0,0,0.0,Low Risk
15569.0,104,10,3586.35,3,5,5,355,Loyal Customer,0,0,0.0,Low Risk
15570.0,8,27,9246.99,5,5,5,555,VIP Customer,0,0,0.0,Low Risk
15571.0,12,14,4051.63,5,5,5,555,VIP Customer,0,0,0.0,Low Risk
15572.0,5,10,4068.67,5,5,5,555,VIP Customer,0,0,0.0,Low Risk
15573.0,32,5,1207.18,4,4,4,444,VIP Customer,0,0,0.0,Low Risk
15574.0,178,7,1476.7,3,4,4,344,Loyal Customer,0,0,0.0,Low Risk
15575.0,620,1,30.1,1,1,1,111,Regular Customer,0,0,0.0,Low Risk
15576.0,38,1,940.67,4,1,3,413,Recent Customer,0,0,0.0,Low Risk
15577.0,152,5,397.98,3,4,2,342,Loyal Customer,0,0,0.0,Low Risk
15578.0,163,1,127.1,3,1,1,311,Regular Customer,0,0,0.0,Low Risk
15579.0,69,7,1267.25,3,4,4,344,Loyal Customer,0,0,0.0,Low Risk
15580.0,377,14,1221.95,2,5,4,254,At Risk,1,1,1.0,High Risk
15581.0,121,43,5797.780000000001,3,5,5,355,Loyal Customer,0,0,0.0,Low Risk
15582.0,25,3,682.9100000000001,4,3,3,433,Regular Customer,0,0,0.0,Low Risk
15583.0,377,1,107.86,2,1,1,211,Regular Customer,0,0,0.0,Low Risk
15584.0,24,7,1275.0,4,4,4,444,VIP Customer,0,0,0.0,Low Risk
15585.0,177,1,455.3,3,1,2,312,Regular Customer,0,0,0.0,Low Risk
15586.0,592,4,1128.66,1,3,3,133,At Risk,1,1,0.995,High Risk
15587.0,51,7,1522.0800000000002,4,4,4,444,VIP Customer,0,0,0.0,Low Risk
15588.0,678,1,579.6,1,1,2,112,Regular Customer,0,0,0.005,Low Risk
15589.0,253,4,456.58,2,3,2,232,At Risk,1,1,1.0,High Risk
15590.0,290,6,1466.41,2,4,4,244,At Risk,1,1,1.0,High Risk
15591.0,583,3,217.9,1,3,1,131,At Risk,1,1,1.0,High Risk
15592.0,47,1,388.58,4,1,2,412,Recent Customer,0,0,0.0,Low Risk
15593.0,71,1,199.8,3,1,1,311,Regular Customer,0,0,0.0,Low Risk
15594.0,16,6,1767.53,5,4,4,544,VIP Customer,0,0,0.0,Low Risk
15595.0,488,1,357.6,1,1,2,112,Regular Customer,0,0,0.0,Low Risk
15596.0,101,16,3023.59,3,5,5,355,Loyal Customer,0,0,0.0,Low Risk
15597.0,30,3,554.52,4,3,2,432,Regular Customer,0,0,0.0,Low Risk
15598.0,36,4,543.02,4,3,2,432,Regular Customer,0,0,0.0,Low Risk
15599.0,27,3,1250.06,4,3,4,434,Regular Customer,0,0,0.0,Low Risk
15600.0,429,5,1178.71,1,4,3,143,At Risk,1,1,1.0,High Risk
15601.0,12,35,14919.22,5,5,5,555,VIP Customer,0,0,0.0,Low Risk
15602.0,9,25,2975.9700000000003,5,5,5,555,VIP Customer,0,0,0.0,Low Risk
15603.0,79,3,74.73,3,3,1,331,Regular Customer,0,0,0.005,Low Risk
15604.0,53,1,216.39,4,1,1,411,Recent Customer,0,0,0.0,Low Risk
15605.0,37,10,1933.4,4,5,4,454,VIP Customer,0,0,0.0,Low Risk
15606.0,58,19,4733.47,4,5,5,455,VIP Customer,0,0,0.0,Low Risk
15607.0,337,13,1578.57,2,5,4,254,At Risk,1,1,1.0,High Risk
15608.0,29,5,1785.98,4,4,4,444,VIP Customer,0,0,0.0,Low Risk
15609.0,183,2,270.03000000000003,3,2,2,322,Regular Customer,0,0,0.0,Low Risk
15610.0,52,1,112.46,4,1,1,411,Recent Customer,0,0,0.0,Low Risk
15611.0,10,32,2858.37,5,5,4,554,VIP Customer,0,0,0.0,Low Risk
15612.0,37,2,195.15,4,2,1,421,Recent Customer,0,0,0.0,Low Risk
15613.0,611,1,433.72,1,1,2,112,Regular Customer,0,0,0.0,Low Risk
15614.0,429,7,3008.86,1,4,5,145,At Risk,1,1,1.0,High Risk
15615.0,11,54,21282.07,5,5,5,555,VIP Customer,0,0,0.0,Low Risk
15616.0,439,1,317.11,1,1,2,112,Regular Customer,0,0,0.0,Low Risk
15617.0,397,3,828.5500000000001,2,3,3,233,At Risk,1,1,1.0,High Risk
15618.0,33,5,747.031,4,4,3,443,Loyal Customer,0,0,0.0,Low Risk
15619.0,11,1,336.40000000000003,5,1,2,512,Recent Customer,0,0,0.0,Low Risk
15620.0,51,8,1909.93,4,4,4,444,VIP Customer,0,0,0.0,Low Risk
15621.0,5,6,1158.77,5,4,3,543,Loyal Customer,0,0,0.0,Low Risk
15622.0,4,30,7318.08,5,5,5,555,VIP Customer,0,0,0.0,Low Risk
15623.0,142,8,2437.05,3,4,4,344,Loyal Customer,0,0,0.0,Low Risk
15624.0,117,4,588.13,3,3,3,333,Regular Customer,0,0,0.0,Low Risk
15625.0,101,14,3203.25,3,5,5,355,Loyal Customer,0,0,0.0,Low Risk
15626.0,75,4,1049.37,3,3,3,333,Regular Customer,0,0,0.0,Low Risk
15627.0,458,2,566.9,1,2,2,122,Regular Customer,0,0,0.0,Low Risk
15628.0,5,21,5603.360000000001,5,5,5,555,VIP Customer,0,0,0.0,Low Risk
15629.0,451,4,2240.9,1,3,4,134,At Risk,1,1,1.0,High Risk
15630.0,46,4,1475.45,4,3,4,434,Regular Customer,0,0,0.0,Low Risk
15631.0,643,1,596.67,1,1,3,113,Regular Customer,0,0,0.0,Low Risk
15632.0,16,10,3147.31,5,5,5,555,VIP Customer,0,0,0.0,Low Risk
15633.0,510,18,4173.41,1,5,5,155,At Risk,1,1,1.0,High Risk
15634.0,18,2,554.65,5,2,2,522,Recent Customer,0,0,0.0,Low Risk
15635.0,396,1,100.35,2,1,1,211,Regular Customer,0,0,0.0,Low Risk
15636.0,90,4,1444.58,3,3,4,334,Regular Customer,0,0,0.0,Low Risk
15637.0,53,5,797.59,4,4,3,443,Loyal Customer,0,0,0.0,Low Risk
15638.0,302,9,2137.2,2,4,4,244,At Risk,1,1,1.0,High Risk
15639.0,135,5,1028.33,3,4,3,343,Loyal Customer,0,0,0.0,Low Risk
15640.0,5,34,23835.41,5,5,5,555,VIP Customer,0,0,0.0,Low Risk
15641.0,106,12,5345.55,3,5,5,355,Loyal Customer,0,0,0.0,Low Risk
15642.0,730,1,105.78000000000002,1,1,1,111,Regular Customer,0,0,0.0,Low Risk
15643.0,180,6,647.4,3,4,3,343,Loyal Customer,0,0,0.0,Low Risk
15644.0,167,4,813.0,3,3,3,333,Regular Customer,0,0,0.0,Low Risk
15645.0,19,4,1042.57,5,3,3,533,Regular Customer,0,0,0.0,Low Risk
15646.0,158,6,952.11,3,4,3,343,Loyal Customer,0,0,0.0,Low Risk
15647.0,416,1,169.0,1,1,1,111,Regular Customer,0,0,0.0,Low Risk
15648.0,205,4,599.9,2,3,3,233,At Risk,1,1,1.0,High Risk
15649.0,337,4,2170.35,2,3,4,234,At Risk,1,1,1.0,High Risk
15650.0,516,3,539.03,1,3,2,132,At Risk,1,1,1.0,High Risk
15651.0,37,5,1259.06,4,4,4,444,VIP Customer,0,0,0.0,Low Risk
15652.0,92,6,1411.84,3,4,4,344,Loyal Customer,0,0,0.0,Low Risk
15653.0,93,2,877.4399999999999,3,2,3,323,Regular Customer,0,0,0.0,Low Risk
15654.0,10,2,922.53,5,2,3,523,Recent Customer,0,0,0.0,Low Risk
15655.0,234,2,511.32,2,2,2,222,Regular Customer,0,0,0.0,Low Risk
15656.0,46,4,748.5,4,3,3,433,Regular Customer,0,0,0.0,Low Risk
15657.0,23,1,30.0,4,1,1,411,Recent Customer,0,0,0.0,Low Risk
15658.0,191,13,2270.34,3,5,4,354,Loyal Customer,0,0,0.015,Low Risk
15659.0,44,3,532.49,4,3,2,432,Regular Customer,0,0,0.0,Low Risk
15660.0,26,18,2764.14,4,5,4,454,VIP Customer,0,0,0.0,Low Risk
15661.0,318,8,1215.95,2,4,4,244,At Risk,1,1,1.0,High Risk
15662.0,662,2,283.73,1,2,2,122,Regular Customer,0,0,0.0,Low Risk
15663.0,107,1,138.14,3,1,1,311,Regular Customer,0,0,0.0,Low Risk
15664.0,51,7,1212.35,4,4,4,444,VIP Customer,0,0,0.0,Low Risk
15665.0,169,5,4015.12,3,4,5,345,Loyal Customer,0,0,0.0,Low Risk
15666.0,473,2,632.9399999999999,1,2,3,123,Regular Customer,0,0,0.0,Low Risk
15667.0,40,1,301.32,4,1,2,412,Recent Customer,0,0,0.0,Low Risk
15668.0,218,1,76.32000000000001,2,1,1,211,Regular Customer,0,0,0.0,Low Risk
15669.0,41,5,677.69,4,4,3,443,Loyal Customer,0,0,0.0,Low Risk
15670.0,297,3,315.2,2,3,2,232,At Risk,1,1,1.0,High Risk
15671.0,19,10,2635.49,5,5,4,554,VIP Customer,0,0,0.0,Low Risk
15672.0,726,1,45.3,1,1,1,111,Regular Customer,0,0,0.0,Low Risk
15673.0,89,10,6409.84,3,5,5,355,Loyal Customer,0,0,0.0,Low Risk
15674.0,74,18,6217.85,3,5,5,355,Loyal Customer,0,0,0.0,Low Risk
15675.0,82,4,542.04,3,3,2,332,Regular Customer,0,0,0.0,Low Risk
15676.0,10,5,3324.09,5,4,5,545,VIP Customer,0,0,0.0,Low Risk
15677.0,50,3,1305.63,4,3,4,434,Regular Customer,0,0,0.0,Low Risk
15678.0,53,3,1893.89,4,3,4,434,Regular Customer,0,0,0.0,Low Risk
15679.0,25,4,781.28,4,3,3,433,Regular Customer,0,0,0.0,Low Risk
15680.0,10,12,4464.4800000000005,5,5,5,555,VIP Customer,0,0,0.0,Low Risk
15681.0,19,16,2480.2,5,5,4,554,VIP Customer,0,0,0.0,Low Risk
15682.0,600,3,316.99,1,3,2,132,At Risk,1,1,1.0,High Risk
15683.0,118,2,524.54,3,2,2,322,Regular Customer,0,0,0.0,Low Risk
15684.0,548,6,147.8,1,4,1,141,At Risk,1,1,1.0,High Risk
15685.0,451,1,55.98,1,1,1,111,Regular Customer,0,0,0.0,Low Risk
15686.0,421,1,90.0,1,1,1,111,Regular Customer,0,0,0.0,Low Risk
15687.0,9,11,2981.5,5,5,5,555,VIP Customer,0,0,0.0,Low Risk
15688.0,419,1,190.57,1,1,1,111,Regular Customer,0,0,0.0,Low Risk
15689.0,120,3,521.03,3,3,2,332,Regular Customer,0,0,0.0,Low Risk
15690.0,5,2,239.76,5,2,1,521,Recent Customer,0,0,0.0,Low Risk
15691.0,253,5,511.8,2,4,2,242,At Risk,1,1,1.0,High Risk
15692.0,29,1,191.04,4,1,1,411,Recent Customer,0,0,0.0,Low Risk
15693.0,660,1,37.5,1,1,1,111,Regular Customer,0,0,0.0,Low Risk
15694.0,1,29,10566.46,5,5,5,555,VIP Customer,0,0,0.0,Low Risk
15695.0,267,4,1131.04,2,3,3,233,At Risk,1,1,1.0,High Risk
15696.0,34,21,3757.47,4,5,5,455,VIP Customer,0,0,0.0,Low Risk
15697.0,690,1,246.75,1,1,1,111,Regular Customer,0,0,0.0,Low Risk
15698.0,625,1,46.2,1,1,1,111,Regular Customer,0,0,0.0,Low Risk
15699.0,18,1,309.65,5,1,2,512,Recent Customer,0,0,0.0,Low Risk
15700.0,173,3,664.03,3,3,3,333,Regular Customer,0,0,0.0,Low Risk
15701.0,3,4,1542.14,5,3,4,534,Regular Customer,0,0,0.0,Low Risk
15702.0,477,2,140.39,1,2,1,121,Regular Customer,0,0,0.0,Low Risk
15703.0,265,1,211.5,2,1,1,211,Regular Customer,0,0,0.0,Low Risk
15704.0,141,8,3744.18,3,4,5,345,Loyal Customer,0,0,0.0,Low Risk
15705.0,202,1,143.1,2,1,1,211,Regular Customer,0,0,0.0,Low Risk
15706.0,60,7,1001.81,3,4,3,343,Loyal Customer,0,0,0.0,Low Risk
15707.0,36,4,945.58,4,3,3,433,Regular Customer,0,0,0.0,Low Risk
15708.0,41,14,4323.9800000000005,4,5,5,455,VIP Customer,0,0,0.0,Low Risk
15709.0,284,2,327.85,2,2,2,222,Regular Customer,0,0,0.0,Low Risk
15710.0,418,1,898.87,1,1,3,113,Regular Customer,0,0,0.0,Low Risk
15711.0,557,2,420.25,1,2,2,122,Regular Customer,0,0,0.0,Low Risk
15712.0,10,13,3467.46,5,5,5,555,VIP Customer,0,0,0.0,Low Risk
15713.0,144,6,985.99,3,4,3,343,Loyal Customer,0,0,0.0,Low Risk
15714.0,12,5,784.8100000000001,5,4,3,543,Loyal Customer,0,0,0.0,Low Risk
15715.0,556,5,658.02,1,4,3,143,At Risk,1,1,1.0,High Risk
15716.0,146,11,3056.81,3,5,5,355,Loyal Customer,0,0,0.0,Low Risk
15717.0,235,5,607.0,2,4,3,243,At Risk,1,1,1.0,High Risk
15718.0,541,1,293.79,1,1,2,112,Regular Customer,0,0,0.0,Low Risk
15719.0,33,39,10134.36,4,5,5,455,VIP Customer,0,0,0.0,Low Risk
15720.0,25,2,741.92,4,2,3,423,Recent Customer,0,0,0.0,Low Risk
15721.0,12,1,507.08,5,1,2,512,Recent Customer,0,0,0.0,Low Risk
15722.0,36,15,5120.05,4,5,5,455,VIP Customer,0,0,0.0,Low Risk
15723.0,365,4,947.65,2,3,3,233,At Risk,1,1,1.0,High Risk
15724.0,202,5,299.8,2,4,2,242,At Risk,1,1,1.0,High Risk
15725.0,16,1,415.25,5,1,2,512,Recent Customer,0,0,0.0,Low Risk
15726.0,391,1,321.91,2,1,2,212,Regular Customer,0,0,0.0,Low Risk
15727.0,17,15,9445.51,5,5,5,555,VIP Customer,0,0,0.0,Low Risk
15728.0,50,3,409.80000000000007,4,3,2,432,Regular Customer,0,0,0.0,Low Risk
15729.0,199,5,154.70000000000002,2,4,1,241,At Risk,1,1,1.0,High Risk
15730.0,66,7,1708.18,3,4,4,344,Loyal Customer,0,0,0.0,Low Risk
15731.0,554,1,125.3,1,1,1,111,Regular Customer,0,0,0.0,Low Risk
15732.0,213,12,1637.52,2,5,4,254,At Risk,1,1,1.0,High Risk
15733.0,283,1,162.3,2,1,1,211,Regular Customer,0,0,0.0,Low Risk
15734.0,115,4,2263.3,3,3,4,334,Regular Customer,0,0,0.0,Low Risk
15735.0,422,1,327.68,1,1,2,112,Regular Customer,0,0,0.0,Low Risk
15736.0,431,3,1717.27,1,3,4,134,At Risk,1,1,1.0,High Risk
15737.0,15,12,1121.21,5,5,3,553,Loyal Customer,0,0,0.0,Low Risk
15738.0,19,45,13342.12,5,5,5,555,VIP Customer,0,0,0.0,Low Risk
15739.0,67,1,449.12,3,1,2,312,Regular Customer,0,0,0.0,Low Risk
15740.0,50,1,154.88,4,1,1,411,Recent Customer,0,0,0.0,Low Risk
15741.0,459,2,208.62,1,2,1,121,Regular Customer,0,0,0.0,Low Risk
15742.0,620,1,156.87,1,1,1,111,Regular Customer,0,0,0.0,Low Risk
15743.0,17,4,784.46,5,3,3,533,Regular Customer,0,0,0.0,Low Risk
15744.0,78,1,34.8,3,1,1,311,Regular Customer,0,0,0.0,Low Risk
15745.0,9,6,1071.24,5,4,3,543,Loyal Customer,0,0,0.0,Low Risk
15746.0,135,2,182.96,3,2,1,321,Regular Customer,0,0,0.0,Low Risk
15747.0,13,10,2560.66,5,5,4,554,VIP Customer,0,0,0.0,Low Risk
15748.0,41,3,614.7600000000001,4,3,3,433,Regular Customer,0,0,0.0,Low Risk
15749.0,236,4,21535.9,2,3,5,235,At Risk,1,1,1.0,High Risk
15750.0,3,24,6692.551,5,5,5,555,VIP Customer,0,0,0.0,Low Risk
15751.0,461,14,1318.84,1,5,4,154,At Risk,1,1,1.0,High Risk
15752.0,40,10,4199.09,4,5,5,455,VIP Customer,0,0,0.0,Low Risk
15753.0,305,1,79.2,2,1,1,211,Regular Customer,0,0,0.0,Low Risk
15754.0,51,12,3001.86,4,5,5,455,VIP Customer,0,0,0.0,Low Risk
15755.0,2,20,5936.95,5,5,5,555,VIP Customer,0,0,0.0,Low Risk
15756.0,62,4,532.96,3,3,2,332,Regular Customer,0,0,0.0,Low Risk
15757.0,66,6,2940.36,3,4,5,345,Loyal Customer,0,0,0.0,Low Risk
15758.0,25,1,205.25,4,1,1,411,Recent Customer,0,0,0.0,Low Risk
15759.0,219,10,810.98,2,5,3,253,At Risk,1,1,1.0,High Risk
15760.0,631,5,-5795.87,1,4,1,141,At Risk,1,1,0.995,High Risk
15761.0,443,1,143.05,1,1,1,111,Regular Customer,0,0,0.0,Low Risk
15762.0,66,2,583.75,3,2,2,322,Regular Customer,0,0,0.0,Low Risk
15763.0,32,3,1048.67,4,3,3,433,Regular Customer,0,0,0.0,Low Risk
15764.0,82,14,4453.28,3,5,5,355,Loyal Customer,0,0,0.0,Low Risk
15765.0,667,1,370.63,1,1,2,112,Regular Customer,0,0,0.0,Low Risk
15766.0,65,4,799.66,3,3,3,333,Regular Customer,0,0,0.0,Low Risk
15767.0,642,2,-242.7,1,2,1,121,Regular Customer,0,0,0.0,Low Risk
15768.0,116,36,15559.46,3,5,5,355,Loyal Customer,0,0,0.0,Low Risk
15769.0,8,51,84269.38,5,5,5,555,VIP Customer,0,0,0.0,Low Risk
15770.0,613,1,321.45,1,1,2,112,Regular Customer,0,0,0.0,Low Risk
15771.0,605,3,1006.54,1,3,3,133,At Risk,1,1,1.0,High Risk
15772.0,419,1,280.88,1,1,2,112,Regular Customer,0,0,0.0,Low Risk
15773.0,6,2,774.52,5,2,3,523,Recent Customer,0,0,0.0,Low Risk
15774.0,69,7,1324.2,3,4,4,344,Loyal Customer,0,0,0.0,Low Risk
15775.0,246,2,150.5,2,2,1,221,Regular Customer,0,0,0.0,Low Risk
15776.0,134,1,241.62,3,1,1,311,Regular Customer,0,0,0.0,Low Risk
15777.0,242,9,1732.16,2,4,4,244,At Risk,1,1,1.0,High Risk
15778.0,432,1,307.95,1,1,2,112,Regular Customer,0,0,0.0,Low Risk
15779.0,464,2,124.08,1,2,1,121,Regular Customer,0,0,0.0,Low Risk
15780.0,184,3,475.28,3,3,2,332,Regular Customer,0,0,0.0,Low Risk
15781.0,26,4,333.56,4,3,2,432,Regular Customer,0,0,0.0,Low Risk
15782.0,10,6,3985.65,5,4,5,545,VIP Customer,0,0,0.0,Low Risk
15783.0,11,1,246.3,5,1,1,511,Recent Customer,0,0,0.0,Low Risk
15784.0,468,2,848.3299999999999,1,2,3,123,Regular Customer,0,0,0.0,Low Risk
15785.0,30,26,5825.33,4,5,5,455,VIP Customer,0,0,0.0,Low Risk
15786.0,44,9,8392.85,4,4,5,445,VIP Customer,0,0,0.0,Low Risk
15787.0,27,3,948.05,4,3,3,433,Regular Customer,0,0,0.0,Low Risk
15788.0,501,2,215.53,1,2,1,121,Regular Customer,0,0,0.0,Low Risk
15789.0,359,7,1932.01,2,4,4,244,At Risk,1,1,1.0,High Risk
15790.0,11,1,220.85,5,1,1,511,Recent Customer,0,0,0.0,Low Risk
15791.0,44,9,3541.79,4,4,5,445,VIP Customer,0,0,0.0,Low Risk
15792.0,400,2,933.84,2,2,3,223,Regular Customer,0,0,0.0,Low Risk
15793.0,10,9,2382.92,5,4,4,544,VIP Customer,0,0,0.0,Low Risk
15794.0,737,2,777.0,1,2,3,123,Regular Customer,0,0,0.0,Low Risk
15795.0,150,8,1979.87,3,4,4,344,Loyal Customer,0,0,0.0,Low Risk
15796.0,2,22,5019.95,5,5,5,555,VIP Customer,0,0,0.0,Low Risk
15797.0,114,6,2821.08,3,4,4,344,Loyal Customer,0,0,0.0,Low Risk
15798.0,493,3,1535.37,1,3,4,134,At Risk,1,1,1.0,High Risk
15799.0,76,4,1424.29,3,3,4,334,Regular Customer,0,0,0.0,Low Risk
15800.0,108,7,1242.58,3,4,4,344,Loyal Customer,0,0,0.0,Low Risk
15801.0,47,4,1042.19,4,3,3,433,Regular Customer,0,0,0.0,Low Risk
15802.0,143,3,-451.42,3,3,1,331,Regular Customer,0,0,0.02,Low Risk
15803.0,52,4,1929.66,4,3,4,434,Regular Customer,0,0,0.0,Low Risk
15804.0,1,19,3848.55,5,5,5,555,VIP Customer,0,0,0.0,Low Risk
15805.0,24,40,9708.92,4,5,5,455,VIP Customer,0,0,0.0,Low Risk
15806.0,47,3,784.58,4,3,3,433,Regular Customer,0,0,0.0,Low Risk
15807.0,51,6,1807.57,4,4,4,444,VIP Customer,0,0,0.0,Low Risk
15808.0,307,24,18248.83,2,5,5,255,At Risk,1,1,1.0,High Risk
15809.0,36,9,862.88,4,4,3,443,Loyal Customer,0,0,0.0,Low Risk
15810.0,79,13,2724.8,3,5,4,354,Loyal Customer,0,0,0.0,Low Risk
15811.0,18,10,3843.22,5,5,5,555,VIP Customer,0,0,0.0,Low Risk
15812.0,108,13,5186.17,3,5,5,355,Loyal Customer,0,0,0.0,Low Risk
15813.0,208,2,1303.91,2,2,4,224,Regular Customer,0,0,0.0,Low Risk
15814.0,4,8,2531.84,5,4,4,544,VIP Customer,0,0,0.0,Low Risk
15815.0,64,5,2100.6,3,4,4,344,Loyal Customer,0,0,0.0,Low Risk
15816.0,543,3,93.3,1,3,1,131,At Risk,1,1,1.0,High Risk
15817.0,421,3,2766.4,1,3,4,134,At Risk,1,1,1.0,High Risk
15818.0,589,1,340.5,1,1,2,112,Regular Customer,0,0,0.0,Low Risk
15819.0,50,11,3911.28,4,5,5,455,VIP Customer,0,0,0.0,Low Risk
15820.0,320,1,206.98,2,1,1,211,Regular Customer,0,0,0.0,Low Risk
15821.0,45,2,570.96,4,2,2,422,Recent Customer,0,0,0.0,Low Risk
15822.0,4,8,1777.91,5,4,4,544,VIP Customer,0,0,0.0,Low Risk
15823.0,338,6,3033.86,2,4,5,245,At Risk,1,1,1.0,High Risk
15824.0,454,2,890.94,1,2,3,123,Regular Customer,0,0,0.0,Low Risk
15825.0,173,1,532.94,3,1,2,312,Regular Customer,0,0,0.0,Low Risk
15826.0,52,6,2583.13,4,4,4,444,VIP Customer,0,0,0.0,Low Risk
15827.0,74,42,3430.96,3,5,5,355,Loyal Customer,0,0,0.0,Low Risk
15828.0,376,1,1108.82,2,1,3,213,Regular Customer,0,0,0.0,Low Risk
15829.0,100,2,636.14,3,2,3,323,Regular Customer,0,0,0.0,Low Risk
15830.0,30,2,547.7,4,2,2,422,Recent Customer,0,0,0.0,Low Risk
15831.0,59,4,747.76,4,3,3,433,Regular Customer,0,0,0.0,Low Risk
15832.0,255,1,836.79,2,1,3,213,Regular Customer,0,0,0.0,Low Risk
15833.0,738,1,80.4,1,1,1,111,Regular Customer,0,0,0.0,Low Risk
15834.0,71,9,3600.29,3,4,5,345,Loyal Customer,0,0,0.0,Low Risk
15835.0,45,4,954.09,4,3,3,433,Regular Customer,0,0,0.0,Low Risk
15836.0,46,2,117.47,4,2,1,421,Recent Customer,0,0,0.0,Low Risk
15837.0,65,2,777.01,3,2,3,323,Regular Customer,0,0,0.0,Low Risk
15838.0,12,38,73404.11,5,5,5,555,VIP Customer,0,0,0.0,Low Risk
15839.0,26,5,1020.74,4,4,3,443,Loyal Customer,0,0,0.0,Low Risk
15840.0,59,3,345.66,4,3,2,432,Regular Customer,0,0,0.0,Low Risk
15841.0,65,12,2716.5,3,5,4,354,Loyal Customer,0,0,0.0,Low Risk
15842.0,389,3,528.75,2,3,2,232,At Risk,1,1,1.0,High Risk
15843.0,304,1,118.95000000000002,2,1,1,211,Regular Customer,0,0,0.0,Low Risk
15844.0,47,1,130.73999999999998,4,1,1,411,Recent Customer,0,0,0.0,Low Risk
15845.0,18,14,4273.65,5,5,5,555,VIP Customer,0,0,0.0,Low Risk
15846.0,386,1,107.01,2,1,1,211,Regular Customer,0,0,0.0,Low Risk
15847.0,39,5,822.57,4,4,3,443,Loyal Customer,0,0,0.0,Low Risk
15848.0,622,1,139.94,1,1,1,111,Regular Customer,0,0,0.0,Low Risk
15849.0,597,1,-5876.34,1,1,1,111,Regular Customer,0,0,0.0,Low Risk
15850.0,20,6,1058.72,4,4,3,443,Loyal Customer,0,0,0.0,Low Risk
15851.0,527,1,109.73,1,1,1,111,Regular Customer,0,0,0.0,Low Risk
15852.0,187,3,257.26,3,3,1,331,Regular Customer,0,0,0.005,Low Risk
15853.0,52,1,110.8,4,1,1,411,Recent Customer,0,0,0.0,Low Risk
15854.0,5,21,5583.81,5,5,5,555,VIP Customer,0,0,0.0,Low Risk
15855.0,137,6,1052.72,3,4,3,343,Loyal Customer,0,0,0.0,Low Risk
15856.0,5,58,33817.44,5,5,5,555,VIP Customer,0,0,0.0,Low Risk
15857.0,19,2,570.48,5,2,2,522,Recent Customer,0,0,0.0,Low Risk
15858.0,16,15,3917.87,5,5,5,555,VIP Customer,0,0,0.0,Low Risk
15859.0,433,1,438.46,1,1,2,112,Regular Customer,0,0,0.0,Low Risk
15860.0,41,17,2505.21,4,5,4,454,VIP Customer,0,0,0.0,Low Risk
15861.0,13,15,4217.99,5,5,5,555,VIP Customer,0,0,0.0,Low Risk
15862.0,9,13,2928.29,5,5,5,555,VIP Customer,0,0,0.0,Low Risk
15863.0,26,5,358.7,4,4,2,442,Loyal Customer,0,0,0.0,Low Risk
15864.0,23,9,2014.22,4,4,4,444,VIP Customer,0,0,0.0,Low Risk
15865.0,41,5,2248.92,4,4,4,444,VIP Customer,0,0,0.0,Low Risk
15866.0,102,1,230.53,3,1,1,311,Regular Customer,0,0,0.0,Low Risk
15867.0,6,35,8974.85,5,5,5,555,VIP Customer,0,0,0.0,Low Risk
15868.0,584,1,94.53,1,1,1,111,Regular Customer,0,0,0.0,Low Risk
15869.0,278,3,323.66,2,3,2,232,At Risk,1,1,1.0,High Risk
15870.0,33,4,862.61,4,3,3,433,Regular Customer,0,0,0.0,Low Risk
15871.0,438,1,33.099999999999994,1,1,1,111,Regular Customer,0,0,0.0,Low Risk
15872.0,15,4,795.68,5,3,3,533,Regular Customer,0,0,0.0,Low Risk
15873.0,493,5,138.23999999999998,1,4,1,141,At Risk,1,1,1.0,High Risk
15874.0,64,25,11135.0,3,5,5,355,Loyal Customer,0,0,0.0,Low Risk
15875.0,647,1,111.72,1,1,1,111,Regular Customer,0,0,0.0,Low Risk
15876.0,410,2,1449.14,2,2,4,224,Regular Customer,0,0,0.0,Low Risk
15877.0,2,3,440.78,5,3,2,532,Regular Customer,0,0,0.0,Low Risk
15878.0,562,2,330.77,1,2,2,122,Regular Customer,0,0,0.0,Low Risk
15879.0,405,4,1157.3,2,3,3,233,At Risk,1,1,1.0,High Risk
15880.0,370,2,626.5600000000001,2,2,3,223,Regular Customer,0,0,0.0,Low Risk
15881.0,313,8,438.24,2,4,2,242,At Risk,1,1,1.0,High Risk
15882.0,199,10,1448.91,2,5,4,254,At Risk,1,1,1.0,High Risk
15883.0,3,2,396.48,5,2,2,522,Recent Customer,0,0,0.0,Low Risk
15884.0,433,3,243.75000000000003,1,3,1,131,At Risk,1,1,1.0,High Risk
15885.0,93,20,1737.57,3,5,4,354,Loyal Customer,0,0,0.0,Low Risk
15886.0,61,4,1052.87,3,3,3,333,Regular Customer,0,0,0.0,Low Risk
15887.0,407,3,1027.15,2,3,3,233,At Risk,1,1,1.0,High Risk
15888.0,80,4,402.12,3,3,2,332,Regular Customer,0,0,0.0,Low Risk
15889.0,157,9,1795.83,3,4,4,344,Loyal Customer,0,0,0.0,Low Risk
15890.0,395,5,535.65,2,4,2,242,At Risk,1,1,1.0,High Risk
15891.0,227,1,524.52,2,1,2,212,Regular Customer,0,0,0.0,Low Risk
15892.0,670,1,128.2,1,1,1,111,Regular Customer,0,0,0.0,Low Risk
15893.0,482,1,305.28000000000003,1,1,2,112,Regular Customer,0,0,0.0,Low Risk
15894.0,254,2,420.29,2,2,2,222,Regular Customer,0,0,0.0,Low Risk
15895.0,150,1,179.17,3,1,1,311,Regular Customer,0,0,0.0,Low Risk
15896.0,625,1,-1899.67,1,1,1,111,Regular Customer,0,0,0.0,Low Risk
15897.0,195,2,222.05,2,2,1,221,Regular Customer,0,0,0.0,Low Risk
15898.0,2,29,5534.36,5,5,5,555,VIP Customer,0,0,0.0,Low Risk
15899.0,369,1,112.5,2,1,1,211,Regular Customer,0,0,0.0,Low Risk
15900.0,24,5,890.5,4,4,3,443,Loyal Customer,0,0,0.0,Low Risk
15901.0,17,9,684.23,5,4,3,543,Loyal Customer,0,0,0.0,Low Risk
15902.0,381,1,145.01,2,1,1,211,Regular Customer,0,0,0.0,Low Risk
15903.0,10,15,8859.82,5,5,5,555,VIP Customer,0,0,0.0,Low Risk
15904.0,9,1,164.68,5,1,1,511,Recent Customer,0,0,0.0,Low Risk
15905.0,544,1,114.69,1,1,1,111,Regular Customer,0,0,0.0,Low Risk
15906.0,20,12,2467.89,4,5,4,454,VIP Customer,0,0,0.0,Low Risk
15907.0,4,3,967.45,5,3,3,533,Regular Customer,0,0,0.0,Low Risk
15908.0,491,2,764.57,1,2,3,123,Regular Customer,0,0,0.0,Low Risk
15909.0,174,1,191.94,3,1,1,311,Regular Customer,0,0,0.0,Low Risk
15910.0,1,15,2681.8,5,5,4,554,VIP Customer,0,0,0.0,Low Risk
15911.0,449,10,1401.55,1,5,4,154,At Risk,1,1,1.0,High Risk
15912.0,179,9,1074.7,3,4,3,343,Loyal Customer,0,0,0.0,Low Risk
15913.0,535,1,6.300000000000001,1,1,1,111,Regular Customer,0,0,0.0,Low Risk
15914.0,379,2,205.99,2,2,1,221,Regular Customer,0,0,0.0,Low Risk
15915.0,402,1,429.21,2,1,2,212,Regular Customer,0,0,0.0,Low Risk
15916.0,17,17,3277.67,5,5,5,555,VIP Customer,0,0,0.0,Low Risk
15917.0,248,5,560.63,2,4,2,242,At Risk,1,1,1.0,High Risk
15918.0,191,3,582.88,3,3,2,332,Regular Customer,0,0,0.01,Low Risk
15919.0,20,2,910.61,4,2,3,423,Recent Customer,0,0,0.0,Low Risk
15920.0,155,9,571.64,3,4,2,342,Loyal Customer,0,0,0.0,Low Risk
15921.0,173,4,802.11,3,3,3,333,Regular Customer,0,0,0.0,Low Risk
15922.0,373,2,727.2,2,2,3,223,Regular Customer,0,0,0.0,Low Risk
15923.0,373,1,254.16,2,1,1,211,Regular Customer,0,0,0.0,Low Risk
15924.0,732,1,102.82,1,1,1,111,Regular Customer,0,0,0.0,Low Risk
15925.0,195,1,207.15,2,1,1,211,Regular Customer,0,0,0.0,Low Risk
15926.0,543,1,134.44,1,1,1,111,Regular Customer,0,0,0.0,Low Risk
15927.0,648,1,123.39,1,1,1,111,Regular Customer,0,0,0.0,Low Risk
15928.0,657,1,293.53,1,1,2,112,Regular Customer,0,0,0.0,Low Risk
15929.0,645,1,594.0,1,1,3,113,Regular Customer,0,0,0.0,Low Risk
15930.0,68,1,426.63,3,1,2,312,Regular Customer,0,0,0.0,Low Risk
15931.0,429,1,239.9,1,1,1,111,Regular Customer,0,0,0.0,Low Risk
15932.0,5,11,2461.85,5,5,4,554,VIP Customer,0,0,0.0,Low Risk
15933.0,22,3,1107.46,4,3,3,433,Regular Customer,0,0,0.0,Low Risk
15934.0,418,2,2190.66,1,2,4,124,Regular Customer,0,0,0.0,Low Risk
15935.0,240,3,108.04,2,3,1,231,At Risk,1,1,1.0,High Risk
15936.0,380,2,282.79,2,2,2,222,Regular Customer,0,0,0.0,Low Risk
15937.0,65,1,145.35,3,1,1,311,Regular Customer,0,0,0.0,Low Risk
15938.0,113,9,734.81,3,4,3,343,Loyal Customer,0,0,0.0,Low Risk
15939.0,90,17,9047.64,3,5,5,355,Loyal Customer,0,0,0.0,Low Risk
15940.0,312,3,-3.552713678800501e-15,2,3,1,231,At Risk,1,1,0.995,High Risk
15941.0,514,2,230.6,1,2,1,121,Regular Customer,0,0,0.0,Low Risk
15942.0,134,1,337.44,3,1,2,312,Regular Customer,0,0,0.0,Low Risk
15943.0,650,2,271.29,1,2,2,122,Regular Customer,0,0,0.0,Low Risk
15944.0,277,4,2164.24,2,3,4,234,At Risk,1,1,1.0,High Risk
15945.0,366,4,827.27,2,3,3,233,At Risk,1,1,1.0,High Risk
15946.0,503,3,2304.18,1,3,4,134,At Risk,1,1,1.0,High Risk
15947.0,83,1,1708.24,3,1,4,314,Regular Customer,0,0,0.0,Low Risk
15948.0,9,3,1509.09,5,3,4,534,Regular Customer,0,0,0.0,Low Risk
15949.0,17,2,364.72,5,2,2,522,Recent Customer,0,0,0.0,Low Risk
15950.0,2,13,6938.51,5,5,5,555,VIP Customer,0,0,0.0,Low Risk
15951.0,2,4,974.52,5,3,3,533,Regular Customer,0,0,0.0,Low Risk
15952.0,34,4,806.57,4,3,3,433,Regular Customer,0,0,0.0,Low Risk
15953.0,16,21,3524.7,5,5,5,555,VIP Customer,0,0,0.0,Low Risk
15954.0,590,1,190.75,1,1,1,111,Regular Customer,0,0,0.0,Low Risk
15955.0,25,25,8622.61,4,5,5,455,VIP Customer,0,0,0.0,Low Risk
15956.0,552,2,617.6,1,2,3,123,Regular Customer,0,0,0.0,Low Risk
15957.0,32,3,930.1,4,3,3,433,Regular Customer,0,0,0.0,Low Risk
15958.0,75,4,492.99,3,3,2,332,Regular Customer,0,0,0.0,Low Risk
15959.0,683,3,579.49,1,3,2,132,At Risk,1,1,1.0,High Risk
15960.0,375,5,394.0,2,4,2,242,At Risk,1,1,1.0,High Risk
15961.0,380,1,451.29,2,1,2,212,Regular Customer,0,0,0.0,Low Risk
15962.0,450,1,295.83,1,1,2,112,Regular Customer,0,0,0.0,Low Risk
15963.0,20,2,470.76,4,2,2,422,Recent Customer,0,0,0.0,Low Risk
15964.0,664,1,272.96000000000004,1,1,2,112,Regular Customer,0,0,0.0,Low Risk
15965.0,18,14,2999.34,5,5,5,555,VIP Customer,0,0,0.0,Low Risk
15966.0,445,2,399.58,1,2,2,122,Regular Customer,0,0,0.0,Low Risk
15967.0,24,13,3019.2,4,5,5,455,VIP Customer,0,0,0.0,Low Risk
15968.0,389,1,418.05,2,1,2,212,Regular Customer,0,0,0.0,Low Risk
15969.0,3,6,1043.85,5,4,3,543,Loyal Customer,0,0,0.0,Low Risk
15970.0,304,2,1017.32,2,2,3,223,Regular Customer,0,0,0.0,Low Risk
15971.0,18,20,4930.43,5,5,5,555,VIP Customer,0,0,0.0,Low Risk
15972.0,457,5,1810.27,1,4,4,144,At Risk,1,1,1.0,High Risk
15973.0,236,5,780.39,2,4,3,243,At Risk,1,1,1.0,High Risk
15974.0,40,8,3429.55,4,4,5,445,VIP Customer,0,0,0.0,Low Risk
15975.0,85,1,371.01,3,1,2,312,Regular Customer,0,0,0.0,Low Risk
15976.0,166,6,1746.64,3,4,4,344,Loyal Customer,0,0,0.0,Low Risk
15977.0,18,2,1054.73,5,2,3,523,Recent Customer,0,0,0.0,Low Risk
15978.0,78,5,3272.62,3,4,5,345,Loyal Customer,0,0,0.0,Low Risk
15979.0,603,1,329.22,1,1,2,112,Regular Customer,0,0,0.0,Low Risk
15980.0,89,9,6546.28,3,4,5,345,Loyal Customer,0,0,0.0,Low Risk
15981.0,25,27,9268.07,4,5,5,455,VIP Customer,0,0,0.0,Low Risk
15982.0,606,1,324.51,1,1,2,112,Regular Customer,0,0,0.0,Low Risk
15983.0,23,8,3958.82,4,4,5,445,VIP Customer,0,0,0.0,Low Risk
15984.0,3,32,8671.12,5,5,5,555,VIP Customer,0,0,0.0,Low Risk
15985.0,124,8,2610.28,3,4,4,344,Loyal Customer,0,0,0.0,Low Risk
15986.0,31,2,354.42,4,2,2,422,Recent Customer,0,0,0.0,Low Risk
15987.0,13,8,1682.13,5,4,4,544,VIP Customer,0,0,0.0,Low Risk
15988.0,20,3,770.09,4,3,3,433,Regular Customer,0,0,0.0,Low Risk
15989.0,376,2,372.51,2,2,2,222,Regular Customer,0,0,0.0,Low Risk
15990.0,45,7,2010.05,4,4,4,444,VIP Customer,0,0,0.0,Low Risk
15991.0,535,1,150.55,1,1,1,111,Regular Customer,0,0,0.0,Low Risk
15992.0,4,3,896.6,5,3,3,533,Regular Customer,0,0,0.0,Low Risk
15993.0,9,10,2756.82,5,5,4,554,VIP Customer,0,0,0.0,Low Risk
15994.0,55,5,1198.84,4,4,4,444,VIP Customer,0,0,0.0,Low Risk
15995.0,415,1,696.19,1,1,3,113,Regular Customer,0,0,0.0,Low Risk
15996.0,89,8,1671.0,3,4,4,344,Loyal Customer,0,0,0.0,Low Risk
15997.0,618,1,-23.4,1,1,1,111,Regular Customer,0,0,0.0,Low Risk
15998.0,37,21,8220.39,4,5,5,455,VIP Customer,0,0,0.0,Low Risk
15999.0,736,1,20.4,1,1,1,111,Regular Customer,0,0,0.0,Low Risk
16000.0,3,3,12393.7,5,3,5,535,Regular Customer,0,0,0.0,Low Risk
16001.0,382,2,519.06,2,2,2,222,Regular Customer,0,0,0.0,Low Risk
16002.0,626,1,169.21,1,1,1,111,Regular Customer,0,0,0.0,Low Risk
16003.0,30,10,5613.83,4,5,5,455,VIP Customer,0,0,0.0,Low Risk
16004.0,475,5,2146.39,1,4,4,144,At Risk,1,1,1.0,High Risk
16005.0,13,11,2403.77,5,5,4,554,VIP Customer,0,0,0.0,Low Risk
16006.0,212,2,347.17,2,2,2,222,Regular Customer,0,0,0.0,Low Risk
16007.0,48,7,3075.14,4,4,5,445,VIP Customer,0,0,0.0,Low Risk
16008.0,24,15,5384.13,4,5,5,455,VIP Customer,0,0,0.0,Low Risk
16009.0,23,4,992.71,4,3,3,433,Regular Customer,0,0,0.0,Low Risk
16010.0,246,12,1722.11,2,5,4,254,At Risk,1,1,1.0,High Risk
16011.0,9,30,5867.01,5,5,5,555,VIP Customer,0,0,0.0,Low Risk
16012.0,36,5,2989.79,4,4,5,445,VIP Customer,0,0,0.0,Low Risk
16013.0,4,94,52788.92,5,5,5,555,VIP Customer,0,0,0.0,Low Risk
16014.0,36,6,1121.02,4,4,3,443,Loyal Customer,0,0,0.0,Low Risk
16015.0,4,4,690.54,5,3,3,533,Regular Customer,0,0,0.0,Low Risk
16016.0,4,14,2495.04,5,5,4,554,VIP Customer,0,0,0.0,Low Risk
16017.0,48,5,1553.83,4,4,4,444,VIP Customer,0,0,0.0,Low Risk
16018.0,40,4,698.13,4,3,3,433,Regular Customer,0,0,0.0,Low Risk
16019.0,2,35,16640.15,5,5,5,555,VIP Customer,0,0,0.0,Low Risk
16020.0,17,3,851.01,5,3,3,533,Regular Customer,0,0,0.0,Low Risk
16021.0,396,2,532.25,2,2,2,222,Regular Customer,0,0,0.0,Low Risk
16022.0,261,1,628.28,2,1,3,213,Regular Customer,0,0,0.0,Low Risk
16023.0,47,3,719.81,4,3,3,433,Regular Customer,0,0,0.0,Low Risk
16024.0,13,3,484.2,5,3,2,532,Regular Customer,0,0,0.0,Low Risk
16025.0,30,1,439.66,4,1,2,412,Recent Customer,0,0,0.0,Low Risk
16026.0,44,1,236.09,4,1,1,411,Recent Customer,0,0,0.0,Low Risk
16027.0,92,18,1799.84,3,5,4,354,Loyal Customer,0,0,0.0,Low Risk
16028.0,596,1,82.2,1,1,1,111,Regular Customer,0,0,0.0,Low Risk
16029.0,39,125,91800.91,4,5,5,455,VIP Customer,0,0,0.0,Low Risk
16030.0,310,1,331.24,2,1,2,212,Regular Customer,0,0,0.0,Low Risk
16031.0,93,2,548.94,3,2,2,322,Regular Customer,0,0,0.0,Low Risk
16032.0,457,6,1970.45,1,4,4,144,At Risk,1,1,1.0,High Risk
16033.0,6,36,10692.39,5,5,5,555,VIP Customer,0,0,0.0,Low Risk
16034.0,197,7,925.77,2,4,3,243,At Risk,1,1,1.0,High Risk
16035.0,561,1,217.73,1,1,1,111,Regular Customer,0,0,0.0,Low Risk
16036.0,88,4,2556.84,3,3,4,334,Regular Customer,0,0,0.0,Low Risk
16037.0,270,7,1489.44,2,4,4,244,At Risk,1,1,1.0,High Risk
16038.0,8,4,454.33,5,3,2,532,Regular Customer,0,0,0.0,Low Risk
16039.0,424,3,449.65,1,3,2,132,At Risk,1,1,1.0,High Risk
16040.0,66,8,2383.7000000000003,3,4,4,344,Loyal Customer,0,0,0.0,Low Risk
16041.0,31,3,3166.4,4,3,5,435,Regular Customer,0,0,0.0,Low Risk
16042.0,23,11,2153.0,4,5,4,454,VIP Customer,0,0,0.0,Low Risk
16043.0,38,8,1856.59,4,4,4,444,VIP Customer,0,0,0.0,Low Risk
16044.0,436,1,340.84000000000003,1,1,2,112,Regular Customer,0,0,0.0,Low Risk
16045.0,120,9,3187.03,3,4,5,345,Loyal Customer,0,0,0.0,Low Risk
16046.0,563,1,235.78,1,1,1,111,Regular Customer,0,0,0.0,Low Risk
16047.0,683,1,107.14,1,1,1,111,Regular Customer,0,0,0.0,Low Risk
16048.0,86,6,1056.53,3,4,3,343,Loyal Customer,0,0,0.0,Low Risk
16049.0,41,6,1899.68,4,4,4,444,VIP Customer,0,0,0.0,Low Risk
16050.0,174,3,300.7,3,3,2,332,Regular Customer,0,0,0.0,Low Risk
16051.0,682,1,188.44,1,1,1,111,Regular Customer,0,0,0.0,Low Risk
16052.0,55,1,362.06,4,1,2,412,Recent Customer,0,0,0.0,Low Risk
16053.0,33,8,3606.14,4,4,5,445,VIP Customer,0,0,0.0,Low Risk
16054.0,146,7,2090.68,3,4,4,344,Loyal Customer,0,0,0.0,Low Risk
16055.0,221,1,134.8,2,1,1,211,Regular Customer,0,0,0.0,Low Risk
16056.0,46,1,664.85,4,1,3,413,Recent Customer,0,0,0.0,Low Risk
16057.0,5,17,3202.07,5,5,5,555,VIP Customer,0,0,0.0,Low Risk
16058.0,407,1,62.7,2,1,1,211,Regular Customer,0,0,0.0,Low Risk
16059.0,66,12,3217.77,3,5,5,355,Loyal Customer,0,0,0.0,Low Risk
16060.0,401,3,541.95,2,3,2,232,At Risk,1,1,1.0,High Risk
16061.0,270,3,44.95,2,3,1,231,At Risk,1,1,1.0,High Risk
16062.0,10,8,2863.45,5,4,5,545,VIP Customer,0,0,0.0,Low Risk
16063.0,261,1,335.32,2,1,2,212,Regular Customer,0,0,0.0,Low Risk
16064.0,726,1,111.0,1,1,1,111,Regular Customer,0,0,0.0,Low Risk
16065.0,366,10,2365.62,2,5,4,254,At Risk,1,1,1.0,High Risk
16066.0,17,5,1521.87,5,4,4,544,VIP Customer,0,0,0.0,Low Risk
16067.0,563,6,3026.19,1,4,5,145,At Risk,1,1,1.0,High Risk
16068.0,594,1,122.93,1,1,1,111,Regular Customer,0,0,0.0,Low Risk
16069.0,418,1,457.7,1,1,2,112,Regular Customer,0,0,0.0,Low Risk
16070.0,23,2,852.15,4,2,3,423,Recent Customer,0,0,0.0,Low Risk
16071.0,45,4,1076.8,4,3,3,433,Regular Customer,0,0,0.0,Low Risk
16072.0,289,4,4328.89,2,3,5,235,At Risk,1,1,1.0,High Risk
16073.0,292,2,94.35,2,2,1,221,Regular Customer,0,0,0.0,Low Risk
16074.0,391,1,265.25,2,1,2,212,Regular Customer,0,0,0.0,Low Risk
16075.0,503,3,726.98,1,3,3,133,At Risk,1,1,1.0,High Risk
16076.0,4,11,2173.53,5,5,4,554,VIP Customer,0,0,0.0,Low Risk
16077.0,575,2,600.0,1,2,3,123,Regular Customer,0,0,0.0,Low Risk
16078.0,284,2,362.99,2,2,2,222,Regular Customer,0,0,0.0,Low Risk
16079.0,17,3,1352.0,5,3,4,534,Regular Customer,0,0,0.0,Low Risk
16080.0,82,6,472.9,3,4,2,342,Loyal Customer,0,0,0.0,Low Risk
16081.0,57,8,4460.18,4,4,5,445,VIP Customer,0,0,0.0,Low Risk
16082.0,671,1,106.75,1,1,1,111,Regular Customer,0,0,0.0,Low Risk
16083.0,101,4,2351.42,3,3,4,334,Regular Customer,0,0,0.0,Low Risk
16084.0,300,1,436.18,2,1,2,212,Regular Customer,0,0,0.0,Low Risk
16085.0,24,13,2337.73,4,5,4,454,VIP Customer,0,0,0.0,Low Risk
16086.0,60,11,2862.91,3,5,5,355,Loyal Customer,0,0,0.0,Low Risk
16087.0,390,5,1739.92,2,4,4,244,At Risk,1,1,1.0,High Risk
16088.0,576,2,1437.43,1,2,4,124,Regular Customer,0,0,0.0,Low Risk
16089.0,387,2,271.44,2,2,2,222,Regular Customer,0,0,0.0,Low Risk
16090.0,625,1,205.91,1,1,1,111,Regular Customer,0,0,0.0,Low Risk
16091.0,155,2,315.06,3,2,2,322,Regular Customer,0,0,0.0,Low Risk
16092.0,99,10,1515.49,3,5,4,354,Loyal Customer,0,0,0.0,Low Risk
16093.0,107,1,17.0,3,1,1,311,Regular Customer,0,0,0.0,Low Risk
16094.0,12,19,3599.16,5,5,5,555,VIP Customer,0,0,0.0,Low Risk
16095.0,457,1,447.05,1,1,2,112,Regular Customer,0,0,0.0,Low Risk
16096.0,265,4,1584.97,2,3,4,234,At Risk,1,1,1.0,High Risk
16097.0,241,1,185.05,2,1,1,211,Regular Customer,0,0,0.0,Low Risk
16098.0,88,14,4448.1,3,5,5,355,Loyal Customer,0,0,0.0,Low Risk
16099.0,51,8,1568.25,4,4,4,444,VIP Customer,0,0,0.0,Low Risk
16100.0,463,1,582.64,1,1,2,112,Regular Customer,0,0,0.0,Low Risk
16101.0,10,7,3167.42,5,4,5,545,VIP Customer,0,0,0.0,Low Risk
16102.0,43,3,1842.14,4,3,4,434,Regular Customer,0,0,0.0,Low Risk
16103.0,8,27,6002.76,5,5,5,555,VIP Customer,0,0,0.0,Low Risk
16104.0,62,11,2515.36,3,5,4,354,Loyal Customer,0,0,0.0,Low Risk
16105.0,249,5,2386.19,2,4,4,244,At Risk,1,1,1.0,High Risk
16106.0,66,1,108.38,3,1,1,311,Regular Customer,0,0,0.0,Low Risk
16107.0,18,7,3204.1600000000003,5,4,5,545,VIP Customer,0,0,0.0,Low Risk
16108.0,85,8,2171.93,3,4,4,344,Loyal Customer,0,0,0.0,Low Risk
16109.0,219,4,923.58,2,3,3,233,At Risk,1,1,1.0,High Risk
16110.0,46,4,1819.27,4,3,4,434,Regular Customer,0,0,0.0,Low Risk
16111.0,429,1,562.48,1,1,2,112,Regular Customer,0,0,0.0,Low Risk
16112.0,144,4,195.74,3,3,1,331,Regular Customer,0,0,0.0,Low Risk
16113.0,184,1,161.38,3,1,1,311,Regular Customer,0,0,0.0,Low Risk
16114.0,171,1,135.75000000000003,3,1,1,311,Regular Customer,0,0,0.0,Low Risk
16115.0,10,12,2575.14,5,5,4,554,VIP Customer,0,0,0.0,Low Risk
16116.0,206,2,592.88,2,2,3,223,Regular Customer,0,0,0.0,Low Risk
16117.0,190,4,650.05,3,3,3,333,Regular Customer,0,0,0.005,Low Risk
16118.0,394,5,4255.43,2,4,5,245,At Risk,1,1,1.0,High Risk
16119.0,9,8,1720.81,5,4,4,544,VIP Customer,0,0,0.0,Low Risk
16120.0,60,7,3041.91,3,4,5,345,Loyal Customer,0,0,0.0,Low Risk
16121.0,58,6,1457.19,4,4,4,444,VIP Customer,0,0,0.0,Low Risk
16122.0,74,6,1001.34,3,4,3,343,Loyal Customer,0,0,0.0,Low Risk
16123.0,52,1,307.78,4,1,2,412,Recent Customer,0,0,0.0,Low Risk
16124.0,317,6,1709.39,2,4,4,244,At Risk,1,1,1.0,High Risk
16125.0,368,14,4587.65,2,5,5,255,At Risk,1,1,1.0,High Risk
16126.0,30,15,14646.8,4,5,5,455,VIP Customer,0,0,0.0,Low Risk
16127.0,40,2,801.31,4,2,3,423,Recent Customer,0,0,0.0,Low Risk
16128.0,18,14,3748.4,5,5,5,555,VIP Customer,0,0,0.0,Low Risk
16129.0,408,3,1396.05,2,3,4,234,At Risk,1,1,1.0,High Risk
16130.0,423,4,987.48,1,3,3,133,At Risk,1,1,1.0,High Risk
16131.0,52,15,9866.27,4,5,5,455,VIP Customer,0,0,0.0,Low Risk
16132.0,545,2,664.1999999999999,1,2,3,123,Regular Customer,0,0,0.0,Low Risk
16133.0,4,78,22228.88,5,5,5,555,VIP Customer,0,0,0.0,Low Risk
16134.0,22,7,2119.99,4,4,4,444,VIP Customer,0,0,0.0,Low Risk
16135.0,263,2,819.45,2,2,3,223,Regular Customer,0,0,0.0,Low Risk
16136.0,60,5,921.08,3,4,3,343,Loyal Customer,0,0,0.0,Low Risk
16137.0,681,1,422.7,1,1,2,112,Regular Customer,0,0,0.0,Low Risk
16138.0,369,4,894.45,2,3,3,233,At Risk,1,1,1.0,High Risk
16139.0,19,5,1111.15,5,4,3,543,Loyal Customer,0,0,0.0,Low Risk
16140.0,53,5,1536.19,4,4,4,444,VIP Customer,0,0,0.0,Low Risk
16141.0,89,2,955.94,3,2,3,323,Regular Customer,0,0,0.0,Low Risk
16142.0,250,1,535.34,2,1,2,212,Regular Customer,0,0,0.0,Low Risk
16143.0,4,16,4866.88,5,5,5,555,VIP Customer,0,0,0.0,Low Risk
16144.0,247,1,175.2,2,1,1,211,Regular Customer,0,0,0.0,Low Risk
16145.0,9,29,6693.6,5,5,5,555,VIP Customer,0,0,0.0,Low Risk
16146.0,158,4,946.38,3,3,3,333,Regular Customer,0,0,0.0,Low Risk
16147.0,134,7,2367.02,3,4,4,344,Loyal Customer,0,0,0.0,Low Risk
16148.0,297,4,370.37,2,3,2,232,At Risk,1,1,1.0,High Risk
16149.0,5,3,422.22,5,3,2,532,Regular Customer,0,0,0.0,Low Risk
16150.0,39,20,4154.69,4,5,5,455,VIP Customer,0,0,0.0,Low Risk
16151.0,599,1,-4217.59,1,1,1,111,Regular Customer,0,0,0.0,Low Risk
16152.0,269,1,1829.04,2,1,4,214,Regular Customer,0,0,0.0,Low Risk
16153.0,50,13,5037.51,4,5,5,455,VIP Customer,0,0,0.0,Low Risk
16154.0,683,1,-10.5,1,1,1,111,Regular Customer,0,0,0.0,Low Risk
16155.0,382,6,781.05,2,4,3,243,At Risk,1,1,1.0,High Risk
16156.0,9,26,5933.59,5,5,5,555,VIP Customer,0,0,0.0,Low Risk
16157.0,16,4,644.24,5,3,3,533,Regular Customer,0,0,0.0,Low Risk
16158.0,523,10,611.32,1,5,3,153,At Risk,1,1,1.0,High Risk
16159.0,282,5,1230.29,2,4,4,244,At Risk,1,1,1.0,High Risk
16160.0,65,4,1009.45,3,3,3,333,Regular Customer,0,0,0.0,Low Risk
16161.0,2,57,12448.96,5,5,5,555,VIP Customer,0,0,0.0,Low Risk
16162.0,253,1,37.4,2,1,1,211,Regular Customer,0,0,0.0,Low Risk
16163.0,226,14,2263.63,2,5,4,254,At Risk,1,1,1.0,High Risk
16164.0,18,4,802.53,5,3,3,533,Regular Customer,0,0,0.0,Low Risk
16165.0,506,1,79.9,1,1,1,111,Regular Customer,0,0,0.0,Low Risk
16166.0,429,4,327.48,1,3,2,132,At Risk,1,1,1.0,High Risk
16167.0,415,6,1149.87,1,4,3,143,At Risk,1,1,0.995,High Risk
16168.0,11,73,10539.08,5,5,5,555,VIP Customer,0,0,0.0,Low Risk
16169.0,9,4,1822.97,5,3,4,534,Regular Customer,0,0,0.0,Low Risk
16170.0,51,25,6813.67,4,5,5,455,VIP Customer,0,0,0.0,Low Risk
16171.0,60,1,73.2,3,1,1,311,Regular Customer,0,0,0.0,Low Risk
16172.0,96,8,1884.55,3,4,4,344,Loyal Customer,0,0,0.0,Low Risk
16173.0,16,7,1406.57,5,4,4,544,VIP Customer,0,0,0.0,Low Risk
16174.0,127,7,2246.75,3,4,4,344,Loyal Customer,0,0,0.0,Low Risk
16175.0,95,7,1836.44,3,4,4,344,Loyal Customer,0,0,0.0,Low Risk
16176.0,422,7,1964.04,1,4,4,144,At Risk,1,1,1.0,High Risk
16177.0,51,12,2141.61,4,5,4,454,VIP Customer,0,0,0.0,Low Risk
16178.0,139,2,612.6,3,2,3,323,Regular Customer,0,0,0.0,Low Risk
16179.0,61,1,215.83,3,1,1,311,Regular Customer,0,0,0.0,Low Risk
16180.0,101,16,16170.27,3,5,5,355,Loyal Customer,0,0,0.0,Low Risk
16181.0,74,1,305.54,3,1,2,312,Regular Customer,0,0,0.0,Low Risk
16182.0,73,9,9971.65,3,4,5,345,Loyal Customer,0,0,0.0,Low Risk
16183.0,68,4,1077.81,3,3,3,333,Regular Customer,0,0,0.0,Low Risk
16184.0,65,7,1155.54,3,4,3,343,Loyal Customer,0,0,0.0,Low Risk
16185.0,17,3,644.72,5,3,3,533,Regular Customer,0,0,0.0,Low Risk
16186.0,23,30,8983.91,4,5,5,455,VIP Customer,0,0,0.0,Low Risk
16187.0,32,17,6841.24,4,5,5,455,VIP Customer,0,0,0.0,Low Risk
16188.0,45,6,1077.71,4,4,3,443,Loyal Customer,0,0,0.0,Low Risk
16189.0,16,2,215.48,5,2,1,521,Recent Customer,0,0,0.0,Low Risk
16190.0,41,8,2723.55,4,4,4,444,VIP Customer,0,0,0.0,Low Risk
16191.0,3,40,15162.12,5,5,5,555,VIP Customer,0,0,0.0,Low Risk
16192.0,736,1,351.3,1,1,2,112,Regular Customer,0,0,0.0,Low Risk
16193.0,237,2,630.43,2,2,3,223,Regular Customer,0,0,0.0,Low Risk
16194.0,376,1,308.6,2,1,2,212,Regular Customer,0,0,0.0,Low Risk
16195.0,724,1,323.25,1,1,2,112,Regular Customer,0,0,0.0,Low Risk
16196.0,489,1,93.3,1,1,1,111,Regular Customer,0,0,0.0,Low Risk
16197.0,470,9,2016.71,1,4,4,144,At Risk,1,1,1.0,High Risk
16198.0,76,2,1030.0410000000002,3,2,3,323,Regular Customer,0,0,0.0,Low Risk
16199.0,393,7,942.75,2,4,3,243,At Risk,1,1,1.0,High Risk
16200.0,5,13,5629.95,5,5,5,555,VIP Customer,0,0,0.0,Low Risk
16201.0,4,6,2070.17,5,4,4,544,VIP Customer,0,0,0.0,Low Risk
16202.0,361,11,2467.04,2,5,4,254,At Risk,1,1,1.0,High Risk
16203.0,59,7,1110.79,4,4,3,443,Loyal Customer,0,0,0.0,Low Risk
16204.0,24,4,939.24,4,3,3,433,Regular Customer,0,0,0.0,Low Risk
16205.0,31,7,1830.61,4,4,4,444,VIP Customer,0,0,0.0,Low Risk
16206.0,55,14,2597.37,4,5,4,454,VIP Customer,0,0,0.0,Low Risk
16207.0,26,1,394.38,4,1,2,412,Recent Customer,0,0,0.0,Low Risk
16208.0,45,10,3440.45,4,5,5,455,VIP Customer,0,0,0.0,Low Risk
16209.0,89,9,4146.78,3,4,5,345,Loyal Customer,0,0,0.0,Low Risk
16210.0,2,37,38304.06,5,5,5,555,VIP Customer,0,0,0.0,Low Risk
16211.0,82,4,1086.34,3,3,3,333,Regular Customer,0,0,0.0,Low Risk
16212.0,20,5,1284.56,4,4,4,444,VIP Customer,0,0,0.0,Low Risk
16213.0,79,1,159.0,3,1,1,311,Regular Customer,0,0,0.0,Low Risk
16214.0,171,4,2038.25,3,3,4,334,Regular Customer,0,0,0.0,Low Risk
16215.0,81,1,242.35,3,1,1,311,Regular Customer,0,0,0.0,Low Risk
16216.0,268,1,914.93,2,1,3,213,Regular Customer,0,0,0.0,Low Risk
16217.0,236,4,259.39000000000004,2,3,2,232,At Risk,1,1,1.0,High Risk
16218.0,30,19,4343.6,4,5,5,455,VIP Customer,0,0,0.0,Low Risk
16219.0,501,1,40.8,1,1,1,111,Regular Customer,0,0,0.0,Low Risk
16220.0,729,1,-10.17,1,1,1,111,Regular Customer,0,0,0.0,Low Risk
16221.0,37,10,2229.01,4,5,4,454,VIP Customer,0,0,0.0,Low Risk
16222.0,319,2,1345.22,2,2,4,224,Regular Customer,0,0,0.0,Low Risk
16223.0,375,2,1102.35,2,2,3,223,Regular Customer,0,0,0.0,Low Risk
16224.0,58,5,1616.54,4,4,4,444,VIP Customer,0,0,0.0,Low Risk
16225.0,45,18,2821.9100000000003,4,5,4,454,VIP Customer,0,0,0.0,Low Risk
16226.0,204,5,672.1700000000001,2,4,3,243,At Risk,1,1,1.0,High Risk
16227.0,220,6,948.82,2,4,3,243,At Risk,1,1,1.0,High Risk
16228.0,375,4,886.1600000000001,2,3,3,233,At Risk,1,1,1.0,High Risk
16229.0,88,7,2835.36,3,4,4,344,Loyal Customer,0,0,0.0,Low Risk
16230.0,190,2,542.03,3,2,2,322,Regular Customer,0,0,0.0,Low Risk
16231.0,380,4,1078.22,2,3,3,233,At Risk,1,1,1.0,High Risk
16232.0,33,10,2692.02,4,5,4,454,VIP Customer,0,0,0.0,Low Risk
16233.0,72,12,1818.71,3,5,4,354,Loyal Customer,0,0,0.0,Low Risk
16234.0,474,4,312.78,1,3,2,132,At Risk,1,1,1.0,High Risk
16235.0,41,11,1990.61,4,5,4,454,VIP Customer,0,0,0.0,Low Risk
16236.0,79,1,432.2,3,1,2,312,Regular Customer,0,0,0.0,Low Risk
16237.0,438,1,136.65,1,1,1,111,Regular Customer,0,0,0.0,Low Risk
16238.0,423,1,63.66,1,1,1,111,Regular Customer,0,0,0.0,Low Risk
16239.0,57,7,1450.9,4,4,4,444,VIP Customer,0,0,0.0,Low Risk
16240.0,9,5,3693.81,5,4,5,545,VIP Customer,0,0,0.0,Low Risk
16241.0,10,16,4329.31,5,5,5,555,VIP Customer,0,0,0.0,Low Risk
16242.0,9,18,7433.3,5,5,5,555,VIP Customer,0,0,0.0,Low Risk
16243.0,34,2,409.1,4,2,2,422,Recent Customer,0,0,0.0,Low Risk
16244.0,212,2,2579.38,2,2,4,224,Regular Customer,0,0,0.0,Low Risk
16245.0,24,5,1352.36,4,4,4,444,VIP Customer,0,0,0.0,Low Risk
16246.0,460,2,827.25,1,2,3,123,Regular Customer,0,0,0.0,Low Risk
16247.0,171,1,114.56,3,1,1,311,Regular Customer,0,0,0.0,Low Risk
16248.0,62,1,152.94,3,1,1,311,Regular Customer,0,0,0.0,Low Risk
16249.0,53,5,1800.07,4,4,4,444,VIP Customer,0,0,0.0,Low Risk
16250.0,262,3,791.38,2,3,3,233,At Risk,1,1,1.0,High Risk
16251.0,513,1,128.31,1,1,1,111,Regular Customer,0,0,0.0,Low Risk
16252.0,367,2,-295.09,2,2,1,221,Regular Customer,0,0,0.0,Low Risk
16253.0,32,9,7276.91,4,4,5,445,VIP Customer,0,0,0.0,Low Risk
16254.0,379,3,985.14,2,3,3,233,At Risk,1,1,1.0,High Risk
16255.0,17,19,4834.39,5,5,5,555,VIP Customer,0,0,0.0,Low Risk
16256.0,258,4,1609.57,2,3,4,234,At Risk,1,1,1.0,High Risk
16257.0,177,1,46.95,3,1,1,311,Regular Customer,0,0,0.0,Low Risk
16258.0,46,16,11833.52,4,5,5,455,VIP Customer,0,0,0.0,Low Risk
16259.0,411,3,361.94,2,3,2,232,At Risk,1,1,1.0,High Risk
16260.0,51,1,1035.45,4,1,3,413,Recent Customer,0,0,0.0,Low Risk
16261.0,18,6,1059.45,5,4,3,543,Loyal Customer,0,0,0.0,Low Risk
16262.0,361,3,677.78,2,3,3,233,At Risk,1,1,1.0,High Risk
16263.0,424,1,351.01,1,1,2,112,Regular Customer,0,0,0.0,Low Risk
16264.0,439,2,837.53,1,2,3,123,Regular Customer,0,0,0.0,Low Risk
16265.0,10,15,6893.62,5,5,5,555,VIP Customer,0,0,0.0,Low Risk
16266.0,74,14,1757.95,3,5,4,354,Loyal Customer,0,0,0.0,Low Risk
16267.0,592,1,186.66,1,1,1,111,Regular Customer,0,0,0.0,Low Risk
16268.0,72,2,667.65,3,2,3,323,Regular Customer,0,0,0.0,Low Risk
16269.0,429,2,714.59,1,2,3,123,Regular Customer,0,0,0.0,Low Risk
16270.0,354,1,1141.24,2,1,3,213,Regular Customer,0,0,0.0,Low Risk
16271.0,3,11,3457.07,5,5,5,555,VIP Customer,0,0,0.0,Low Risk
16272.0,117,1,411.7,3,1,2,312,Regular Customer,0,0,0.0,Low Risk
16273.0,649,2,336.04,1,2,2,122,Regular Customer,0,0,0.0,Low Risk
16274.0,374,1,715.9,2,1,3,213,Regular Customer,0,0,0.0,Low Risk
16275.0,197,3,2151.11,2,3,4,234,At Risk,1,1,1.0,High Risk
16276.0,177,3,2629.3900000000003,3,3,4,334,Regular Customer,0,0,0.0,Low Risk
16277.0,734,1,188.69,1,1,1,111,Regular Customer,0,0,0.0,Low Risk
16278.0,24,7,1056.59,4,4,3,443,Loyal Customer,0,0,0.0,Low Risk
16279.0,22,10,5692.18,4,5,5,455,VIP Customer,0,0,0.0,Low Risk
16280.0,726,1,238.05,1,1,1,111,Regular Customer,0,0,0.0,Low Risk
16281.0,73,4,3416.52,3,3,5,335,Regular Customer,0,0,0.0,Low Risk
16282.0,340,3,1307.58,2,3,4,234,At Risk,1,1,1.0,High Risk
16283.0,6,12,4311.37,5,5,5,555,VIP Customer,0,0,0.0,Low Risk
16284.0,32,3,1029.77,4,3,3,433,Regular Customer,0,0,0.0,Low Risk
16285.0,647,1,176.9,1,1,1,111,Regular Customer,0,0,0.0,Low Risk
16286.0,478,4,263.65,1,3,2,132,At Risk,1,1,1.0,High Risk
16287.0,170,5,1006.98,3,4,3,343,Loyal Customer,0,0,0.0,Low Risk
16288.0,471,1,129.85,1,1,1,111,Regular Customer,0,0,0.0,Low Risk
16289.0,463,2,98.81,1,2,1,121,Regular Customer,0,0,0.0,Low Risk
16290.0,465,4,2069.3,1,3,4,134,At Risk,1,1,1.0,High Risk
16291.0,683,1,117.72,1,1,1,111,Regular Customer,0,0,0.0,Low Risk
16292.0,118,9,1171.46,3,4,3,343,Loyal Customer,0,0,0.0,Low Risk
16293.0,9,19,4632.2,5,5,5,555,VIP Customer,0,0,0.0,Low Risk
16294.0,477,1,126.05,1,1,1,111,Regular Customer,0,0,0.0,Low Risk
16295.0,10,4,1328.55,5,3,4,534,Regular Customer,0,0,0.0,Low Risk
16296.0,627,6,1245.97,1,4,4,144,At Risk,1,1,1.0,High Risk
16297.0,213,4,275.4,2,3,2,232,At Risk,1,1,1.0,High Risk
16298.0,23,9,1080.0,4,4,3,443,Loyal Customer,0,0,0.0,Low Risk
16299.0,473,2,178.65,1,2,1,121,Regular Customer,0,0,0.0,Low Risk
16300.0,431,3,1392.43,1,3,4,134,At Risk,1,1,1.0,High Risk
16301.0,737,1,107.33,1,1,1,111,Regular Customer,0,0,0.0,Low Risk
16302.0,108,2,212.82,3,2,1,321,Regular Customer,0,0,0.0,Low Risk
16303.0,26,9,7823.72,4,4,5,445,VIP Customer,0,0,0.0,Low Risk
16304.0,695,1,381.66,1,1,2,112,Regular Customer,0,0,0.0,Low Risk
16305.0,139,1,361.22,3,1,2,312,Regular Customer,0,0,0.0,Low Risk
16306.0,214,10,1162.82,2,5,3,253,At Risk,1,1,1.0,High Risk
16307.0,430,3,1194.92,1,3,4,134,At Risk,1,1,1.0,High Risk
16308.0,38,7,5120.0,4,4,5,445,VIP Customer,0,0,0.0,Low Risk
16309.0,92,3,686.67,3,3,3,333,Regular Customer,0,0,0.0,Low Risk
16310.0,415,2,460.08,1,2,2,122,Regular Customer,0,0,0.0,Low Risk
16311.0,18,2,616.26,5,2,3,523,Recent Customer,0,0,0.0,Low Risk
16312.0,433,1,171.15,1,1,1,111,Regular Customer,0,0,0.0,Low Risk
16313.0,4,2,274.15000000000003,5,2,2,522,Recent Customer,0,0,0.0,Low Risk
16314.0,390,3,1491.4,2,3,4,234,At Risk,1,1,1.0,High Risk
16315.0,331,2,402.71,2,2,2,222,Regular Customer,0,0,0.0,Low Risk
16316.0,65,19,5533.31,3,5,5,355,Loyal Customer,0,0,0.0,Low Risk
16317.0,120,6,2179.76,3,4,4,344,Loyal Customer,0,0,0.0,Low Risk
16318.0,36,1,328.15,4,1,2,412,Recent Customer,0,0,0.0,Low Risk
16319.0,218,1,404.4,2,1,2,212,Regular Customer,0,0,0.0,Low Risk
16320.0,173,8,4428.849999999999,3,4,5,345,Loyal Customer,0,0,0.0,Low Risk
16321.0,73,10,265.5,3,5,2,352,Loyal Customer,0,0,0.0,Low Risk
16322.0,2,2,326.75,5,2,2,522,Recent Customer,0,0,0.0,Low Risk
16323.0,197,2,353.66,2,2,2,222,Regular Customer,0,0,0.0,Low Risk
16324.0,129,3,428.68,3,3,2,332,Regular Customer,0,0,0.0,Low Risk
16325.0,45,17,3463.84,4,5,5,455,VIP Customer,0,0,0.0,Low Risk
16326.0,6,26,4706.99,5,5,5,555,VIP Customer,0,0,0.0,Low Risk
16327.0,15,20,10705.52,5,5,5,555,VIP Customer,0,0,0.0,Low Risk
16328.0,564,1,310.83,1,1,2,112,Regular Customer,0,0,0.0,Low Risk
16329.0,428,4,1703.07,1,3,4,134,At Risk,1,1,1.0,High Risk
16330.0,18,8,624.63,5,4,3,543,Loyal Customer,0,0,0.0,Low Risk
16331.0,433,6,2037.7,1,4,4,144,At Risk,1,1,1.0,High Risk
16332.0,29,13,1989.97,4,5,4,454,VIP Customer,0,0,0.0,Low Risk
16333.0,8,22,26626.8,5,5,5,555,VIP Customer,0,0,0.0,Low Risk
16334.0,493,1,277.48,1,1,2,112,Regular Customer,0,0,0.0,Low Risk
16335.0,552,8,2747.0,1,4,4,144,At Risk,1,1,1.0,High Risk
16336.0,421,4,3517.69,1,3,5,135,At Risk,1,1,1.0,High Risk
16337.0,37,1,151.05,4,1,1,411,Recent Customer,0,0,0.0,Low Risk
16338.0,158,1,214.8,3,1,1,311,Regular Customer,0,0,0.0,Low Risk
16339.0,285,1,109.95,2,1,1,211,Regular Customer,0,0,0.0,Low Risk
16340.0,108,3,1526.06,3,3,4,334,Regular Customer,0,0,0.0,Low Risk
16341.0,25,10,3832.29,4,5,5,455,VIP Customer,0,0,0.0,Low Risk
16342.0,76,4,322.41,3,3,2,332,Regular Customer,0,0,0.0,Low Risk
16343.0,17,3,687.0699999999999,5,3,3,533,Regular Customer,0,0,0.0,Low Risk
16344.0,159,4,842.42,3,3,3,333,Regular Customer,0,0,0.0,Low Risk
16345.0,45,2,1198.74,4,2,4,424,Recent Customer,0,0,0.0,Low Risk
16346.0,386,1,224.51,2,1,1,211,Regular Customer,0,0,0.0,Low Risk
16347.0,12,13,3482.01,5,5,5,555,VIP Customer,0,0,0.0,Low Risk
16348.0,33,8,1798.22,4,4,4,444,VIP Customer,0,0,0.0,Low Risk
16349.0,291,1,53.5,2,1,1,211,Regular Customer,0,0,0.0,Low Risk
16350.0,22,12,2206.49,4,5,4,454,VIP Customer,0,0,0.0,Low Risk
16351.0,333,18,3279.13,2,5,5,255,At Risk,1,1,1.0,High Risk
16352.0,18,2,494.44,5,2,2,522,Recent Customer,0,0,0.0,Low Risk
16353.0,4,41,9985.93,5,5,5,555,VIP Customer,0,0,0.0,Low Risk
16354.0,64,5,1129.51,3,4,3,343,Loyal Customer,0,0,0.0,Low Risk
16355.0,375,2,349.2,2,2,2,222,Regular Customer,0,0,0.0,Low Risk
16356.0,198,7,414.42,2,4,2,242,At Risk,1,1,1.0,High Risk
16357.0,34,4,868.37,4,3,3,433,Regular Customer,0,0,0.0,Low Risk
16358.0,2,6,2917.1,5,4,5,545,VIP Customer,0,0,0.0,Low Risk
16359.0,8,20,2379.4,5,5,4,554,VIP Customer,0,0,0.0,Low Risk
16360.0,5,8,3411.69,5,4,5,545,VIP Customer,0,0,0.0,Low Risk
16361.0,10,4,896.66,5,3,3,533,Regular Customer,0,0,0.0,Low Risk
16362.0,33,11,841.74,4,5,3,453,Loyal Customer,0,0,0.0,Low Risk
16363.0,54,1,109.36,4,1,1,411,Recent Customer,0,0,0.0,Low Risk
16364.0,12,2,707.04,5,2,3,523,Recent Customer,0,0,0.0,Low Risk
16365.0,18,16,3296.8,5,5,5,555,VIP Customer,0,0,0.0,Low Risk
16366.0,19,4,1548.13,5,3,4,534,Regular Customer,0,0,0.0,Low Risk
16367.0,38,3,1362.4,4,3,4,434,Regular Customer,0,0,0.0,Low Risk
16368.0,3,3,640.21,5,3,3,533,Regular Customer,0,0,0.0,Low Risk
16369.0,19,7,2664.81,5,4,4,544,VIP Customer,0,0,0.0,Low Risk
16370.0,83,4,1320.56,3,3,4,334,Regular Customer,0,0,0.0,Low Risk
16371.0,449,1,157.2,1,1,1,111,Regular Customer,0,0,0.0,Low Risk
16372.0,34,6,1298.61,4,4,4,444,VIP Customer,0,0,0.0,Low Risk
16373.0,383,2,309.49,2,2,2,222,Regular Customer,0,0,0.0,Low Risk
16374.0,67,5,1771.45,3,4,4,344,Loyal Customer,0,0,0.0,Low Risk
16375.0,471,2,104.0,1,2,1,121,Regular Customer,0,0,0.0,Low Risk
16376.0,9,3,977.52,5,3,3,533,Regular Customer,0,0,0.0,Low Risk
16377.0,268,2,1308.48,2,2,4,224,Regular Customer,0,0,0.0,Low Risk
16378.0,248,3,362.95,2,3,2,232,At Risk,1,1,1.0,High Risk
16379.0,5,5,2131.9,5,4,4,544,VIP Customer,0,0,0.0,Low Risk
16380.0,62,1,1780.59,3,1,4,314,Regular Customer,0,0,0.0,Low Risk
16381.0,396,2,258.7,2,2,1,221,Regular Customer,0,0,0.0,Low Risk
16382.0,409,2,353.1,2,2,2,222,Regular Customer,0,0,0.0,Low Risk
16383.0,75,9,2910.84,3,4,5,345,Loyal Customer,0,0,0.0,Low Risk
16384.0,90,4,1358.95,3,3,4,334,Regular Customer,0,0,0.0,Low Risk
16385.0,61,5,1030.61,3,4,3,343,Loyal Customer,0,0,0.0,Low Risk
16386.0,29,3,1102.59,4,3,3,433,Regular Customer,0,0,0.0,Low Risk
16387.0,323,5,918.55,2,4,3,243,At Risk,1,1,1.0,High Risk
16388.0,654,1,186.05,1,1,1,111,Regular Customer,0,0,0.0,Low Risk
16389.0,54,5,1362.27,4,4,4,444,VIP Customer,0,0,0.0,Low Risk
16390.0,537,3,467.5,1,3,2,132,At Risk,1,1,1.0,High Risk
16391.0,401,4,1103.61,2,3,3,233,At Risk,1,1,1.0,High Risk
16392.0,270,3,763.05,2,3,3,233,At Risk,1,1,0.995,High Risk
16393.0,3,30,5456.5,5,5,5,555,VIP Customer,0,0,0.0,Low Risk
16394.0,51,9,1412.06,4,4,4,444,VIP Customer,0,0,0.0,Low Risk
16395.0,61,17,3458.95,3,5,5,355,Loyal Customer,0,0,0.0,Low Risk
16396.0,474,3,102.7,1,3,1,131,At Risk,1,1,1.0,High Risk
16397.0,629,1,127.88,1,1,1,111,Regular Customer,0,0,0.0,Low Risk
16398.0,145,4,1631.15,3,3,4,334,Regular Customer,0,0,0.0,Low Risk
16399.0,20,3,641.82,4,3,3,433,Regular Customer,0,0,0.0,Low Risk
16400.0,95,9,3159.44,3,4,5,345,Loyal Customer,0,0,0.0,Low Risk
16401.0,2,39,6628.99,5,5,5,555,VIP Customer,0,0,0.0,Low Risk
16402.0,265,2,511.4,2,2,2,222,Regular Customer,0,0,0.0,Low Risk
16403.0,303,2,161.04999999999998,2,2,1,221,Regular Customer,0,0,0.0,Low Risk
16404.0,71,2,430.3,3,2,2,322,Regular Customer,0,0,0.0,Low Risk
16405.0,303,2,167.25,2,2,1,221,Regular Customer,0,0,0.0,Low Risk
16406.0,19,4,533.98,5,3,2,532,Regular Customer,0,0,0.0,Low Risk
16407.0,13,14,2821.65,5,5,4,554,VIP Customer,0,0,0.0,Low Risk
16408.0,592,1,231.93,1,1,1,111,Regular Customer,0,0,0.0,Low Risk
16409.0,37,12,5709.04,4,5,5,455,VIP Customer,0,0,0.0,Low Risk
16410.0,735,1,130.32,1,1,1,111,Regular Customer,0,0,0.0,Low Risk
16411.0,20,4,910.19,4,3,3,433,Regular Customer,0,0,0.0,Low Risk
16412.0,54,5,647.23,4,4,3,443,Loyal Customer,0,0,0.0,Low Risk
16413.0,57,2,528.98,4,2,2,422,Recent Customer,0,0,0.0,Low Risk
16414.0,22,5,559.71,4,4,2,442,Loyal Customer,0,0,0.0,Low Risk
16415.0,45,3,719.44,4,3,3,433,Regular Customer,0,0,0.0,Low Risk
16416.0,27,10,2948.47,4,5,5,455,VIP Customer,0,0,0.0,Low Risk
16417.0,493,1,35.7,1,1,1,111,Regular Customer,0,0,0.0,Low Risk
16418.0,45,5,1101.94,4,4,3,443,Loyal Customer,0,0,0.0,Low Risk
16419.0,113,9,1474.67,3,4,4,344,Loyal Customer,0,0,0.0,Low Risk
16420.0,397,1,75.0,2,1,1,211,Regular Customer,0,0,0.0,Low Risk
16421.0,377,3,526.27,2,3,2,232,At Risk,1,1,1.0,High Risk
16422.0,18,146,61110.54,5,5,5,555,VIP Customer,0,0,0.0,Low Risk
16423.0,25,1,346.12,4,1,2,412,Recent Customer,0,0,0.0,Low Risk
16424.0,192,3,392.06,2,3,2,232,At Risk,1,1,0.975,High Risk
16425.0,303,1,302.7,2,1,2,212,Regular Customer,0,0,0.0,Low Risk
16426.0,3,10,1908.25,5,5,4,554,VIP Customer,0,0,0.0,Low Risk
16427.0,264,2,241.06,2,2,1,221,Regular Customer,0,0,0.0,Low Risk
16428.0,82,4,657.33,3,3,3,333,Regular Customer,0,0,0.0,Low Risk
16429.0,107,1,284.55,3,1,2,312,Regular Customer,0,0,0.0,Low Risk
16430.0,58,7,1117.94,4,4,3,443,Loyal Customer,0,0,0.0,Low Risk
16431.0,214,3,642.81,2,3,3,233,At Risk,1,1,1.0,High Risk
16432.0,65,1,287.4,3,1,2,312,Regular Customer,0,0,0.0,Low Risk
16433.0,29,2,384.52,4,2,2,422,Recent Customer,0,0,0.0,Low Risk
16434.0,30,13,2727.04,4,5,4,454,VIP Customer,0,0,0.0,Low Risk
16435.0,513,3,1011.57,1,3,3,133,At Risk,1,1,0.995,High Risk
16436.0,669,4,242.04,1,3,1,131,At Risk,1,1,1.0,High Risk
16437.0,382,2,301.25,2,2,2,222,Regular Customer,0,0,0.0,Low Risk
16438.0,6,5,798.35,5,4,3,543,Loyal Customer,0,0,0.0,Low Risk
16439.0,723,1,310.70000000000005,1,1,2,112,Regular Customer,0,0,0.0,Low Risk
16440.0,8,6,3856.97,5,4,5,545,VIP Customer,0,0,0.0,Low Risk
16441.0,68,6,1023.48,3,4,3,343,Loyal Customer,0,0,0.0,Low Risk
16442.0,2,5,899.47,5,4,3,543,Loyal Customer,0,0,0.0,Low Risk
16443.0,521,1,162.24,1,1,1,111,Regular Customer,0,0,0.0,Low Risk
16444.0,47,20,3582.38,4,5,5,455,VIP Customer,0,0,0.0,Low Risk
16445.0,34,4,602.73,4,3,3,433,Regular Customer,0,0,0.0,Low Risk
16446.0,1,4,-6.100000000005821,5,3,1,531,Regular Customer,0,0,0.0,Low Risk
16447.0,136,3,775.14,3,3,3,333,Regular Customer,0,0,0.0,Low Risk
16448.0,199,2,367.87,2,2,2,222,Regular Customer,0,0,0.0,Low Risk
16449.0,191,3,674.69,3,3,3,333,Regular Customer,0,0,0.005,Low Risk
16450.0,150,4,1475.73,3,3,4,334,Regular Customer,0,0,0.0,Low Risk
16451.0,88,4,1009.4,3,3,3,333,Regular Customer,0,0,0.0,Low Risk
16452.0,631,2,332.17,1,2,2,122,Regular Customer,0,0,0.0,Low Risk
16453.0,531,2,251.71,1,2,1,121,Regular Customer,0,0,0.0,Low Risk
16454.0,45,8,1.9000000000000004,4,4,1,441,Loyal Customer,0,0,0.025,Low Risk
16455.0,64,13,4306.72,3,5,5,355,Loyal Customer,0,0,0.0,Low Risk
16456.0,100,14,6185.41,3,5,5,355,Loyal Customer,0,0,0.0,Low Risk
16457.0,219,1,208.36,2,1,1,211,Regular Customer,0,0,0.0,Low Risk
16458.0,3,30,5715.34,5,5,5,555,VIP Customer,0,0,0.0,Low Risk
16459.0,730,1,71.78999999999999,1,1,1,111,Regular Customer,0,0,0.0,Low Risk
16460.0,29,3,814.72,4,3,3,433,Regular Customer,0,0,0.0,Low Risk
16461.0,178,3,1615.22,3,3,4,334,Regular Customer,0,0,0.0,Low Risk
16462.0,65,4,102.0,3,3,1,331,Regular Customer,0,0,0.0,Low Risk
16463.0,22,7,1383.7,4,4,4,444,VIP Customer,0,0,0.0,Low Risk
16464.0,20,3,1314.68,4,3,4,434,Regular Customer,0,0,0.0,Low Risk
16465.0,414,3,726.34,2,3,3,233,At Risk,1,1,1.0,High Risk
16466.0,34,16,3713.59,4,5,5,455,VIP Customer,0,0,0.0,Low Risk
16467.0,509,8,2862.4,1,4,5,145,At Risk,1,1,1.0,High Risk
16468.0,75,3,787.52,3,3,3,333,Regular Customer,0,0,0.0,Low Risk
16469.0,24,5,828.91,4,4,3,443,Loyal Customer,0,0,0.0,Low Risk
16470.0,52,12,2453.65,4,5,4,454,VIP Customer,0,0,0.0,Low Risk
16471.0,275,6,1186.18,2,4,4,244,At Risk,1,1,1.0,High Risk
16472.0,435,2,789.6,1,2,3,123,Regular Customer,0,0,0.0,Low Risk
16473.0,165,5,469.58,3,4,2,342,Loyal Customer,0,0,0.0,Low Risk
16474.0,8,11,1811.47,5,5,4,554,VIP Customer,0,0,0.0,Low Risk
16475.0,89,4,544.3,3,3,2,332,Regular Customer,0,0,0.0,Low Risk
16476.0,418,3,337.0,1,3,2,132,At Risk,1,1,1.0,High Risk
16477.0,64,11,4320.02,3,5,5,355,Loyal Customer,0,0,0.0,Low Risk
16478.0,26,3,331.0,4,3,2,432,Regular Customer,0,0,0.0,Low Risk
16479.0,11,2,300.83,5,2,2,522,Recent Customer,0,0,0.0,Low Risk
16480.0,76,1,769.29,3,1,3,313,Regular Customer,0,0,0.0,Low Risk
16481.0,660,3,428.23,1,3,2,132,At Risk,1,1,1.0,High Risk
16482.0,16,1,220.62,5,1,1,511,Recent Customer,0,0,0.0,Low Risk
16483.0,193,1,139.35,2,1,1,211,Regular Customer,0,0,0.0,Low Risk
16484.0,174,3,379.4,3,3,2,332,Regular Customer,0,0,0.0,Low Risk
16485.0,78,7,2137.68,3,4,4,344,Loyal Customer,0,0,0.0,Low Risk
16486.0,538,1,134.36,1,1,1,111,Regular Customer,0,0,0.0,Low Risk
16487.0,578,2,209.4,1,2,1,121,Regular Customer,0,0,0.0,Low Risk
16488.0,34,4,492.2,4,3,2,432,Regular Customer,0,0,0.0,Low Risk
16489.0,381,2,303.7,2,2,2,222,Regular Customer,0,0,0.0,Low Risk
16490.0,431,2,179.16000000000005,1,2,1,121,Regular Customer,0,0,0.0,Low Risk
16491.0,47,3,1524.31,4,3,4,434,Regular Customer,0,0,0.0,Low Risk
16492.0,541,1,385.56,1,1,2,112,Regular Customer,0,0,0.0,Low Risk
16493.0,73,9,2110.12,3,4,4,344,Loyal Customer,0,0,0.0,Low Risk
16494.0,297,1,826.53,2,1,3,213,Regular Customer,0,0,0.0,Low Risk
16495.0,4,3,684.41,5,3,3,533,Regular Customer,0,0,0.0,Low Risk
16496.0,9,7,2293.47,5,4,4,544,VIP Customer,0,0,0.0,Low Risk
16497.0,50,23,6695.28,4,5,5,455,VIP Customer,0,0,0.0,Low Risk
16498.0,162,3,86.12,3,3,1,331,Regular Customer,0,0,0.01,Low Risk
16499.0,361,13,2491.74,2,5,4,254,At Risk,1,1,1.0,High Risk
16500.0,5,10,835.96,5,5,3,553,Loyal Customer,0,0,0.0,Low Risk
16501.0,384,1,1237.23,2,1,4,214,Regular Customer,0,0,0.0,Low Risk
16502.0,621,2,266.5,1,2,2,122,Regular Customer,0,0,0.0,Low Risk
16503.0,107,13,3597.89,3,5,5,355,Loyal Customer,0,0,0.0,Low Risk
16504.0,26,1,484.38,4,1,2,412,Recent Customer,0,0,0.0,Low Risk
16505.0,32,1,777.6,4,1,3,413,Recent Customer,0,0,0.0,Low Risk
16506.0,20,2,90.3,4,2,1,421,Recent Customer,0,0,0.0,Low Risk
16507.0,573,1,152.76,1,1,1,111,Regular Customer,0,0,0.0,Low Risk
16508.0,631,1,248.8,1,1,1,111,Regular Customer,0,0,0.0,Low Risk
16509.0,297,1,363.7,2,1,2,212,Regular Customer,0,0,0.0,Low Risk
16510.0,373,6,2100.0,2,4,4,244,At Risk,1,1,1.0,High Risk
16511.0,22,6,1819.02,4,4,4,444,VIP Customer,0,0,0.0,Low Risk
16512.0,729,1,-33.9,1,1,1,111,Regular Customer,0,0,0.0,Low Risk
16513.0,5,4,874.59,5,3,3,533,Regular Customer,0,0,0.0,Low Risk
16514.0,631,1,-134.86,1,1,1,111,Regular Customer,0,0,0.0,Low Risk
16515.0,53,10,3216.3,4,5,5,455,VIP Customer,0,0,0.0,Low Risk
16516.0,31,1,101.7,4,1,1,411,Recent Customer,0,0,0.0,Low Risk
16517.0,278,1,162.7,2,1,1,211,Regular Customer,0,0,0.0,Low Risk
16518.0,62,6,938.27,3,4,3,343,Loyal Customer,0,0,0.0,Low Risk
16519.0,26,4,556.26,4,3,2,432,Regular Customer,0,0,0.0,Low Risk
16520.0,187,8,2465.92,3,4,4,344,Loyal Customer,0,0,0.005,Low Risk
16521.0,416,3,1148.01,1,3,3,133,At Risk,1,1,1.0,High Risk
16522.0,436,2,433.36,1,2,2,122,Regular Customer,0,0,0.0,Low Risk
16523.0,2,39,11760.54,5,5,5,555,VIP Customer,0,0,0.0,Low Risk
16524.0,447,2,308.14,1,2,2,122,Regular Customer,0,0,0.0,Low Risk
16525.0,3,54,23350.74,5,5,5,555,VIP Customer,0,0,0.0,Low Risk
16526.0,172,2,717.21,3,2,3,323,Regular Customer,0,0,0.0,Low Risk
16527.0,82,2,1272.44,3,2,4,324,Regular Customer,0,0,0.0,Low Risk
16528.0,4,1,244.41,5,1,1,511,Recent Customer,0,0,0.0,Low Risk
16529.0,191,4,2012.0,3,3,4,334,Regular Customer,0,0,0.01,Low Risk
16530.0,669,1,48.35,1,1,1,111,Regular Customer,0,0,0.0,Low Risk
16531.0,23,12,2263.58,4,5,4,454,VIP Customer,0,0,0.0,Low Risk
16532.0,18,5,8756.64,5,4,5,545,VIP Customer,0,0,0.0,Low Risk
16533.0,20,5,1026.94,4,4,3,443,Loyal Customer,0,0,0.0,Low Risk
16534.0,643,1,635.9,1,1,3,113,Regular Customer,0,0,0.0,Low Risk
16535.0,6,3,1001.59,5,3,3,533,Regular Customer,0,0,0.0,Low Risk
16536.0,108,2,539.02,3,2,2,322,Regular Customer,0,0,0.0,Low Risk
16537.0,642,1,23.35,1,1,1,111,Regular Customer,0,0,0.0,Low Risk
16538.0,542,3,399.62,1,3,2,132,At Risk,1,1,1.0,High Risk
16539.0,3,10,3732.01,5,5,5,555,VIP Customer,0,0,0.0,Low Risk
16540.0,415,1,226.7,1,1,1,111,Regular Customer,0,0,0.0,Low Risk
16541.0,736,2,419.78,1,2,2,122,Regular Customer,0,0,0.0,Low Risk
16542.0,54,2,257.32,4,2,1,421,Recent Customer,0,0,0.0,Low Risk
16543.0,584,2,277.80999999999995,1,2,2,122,Regular Customer,0,0,0.0,Low Risk
16544.0,520,6,110.3,1,4,1,141,At Risk,1,1,1.0,High Risk
16545.0,165,2,689.82,3,2,3,323,Regular Customer,0,0,0.0,Low Risk
16546.0,291,7,3837.36,2,4,5,245,At Risk,1,1,1.0,High Risk
16547.0,547,1,111.71,1,1,1,111,Regular Customer,0,0,0.0,Low Risk
16548.0,600,1,30.15,1,1,1,111,Regular Customer,0,0,0.0,Low Risk
16549.0,11,37,13159.64,5,5,5,555,VIP Customer,0,0,0.0,Low Risk
16550.0,109,29,9169.32,3,5,5,355,Loyal Customer,0,0,0.0,Low Risk
16551.0,96,7,2237.12,3,4,4,344,Loyal Customer,0,0,0.0,Low Risk
16552.0,243,2,475.02,2,2,2,222,Regular Customer,0,0,0.0,Low Risk
16553.0,164,36,16555.87,3,5,5,355,Loyal Customer,0,0,0.005,Low Risk
16554.0,4,18,2407.17,5,5,4,554,VIP Customer,0,0,0.0,Low Risk
16555.0,36,10,285.89,4,5,2,452,Loyal Customer,0,0,0.0,Low Risk
16556.0,67,24,7610.23,3,5,5,355,Loyal Customer,0,0,0.0,Low Risk
16557.0,25,2,281.85,4,2,2,422,Recent Customer,0,0,0.0,Low Risk
16558.0,1,47,13718.96,5,5,5,555,VIP Customer,0,0,0.0,Low Risk
16559.0,398,1,185.2,2,1,1,211,Regular Customer,0,0,0.0,Low Risk
16560.0,22,10,3010.73,4,5,5,455,VIP Customer,0,0,0.0,Low Risk
16561.0,6,2,511.12,5,2,2,522,Recent Customer,0,0,0.0,Low Risk
16562.0,477,1,223.86,1,1,1,111,Regular Customer,0,0,0.0,Low Risk
16563.0,54,7,4412.56,4,4,5,445,VIP Customer,0,0,0.0,Low Risk
16564.0,570,1,87.8,1,1,1,111,Regular Customer,0,0,0.0,Low Risk
16565.0,365,5,700.45,2,4,3,243,At Risk,1,1,1.0,High Risk
16566.0,16,6,614.01,5,4,3,543,Loyal Customer,0,0,0.0,Low Risk
16567.0,195,2,865.6,2,2,3,223,Regular Customer,0,0,0.0,Low Risk
16568.0,428,2,1020.9,1,2,3,123,Regular Customer,0,0,0.0,Low Risk
16569.0,4,5,1455.23,5,4,4,544,VIP Customer,0,0,0.0,Low Risk
16570.0,9,31,6841.82,5,5,5,555,VIP Customer,0,0,0.0,Low Risk
16571.0,4,17,4025.05,5,5,5,555,VIP Customer,0,0,0.0,Low Risk
16572.0,128,4,999.7,3,3,3,333,Regular Customer,0,0,0.0,Low Risk
16573.0,74,4,648.41,3,3,3,333,Regular Customer,0,0,0.0,Low Risk
16574.0,72,3,1301.78,3,3,4,334,Regular Customer,0,0,0.0,Low Risk
16575.0,683,1,-10.49,1,1,1,111,Regular Customer,0,0,0.0,Low Risk
16576.0,410,5,513.1700000000001,2,4,2,242,At Risk,1,1,1.0,High Risk
16577.0,667,1,380.0,1,1,2,112,Regular Customer,0,0,0.0,Low Risk
16578.0,627,1,156.6,1,1,1,111,Regular Customer,0,0,0.0,Low Risk
16579.0,366,2,233.85,2,2,1,221,Regular Customer,0,0,0.0,Low Risk
16580.0,729,1,-5.0,1,1,1,111,Regular Customer,0,0,0.0,Low Risk
16581.0,156,2,70.44,3,2,1,321,Regular Customer,0,0,0.0,Low Risk
16582.0,114,1,313.62,3,1,2,312,Regular Customer,0,0,0.0,Low Risk
16583.0,374,2,531.4,2,2,2,222,Regular Customer,0,0,0.0,Low Risk
16584.0,81,7,3085.4700000000003,3,4,5,345,Loyal Customer,0,0,0.0,Low Risk
16585.0,594,2,341.59,1,2,2,122,Regular Customer,0,0,0.0,Low Risk
16586.0,249,3,1462.78,2,3,4,234,At Risk,1,1,1.0,High Risk
16587.0,233,1,225.15,2,1,1,211,Regular Customer,0,0,0.0,Low Risk
16588.0,387,4,1361.28,2,3,4,234,At Risk,1,1,1.0,High Risk
16589.0,72,4,612.36,3,3,3,333,Regular Customer,0,0,0.0,Low Risk
16590.0,382,3,563.6,2,3,2,232,At Risk,1,1,1.0,High Risk
16591.0,69,1,213.5,3,1,1,311,Regular Customer,0,0,0.0,Low Risk
16592.0,5,34,7624.46,5,5,5,555,VIP Customer,0,0,0.0,Low Risk
16593.0,51,9,1051.24,4,4,3,443,Loyal Customer,0,0,0.0,Low Risk
16594.0,76,1,181.09,3,1,1,311,Regular Customer,0,0,0.0,Low Risk
16595.0,62,5,1810.18,3,4,4,344,Loyal Customer,0,0,0.0,Low Risk
16596.0,16,4,579.63,5,3,2,532,Regular Customer,0,0,0.0,Low Risk
16597.0,5,1,90.04,5,1,1,511,Recent Customer,0,0,0.0,Low Risk
16598.0,278,2,140.7,2,2,1,221,Regular Customer,0,0,0.0,Low Risk
16599.0,386,1,172.8,2,1,1,211,Regular Customer,0,0,0.0,Low Risk
16600.0,5,16,2093.56,5,5,4,554,VIP Customer,0,0,0.0,Low Risk
16601.0,41,3,684.25,4,3,3,433,Regular Customer,0,0,0.0,Low Risk
16602.0,32,5,711.63,4,4,3,443,Loyal Customer,0,0,0.0,Low Risk
16603.0,75,2,482.47,3,2,2,322,Regular Customer,0,0,0.0,Low Risk
16604.0,549,3,326.25,1,3,2,132,At Risk,1,1,1.0,High Risk
16605.0,725,1,60.48,1,1,1,111,Regular Customer,0,0,0.0,Low Risk
16606.0,405,2,357.66,2,2,2,222,Regular Customer,0,0,0.0,Low Risk
16607.0,18,29,5375.18,5,5,5,555,VIP Customer,0,0,0.0,Low Risk
16608.0,454,2,1288.72,1,2,4,124,Regular Customer,0,0,0.0,Low Risk
16609.0,16,9,5450.96,5,4,5,545,VIP Customer,0,0,0.0,Low Risk
16610.0,220,1,75.66,2,1,1,211,Regular Customer,0,0,0.0,Low Risk
16611.0,187,7,1776.63,3,4,4,344,Loyal Customer,0,0,0.0,Low Risk
16612.0,33,10,3243.48,4,5,5,455,VIP Customer,0,0,0.0,Low Risk
16613.0,71,1,618.59,3,1,3,313,Regular Customer,0,0,0.0,Low Risk
16614.0,183,3,1179.79,3,3,3,333,Regular Customer,0,0,0.0,Low Risk
16615.0,569,2,264.5,1,2,2,122,Regular Customer,0,0,0.0,Low Risk
16616.0,16,2,500.42,5,2,2,522,Recent Customer,0,0,0.0,Low Risk
16617.0,236,1,151.85,2,1,1,211,Regular Customer,0,0,0.0,Low Risk
16618.0,32,6,2630.64,4,4,4,444,VIP Customer,0,0,0.0,Low Risk
16619.0,254,5,1916.53,2,4,4,244,At Risk,1,1,1.0,High Risk
16620.0,4,6,1758.93,5,4,4,544,VIP Customer,0,0,0.0,Low Risk
16621.0,52,4,813.48,4,3,3,433,Regular Customer,0,0,0.0,Low Risk
16622.0,543,2,205.6,1,2,1,121,Regular Customer,0,0,0.0,Low Risk
16623.0,246,5,1002.49,2,4,3,243,At Risk,1,1,1.0,High Risk
16624.0,81,2,810.5699999999999,3,2,3,323,Regular Customer,0,0,0.0,Low Risk
16625.0,275,6,1651.08,2,4,4,244,At Risk,1,1,1.0,High Risk
16626.0,1,20,4379.65,5,5,5,555,VIP Customer,0,0,0.0,Low Risk
16627.0,80,1,322.8,3,1,2,312,Regular Customer,0,0,0.0,Low Risk
16628.0,30,8,2313.09,4,4,4,444,VIP Customer,0,0,0.0,Low Risk
16629.0,74,2,417.73,3,2,2,322,Regular Customer,0,0,0.0,Low Risk
16630.0,408,2,104.3,2,2,1,221,Regular Customer,0,0,0.0,Low Risk
16631.0,482,8,1867.02,1,4,4,144,At Risk,1,1,1.0,High Risk
16632.0,486,2,406.4,1,2,2,122,Regular Customer,0,0,0.0,Low Risk
16633.0,18,7,2878.15,5,4,5,545,VIP Customer,0,0,0.0,Low Risk
16634.0,223,10,1363.1,2,5,4,254,At Risk,1,1,1.0,High Risk
16635.0,407,1,473.0,2,1,2,212,Regular Customer,0,0,0.0,Low Risk
16636.0,439,4,3802.04,1,3,5,135,At Risk,1,1,1.0,High Risk
16637.0,33,5,1124.59,4,4,3,443,Loyal Customer,0,0,0.0,Low Risk
16638.0,23,16,2426.28,4,5,4,454,VIP Customer,0,0,0.0,Low Risk
16639.0,26,5,1659.85,4,4,4,444,VIP Customer,0,0,0.0,Low Risk
16640.0,398,1,179.4,2,1,1,211,Regular Customer,0,0,0.0,Low Risk
16641.0,106,2,554.5,3,2,2,322,Regular Customer,0,0,0.0,Low Risk
16642.0,5,5,1051.46,5,4,3,543,Loyal Customer,0,0,0.0,Low Risk
16643.0,246,3,915.56,2,3,3,233,At Risk,1,1,1.0,High Risk
16644.0,178,2,833.78,3,2,3,323,Regular Customer,0,0,0.0,Low Risk
16645.0,736,1,160.39,1,1,1,111,Regular Customer,0,0,0.0,Low Risk
16646.0,445,2,675.05,1,2,3,123,Regular Customer,0,0,0.0,Low Risk
16647.0,170,4,541.9,3,3,2,332,Regular Customer,0,0,0.0,Low Risk
16648.0,39,4,653.0,4,3,3,433,Regular Customer,0,0,0.0,Low Risk
16649.0,521,1,306.58000000000004,1,1,2,112,Regular Customer,0,0,0.0,Low Risk
16650.0,72,7,1916.11,3,4,4,344,Loyal Customer,0,0,0.0,Low Risk
16651.0,587,1,136.2,1,1,1,111,Regular Customer,0,0,0.0,Low Risk
16652.0,54,24,17312.83,4,5,5,455,VIP Customer,0,0,0.0,Low Risk
16653.0,17,3,1166.92,5,3,3,533,Regular Customer,0,0,0.0,Low Risk
16654.0,142,9,1705.17,3,4,4,344,Loyal Customer,0,0,0.0,Low Risk
16655.0,18,14,6513.27,5,5,5,555,VIP Customer,0,0,0.0,Low Risk
16656.0,23,44,16307.72,4,5,5,455,VIP Customer,0,0,0.0,Low Risk
16657.0,10,4,933.62,5,3,3,533,Regular Customer,0,0,0.0,Low Risk
16658.0,369,9,696.72,2,4,3,243,At Risk,1,1,1.0,High Risk
16659.0,190,1,39.12,3,1,1,311,Regular Customer,0,0,0.0,Low Risk
16660.0,17,8,1422.35,5,4,4,544,VIP Customer,0,0,0.0,Low Risk
16661.0,541,5,842.1800000000001,1,4,3,143,At Risk,1,1,1.0,High Risk
16662.0,395,1,163.8,2,1,1,211,Regular Customer,0,0,0.0,Low Risk
16663.0,730,1,165.0,1,1,1,111,Regular Customer,0,0,0.0,Low Risk
16664.0,570,1,109.2,1,1,1,111,Regular Customer,0,0,0.0,Low Risk
16665.0,363,1,135.39999999999998,2,1,1,211,Regular Customer,0,0,0.0,Low Risk
16666.0,20,2,225.94,4,2,1,421,Recent Customer,0,0,0.0,Low Risk
16667.0,69,2,570.13,3,2,2,322,Regular Customer,0,0,0.0,Low Risk
16668.0,16,13,862.42,5,5,3,553,Loyal Customer,0,0,0.0,Low Risk
16669.0,24,5,226.14,4,4,1,441,Loyal Customer,0,0,0.0,Low Risk
16670.0,17,33,7786.66,5,5,5,555,VIP Customer,0,0,0.0,Low Risk
16671.0,29,3,1692.27,4,3,4,434,Regular Customer,0,0,0.0,Low Risk
16672.0,3,23,8093.59,5,5,5,555,VIP Customer,0,0,0.0,Low Risk
16673.0,680,1,188.83,1,1,1,111,Regular Customer,0,0,0.0,Low Risk
16674.0,55,2,319.61,4,2,2,422,Recent Customer,0,0,0.0,Low Risk
16675.0,442,2,608.86,1,2,3,123,Regular Customer,0,0,0.0,Low Risk
16676.0,34,7,2328.5,4,4,4,444,VIP Customer,0,0,0.0,Low Risk
16677.0,394,3,849.77,2,3,3,233,At Risk,1,1,1.0,High Risk
16678.0,3,17,3013.83,5,5,5,555,VIP Customer,0,0,0.0,Low Risk
16679.0,367,3,793.06,2,3,3,233,At Risk,1,1,1.0,High Risk
16680.0,44,3,821.45,4,3,3,433,Regular Customer,0,0,0.0,Low Risk
16681.0,73,7,1921.84,3,4,4,344,Loyal Customer,0,0,0.0,Low Risk
16682.0,5,5,1028.0,5,4,3,543,Loyal Customer,0,0,0.0,Low Risk
16683.0,530,2,309.35,1,2,2,122,Regular Customer,0,0,0.0,Low Risk
16684.0,5,65,141502.25,5,5,5,555,VIP Customer,0,0,0.0,Low Risk
16685.0,62,2,324.24,3,2,2,322,Regular Customer,0,0,0.0,Low Risk
16686.0,48,18,5051.57,4,5,5,455,VIP Customer,0,0,0.0,Low Risk
16687.0,391,1,157.63,2,1,1,211,Regular Customer,0,0,0.0,Low Risk
16688.0,2,4,1260.86,5,3,4,534,Regular Customer,0,0,0.0,Low Risk
16689.0,76,3,303.26,3,3,2,332,Regular Customer,0,0,0.0,Low Risk
16690.0,44,5,336.08,4,4,2,442,Loyal Customer,0,0,0.0,Low Risk
16691.0,419,2,178.83,1,2,1,121,Regular Customer,0,0,0.0,Low Risk
16692.0,257,4,1914.7,2,3,4,234,At Risk,1,1,1.0,High Risk
16693.0,69,5,1199.46,3,4,4,344,Loyal Customer,0,0,0.0,Low Risk
16694.0,724,1,98.3,1,1,1,111,Regular Customer,0,0,0.0,Low Risk
16695.0,562,2,193.15,1,2,1,121,Regular Customer,0,0,0.0,Low Risk
16696.0,136,4,657.9000000000001,3,3,3,333,Regular Customer,0,0,0.0,Low Risk
16697.0,242,1,112.75,2,1,1,211,Regular Customer,0,0,0.0,Low Risk
16698.0,227,2,1998.0,2,2,4,224,Regular Customer,0,0,0.0,Low Risk
16699.0,381,8,964.9,2,4,3,243,At Risk,1,1,1.0,High Risk
16700.0,9,31,9084.06,5,5,5,555,VIP Customer,0,0,0.0,Low Risk
16701.0,9,34,9614.59,5,5,5,555,VIP Customer,0,0,0.0,Low Risk
16702.0,416,5,1100.88,1,4,3,143,At Risk,1,1,1.0,High Risk
16703.0,732,1,-15.0,1,1,1,111,Regular Customer,0,0,0.0,Low Risk
16704.0,619,2,695.66,1,2,3,123,Regular Customer,0,0,0.0,Low Risk
16705.0,1,61,42653.141,5,5,5,555,VIP Customer,0,0,0.0,Low Risk
16706.0,38,3,531.35,4,3,2,432,Regular Customer,0,0,0.0,Low Risk
16707.0,401,4,551.11,2,3,2,232,At Risk,1,1,1.0,High Risk
16708.0,46,1,656.63,4,1,3,413,Recent Customer,0,0,0.0,Low Risk
16709.0,85,14,9087.46,3,5,5,355,Loyal Customer,0,0,0.0,Low Risk
16710.0,20,23,6336.34,4,5,5,455,VIP Customer,0,0,0.0,Low Risk
16711.0,4,10,2751.48,5,5,4,554,VIP Customer,0,0,0.0,Low Risk
16712.0,10,13,4266.99,5,5,5,555,VIP Customer,0,0,0.0,Low Risk
16713.0,19,41,14380.54,5,5,5,555,VIP Customer,0,0,0.0,Low Risk
16714.0,219,7,1254.71,2,4,4,244,At Risk,1,1,1.0,High Risk
16715.0,79,2,625.52,3,2,3,323,Regular Customer,0,0,0.0,Low Risk
16716.0,267,4,1568.2800000000002,2,3,4,234,At Risk,1,1,1.0,High Risk
16717.0,10,20,6309.96,5,5,5,555,VIP Customer,0,0,0.0,Low Risk
16718.0,370,5,3647.53,2,4,5,245,At Risk,1,1,1.0,High Risk
16719.0,15,17,3828.55,5,5,5,555,VIP Customer,0,0,0.0,Low Risk
16720.0,27,4,593.43,4,3,3,433,Regular Customer,0,0,0.0,Low Risk
16721.0,263,1,292.47,2,1,2,212,Regular Customer,0,0,0.0,Low Risk
16722.0,18,26,8967.83,5,5,5,555,VIP Customer,0,0,0.0,Low Risk
16723.0,92,4,1301.63,3,3,4,334,Regular Customer,0,0,0.0,Low Risk
16724.0,405,1,147.35,2,1,1,211,Regular Customer,0,0,0.0,Low Risk
16725.0,303,16,1870.71,2,5,4,254,At Risk,1,1,1.0,High Risk
16726.0,27,7,2088.41,4,4,4,444,VIP Customer,0,0,0.0,Low Risk
16727.0,365,4,1437.42,2,3,4,234,At Risk,1,1,1.0,High Risk
16728.0,47,4,1054.67,4,3,3,433,Regular Customer,0,0,0.0,Low Risk
16729.0,37,26,7076.28,4,5,5,455,VIP Customer,0,0,0.0,Low Risk
16730.0,53,4,702.79,4,3,3,433,Regular Customer,0,0,0.0,Low Risk
16731.0,649,1,174.05,1,1,1,111,Regular Customer,0,0,0.0,Low Risk
16732.0,32,9,3966.79,4,4,5,445,VIP Customer,0,0,0.0,Low Risk
16733.0,530,1,259.68,1,1,2,112,Regular Customer,0,0,0.0,Low Risk
16734.0,53,3,650.51,4,3,3,433,Regular Customer,0,0,0.0,Low Risk
16735.0,79,22,5632.01,3,5,5,355,Loyal Customer,0,0,0.0,Low Risk
16736.0,506,8,2904.51,1,4,5,145,At Risk,1,1,1.0,High Risk
16737.0,54,2,835.1999999999999,4,2,3,423,Recent Customer,0,0,0.0,Low Risk
16738.0,298,1,3.75,2,1,1,211,Regular Customer,0,0,0.005,Low Risk
16739.0,173,4,772.23,3,3,3,333,Regular Customer,0,0,0.0,Low Risk
16740.0,396,1,236.81,2,1,1,211,Regular Customer,0,0,0.0,Low Risk
16741.0,626,1,173.06,1,1,1,111,Regular Customer,0,0,0.0,Low Risk
16742.0,47,15,2387.71,4,5,4,454,VIP Customer,0,0,0.0,Low Risk
16743.0,30,15,4207.01,4,5,5,455,VIP Customer,0,0,0.0,Low Risk
16744.0,12,7,1304.76,5,4,4,544,VIP Customer,0,0,0.0,Low Risk
16745.0,87,18,7170.7,3,5,5,355,Loyal Customer,0,0,0.0,Low Risk
16746.0,5,46,18031.85,5,5,5,555,VIP Customer,0,0,0.0,Low Risk
16747.0,26,4,826.96,4,3,3,433,Regular Customer,0,0,0.0,Low Risk
16748.0,18,15,3632.29,5,5,5,555,VIP Customer,0,0,0.0,Low Risk
16749.0,592,2,4387.08,1,2,5,125,Regular Customer,0,0,0.0,Low Risk
16750.0,45,5,623.93,4,4,3,443,Loyal Customer,0,0,0.0,Low Risk
16751.0,31,1,1764.72,4,1,4,414,Recent Customer,0,0,0.0,Low Risk
16752.0,373,1,415.0,2,1,2,212,Regular Customer,0,0,0.0,Low Risk
16753.0,59,1,223.92,4,1,1,411,Recent Customer,0,0,0.0,Low Risk
16754.0,373,35,56560.58,2,5,5,255,At Risk,1,1,1.0,High Risk
16755.0,115,10,2882.03,3,5,5,355,Loyal Customer,0,0,0.0,Low Risk
16756.0,215,9,1287.42,2,4,4,244,At Risk,1,1,1.0,High Risk
16757.0,319,2,270.48,2,2,2,222,Regular Customer,0,0,0.0,Low Risk
16758.0,66,1,369.34,3,1,2,312,Regular Customer,0,0,0.0,Low Risk
16759.0,8,4,772.84,5,3,3,533,Regular Customer,0,0,0.0,Low Risk
16760.0,431,1,228.0,1,1,1,111,Regular Customer,0,0,0.0,Low Risk
16761.0,97,1,316.62,3,1,2,312,Regular Customer,0,0,0.0,Low Risk
16762.0,20,3,1501.38,4,3,4,434,Regular Customer,0,0,0.0,Low Risk
16763.0,186,3,947.75,3,3,3,333,Regular Customer,0,0,0.0,Low Risk
16764.0,4,18,2758.25,5,5,4,554,VIP Customer,0,0,0.0,Low Risk
16765.0,295,2,454.75,2,2,2,222,Regular Customer,0,0,0.0,Low Risk
16766.0,274,2,1145.6,2,2,3,223,Regular Customer,0,0,0.0,Low Risk
16767.0,31,16,7971.8,4,5,5,455,VIP Customer,0,0,0.0,Low Risk
16768.0,48,14,1647.07,4,5,4,454,VIP Customer,0,0,0.0,Low Risk
16769.0,261,4,1141.75,2,3,3,233,At Risk,1,1,1.0,High Risk
16770.0,58,11,1900.03,4,5,4,454,VIP Customer,0,0,0.0,Low Risk
16771.0,34,10,3967.6,4,5,5,455,VIP Customer,0,0,0.0,Low Risk
16772.0,418,5,2785.6,1,4,4,144,At Risk,1,1,1.0,High Risk
16773.0,58,3,421.24,4,3,2,432,Regular Customer,0,0,0.0,Low Risk
16774.0,68,9,1587.85,3,4,4,344,Loyal Customer,0,0,0.0,Low Risk
16775.0,11,17,2975.29,5,5,5,555,VIP Customer,0,0,0.0,Low Risk
16776.0,61,2,619.85,3,2,3,323,Regular Customer,0,0,0.0,Low Risk
16777.0,81,6,1277.01,3,4,4,344,Loyal Customer,0,0,0.0,Low Risk
16778.0,75,2,245.94,3,2,1,321,Regular Customer,0,0,0.0,Low Risk
16779.0,3,62,32981.61,5,5,5,555,VIP Customer,0,0,0.0,Low Risk
16780.0,101,3,605.55,3,3,3,333,Regular Customer,0,0,0.0,Low Risk
16781.0,366,3,901.05,2,3,3,233,At Risk,1,1,1.0,High Risk
16782.0,11,50,10348.96,5,5,5,555,VIP Customer,0,0,0.0,Low Risk
16783.0,437,1,391.95,1,1,2,112,Regular Customer,0,0,0.0,Low Risk
16784.0,20,5,896.53,4,4,3,443,Loyal Customer,0,0,0.0,Low Risk
16785.0,410,1,533.78,2,1,2,212,Regular Customer,0,0,0.0,Low Risk
16786.0,394,1,51.84,2,1,1,211,Regular Customer,0,0,0.0,Low Risk
16787.0,398,4,1035.43,2,3,3,233,At Risk,1,1,1.0,High Risk
16788.0,124,5,1950.3,3,4,4,344,Loyal Customer,0,0,0.0,Low Risk
16789.0,9,1,80.8,5,1,1,511,Recent Customer,0,0,0.0,Low Risk
16790.0,4,8,1520.12,5,4,4,544,VIP Customer,0,0,0.0,Low Risk
16791.0,30,18,3946.12,4,5,5,455,VIP Customer,0,0,0.0,Low Risk
16792.0,283,5,623.46,2,4,3,243,At Risk,1,1,1.0,High Risk
16793.0,58,1,243.84,4,1,1,411,Recent Customer,0,0,0.0,Low Risk
16794.0,2,17,2069.71,5,5,4,554,VIP Customer,0,0,0.0,Low Risk
16795.0,366,5,2465.19,2,4,4,244,At Risk,1,1,1.0,High Risk
16796.0,90,1,305.62,3,1,2,312,Regular Customer,0,0,0.0,Low Risk
16797.0,394,9,1786.77,2,4,4,244,At Risk,1,1,1.0,High Risk
16798.0,555,4,837.56,1,3,3,133,At Risk,1,1,1.0,High Risk
16799.0,433,3,491.03,1,3,2,132,At Risk,1,1,1.0,High Risk
16800.0,12,1,1201.49,5,1,4,514,Recent Customer,0,0,0.0,Low Risk
16801.0,164,5,867.83,3,4,3,343,Loyal Customer,0,0,0.0,Low Risk
16802.0,680,2,582.61,1,2,2,122,Regular Customer,0,0,0.0,Low Risk
16803.0,66,1,332.3,3,1,2,312,Regular Customer,0,0,0.0,Low Risk
16804.0,24,3,536.99,4,3,2,432,Regular Customer,0,0,0.0,Low Risk
16805.0,174,5,1097.24,3,4,3,343,Loyal Customer,0,0,0.0,Low Risk
16806.0,104,4,801.49,3,3,3,333,Regular Customer,0,0,0.0,Low Risk
16807.0,143,8,2064.88,3,4,4,344,Loyal Customer,0,0,0.0,Low Risk
16808.0,100,2,288.42,3,2,2,322,Regular Customer,0,0,0.0,Low Risk
16809.0,24,10,1725.48,4,5,4,454,VIP Customer,0,0,0.0,Low Risk
16810.0,193,4,786.14,2,3,3,233,At Risk,1,1,1.0,High Risk
16811.0,5,2,547.07,5,2,2,522,Recent Customer,0,0,0.0,Low Risk
16812.0,361,5,2216.8,2,4,4,244,At Risk,1,1,1.0,High Risk
16813.0,9,10,1692.98,5,5,4,554,VIP Customer,0,0,0.0,Low Risk
16814.0,15,37,12491.21,5,5,5,555,VIP Customer,0,0,0.0,Low Risk
16815.0,454,2,410.97,1,2,2,122,Regular Customer,0,0,0.0,Low Risk
16816.0,104,4,417.06,3,3,2,332,Regular Customer,0,0,0.0,Low Risk
16817.0,3,18,2594.55,5,5,4,554,VIP Customer,0,0,0.0,Low Risk
16818.0,11,13,3317.97,5,5,5,555,VIP Customer,0,0,0.0,Low Risk
16819.0,466,2,182.59,1,2,1,121,Regular Customer,0,0,0.0,Low Risk
16820.0,96,1,497.61,3,1,2,312,Regular Customer,0,0,0.0,Low Risk
16821.0,382,1,113.35,2,1,1,211,Regular Customer,0,0,0.0,Low Risk
16822.0,664,3,144.84,1,3,1,131,At Risk,1,1,1.0,High Risk
16823.0,228,8,2253.14,2,4,4,244,At Risk,1,1,1.0,High Risk
16824.0,16,3,686.24,5,3,3,533,Regular Customer,0,0,0.0,Low Risk
16825.0,39,5,1826.89,4,4,4,444,VIP Customer,0,0,0.0,Low Risk
16826.0,52,1,341.7,4,1,2,412,Recent Customer,0,0,0.0,Low Risk
16827.0,394,5,392.13,2,4,2,242,At Risk,1,1,1.0,High Risk
16828.0,94,2,128.5,3,2,1,321,Regular Customer,0,0,0.0,Low Risk
16829.0,157,2,513.32,3,2,2,322,Regular Customer,0,0,0.0,Low Risk
16830.0,39,5,1183.7,4,4,3,443,Loyal Customer,0,0,0.0,Low Risk
16831.0,565,1,91.8,1,1,1,111,Regular Customer,0,0,0.0,Low Risk
16832.0,185,5,417.61,3,4,2,342,Loyal Customer,0,0,0.0,Low Risk
16833.0,2,6,2409.04,5,4,4,544,VIP Customer,0,0,0.0,Low Risk
16834.0,228,2,898.96,2,2,3,223,Regular Customer,0,0,0.0,Low Risk
16835.0,129,10,1471.51,3,5,4,354,Loyal Customer,0,0,0.0,Low Risk
16836.0,40,4,782.37,4,3,3,433,Regular Customer,0,0,0.0,Low Risk
16837.0,32,12,3167.73,4,5,5,455,VIP Customer,0,0,0.0,Low Risk
16838.0,198,6,1126.66,2,4,3,243,At Risk,1,1,1.0,High Risk
16839.0,9,51,20968.27,5,5,5,555,VIP Customer,0,0,0.0,Low Risk
16840.0,604,3,126.71,1,3,1,131,At Risk,1,1,1.0,High Risk
16841.0,37,14,3841.16,4,5,5,455,VIP Customer,0,0,0.0,Low Risk
16842.0,65,4,1260.44,3,3,4,334,Regular Customer,0,0,0.0,Low Risk
16843.0,43,38,19528.78,4,5,5,455,VIP Customer,0,0,0.0,Low Risk
16844.0,563,2,614.34,1,2,3,123,Regular Customer,0,0,0.0,Low Risk
16845.0,619,1,253.88,1,1,1,111,Regular Customer,0,0,0.0,Low Risk
16846.0,51,3,842.41,4,3,3,433,Regular Customer,0,0,0.0,Low Risk
16847.0,44,2,614.89,4,2,3,423,Recent Customer,0,0,0.0,Low Risk
16848.0,53,4,1411.62,4,3,4,434,Regular Customer,0,0,0.0,Low Risk
16849.0,187,1,124.57,3,1,1,311,Regular Customer,0,0,0.0,Low Risk
16850.0,334,1,332.41,2,1,2,212,Regular Customer,0,0,0.0,Low Risk
16851.0,5,3,342.45,5,3,2,532,Regular Customer,0,0,0.0,Low Risk
16852.0,11,2,144.91000000000005,5,2,1,521,Recent Customer,0,0,0.0,Low Risk
16853.0,732,1,-67.5,1,1,1,111,Regular Customer,0,0,0.0,Low Risk
16854.0,418,2,1408.96,1,2,4,124,Regular Customer,0,0,0.0,Low Risk
16855.0,24,2,328.4,4,2,2,422,Recent Customer,0,0,0.0,Low Risk
16856.0,15,3,358.49,5,3,2,532,Regular Customer,0,0,0.0,Low Risk
16857.0,443,1,352.8,1,1,2,112,Regular Customer,0,0,0.0,Low Risk
16858.0,367,16,4431.63,2,5,5,255,At Risk,1,1,1.0,High Risk
16859.0,107,10,1657.74,3,5,4,354,Loyal Customer,0,0,0.0,Low Risk
16860.0,453,4,1593.67,1,3,4,134,At Risk,1,1,1.0,High Risk
16861.0,60,6,902.37,3,4,3,343,Loyal Customer,0,0,0.0,Low Risk
16862.0,548,4,662.33,1,3,3,133,At Risk,1,1,1.0,High Risk
16863.0,30,5,977.07,4,4,3,443,Loyal Customer,0,0,0.0,Low Risk
16864.0,435,2,409.25,1,2,2,122,Regular Customer,0,0,0.0,Low Risk
16865.0,402,1,130.95,2,1,1,211,Regular Customer,0,0,0.0,Low Risk
16866.0,141,3,207.74,3,3,1,331,Regular Customer,0,0,0.0,Low Risk
16867.0,690,1,76.74000000000001,1,1,1,111,Regular Customer,0,0,0.0,Low Risk
16868.0,395,3,393.39,2,3,2,232,At Risk,1,1,1.0,High Risk
16869.0,23,5,805.62,4,4,3,443,Loyal Customer,0,0,0.0,Low Risk
16870.0,470,1,450.16,1,1,2,112,Regular Customer,0,0,0.0,Low Risk
16871.0,23,7,2761.49,4,4,4,444,VIP Customer,0,0,0.0,Low Risk
16872.0,78,6,1213.13,3,4,4,344,Loyal Customer,0,0,0.0,Low Risk
16873.0,5,17,14547.03,5,5,5,555,VIP Customer,0,0,0.0,Low Risk
16874.0,380,1,217.74,2,1,1,211,Regular Customer,0,0,0.0,Low Risk
16875.0,65,20,4053.2,3,5,5,355,Loyal Customer,0,0,0.0,Low Risk
16876.0,404,1,136.01,2,1,1,211,Regular Customer,0,0,0.0,Low Risk
16877.0,13,6,853.72,5,4,3,543,Loyal Customer,0,0,0.0,Low Risk
16878.0,25,2,0.0,4,2,1,421,Recent Customer,0,0,0.0,Low Risk
16879.0,421,2,-140.95999999999998,1,2,1,121,Regular Customer,0,0,0.0,Low Risk
16880.0,31,8,1840.86,4,4,4,444,VIP Customer,0,0,0.0,Low Risk
16881.0,67,1,432.0,3,1,2,312,Regular Customer,0,0,0.0,Low Risk
16882.0,67,3,705.12,3,3,3,333,Regular Customer,0,0,0.0,Low Risk
16883.0,188,20,2386.64,3,5,4,354,Loyal Customer,0,0,0.0,Low Risk
16884.0,38,4,1073.92,4,3,3,433,Regular Customer,0,0,0.0,Low Risk
16885.0,16,4,710.74,5,3,3,533,Regular Customer,0,0,0.0,Low Risk
16886.0,445,2,0.0,1,2,1,121,Regular Customer,0,0,0.0,Low Risk
16887.0,36,3,660.72,4,3,3,433,Regular Customer,0,0,0.0,Low Risk
16888.0,401,3,437.15,2,3,2,232,At Risk,1,1,1.0,High Risk
16889.0,195,6,2530.9,2,4,4,244,At Risk,1,1,1.0,High Risk
16890.0,477,3,285.41,1,3,2,132,At Risk,1,1,1.0,High Risk
16891.0,2,11,2056.82,5,5,4,554,VIP Customer,0,0,0.0,Low Risk
16892.0,2,9,733.4,5,4,3,543,Loyal Customer,0,0,0.0,Low Risk
16893.0,367,2,401.77,2,2,2,222,Regular Customer,0,0,0.0,Low Risk
16894.0,503,5,1282.36,1,4,4,144,At Risk,1,1,1.0,High Risk
16895.0,65,5,1121.42,3,4,3,343,Loyal Customer,0,0,0.0,Low Risk
16896.0,556,1,103.95,1,1,1,111,Regular Customer,0,0,0.0,Low Risk
16897.0,300,3,213.03,2,3,1,231,At Risk,1,1,1.0,High Risk
16898.0,27,6,887.67,4,4,3,443,Loyal Customer,0,0,0.0,Low Risk
16899.0,8,8,1721.02,5,4,4,544,VIP Customer,0,0,0.0,Low Risk
16900.0,12,5,187.6900000000001,5,4,1,541,Loyal Customer,0,0,0.0,Low Risk
16901.0,730,1,204.26,1,1,1,111,Regular Customer,0,0,0.0,Low Risk
16902.0,117,1,1706.88,3,1,4,314,Regular Customer,0,0,0.0,Low Risk
16903.0,30,4,1029.98,4,3,3,433,Regular Customer,0,0,0.0,Low Risk
16904.0,5,21,5132.37,5,5,5,555,VIP Customer,0,0,0.0,Low Risk
16905.0,6,20,5004.5,5,5,5,555,VIP Customer,0,0,0.0,Low Risk
16906.0,82,7,1448.8,3,4,4,344,Loyal Customer,0,0,0.0,Low Risk
16907.0,30,9,1707.9,4,4,4,444,VIP Customer,0,0,0.0,Low Risk
16908.0,723,2,153.59,1,2,1,121,Regular Customer,0,0,0.0,Low Risk
16909.0,65,2,364.14,3,2,2,322,Regular Customer,0,0,0.0,Low Risk
16910.0,5,8,1510.06,5,4,4,544,VIP Customer,0,0,0.0,Low Risk
16911.0,628,3,251.35,1,3,1,131,At Risk,1,1,0.99,High Risk
16912.0,24,18,4433.6,4,5,5,455,VIP Customer,0,0,0.0,Low Risk
16913.0,291,3,423.91,2,3,2,232,At Risk,1,1,0.995,High Risk
16914.0,37,1,208.46,4,1,1,411,Recent Customer,0,0,0.0,Low Risk
16915.0,10,11,1543.18,5,5,4,554,VIP Customer,0,0,0.0,Low Risk
16916.0,24,4,1123.4,4,3,3,433,Regular Customer,0,0,0.0,Low Risk
16917.0,277,3,1848.88,2,3,4,234,At Risk,1,1,1.0,High Risk
16918.0,50,19,3138.06,4,5,5,455,VIP Customer,0,0,0.0,Low Risk
16919.0,157,28,5053.81,3,5,5,355,Loyal Customer,0,0,0.0,Low Risk
16920.0,412,1,355.45,2,1,2,212,Regular Customer,0,0,0.0,Low Risk
16921.0,62,3,446.67,3,3,2,332,Regular Customer,0,0,0.0,Low Risk
16922.0,573,1,611.08,1,1,3,113,Regular Customer,0,0,0.0,Low Risk
16923.0,13,41,12793.38,5,5,5,555,VIP Customer,0,0,0.0,Low Risk
16924.0,22,4,739.5,4,3,3,433,Regular Customer,0,0,0.0,Low Risk
16925.0,541,1,125.65,1,1,1,111,Regular Customer,0,0,0.0,Low Risk
16926.0,372,6,1410.4,2,4,4,244,At Risk,1,1,1.0,High Risk
16927.0,116,3,543.05,3,3,2,332,Regular Customer,0,0,0.0,Low Risk
16928.0,81,33,3993.58,3,5,5,355,Loyal Customer,0,0,0.0,Low Risk
16929.0,4,7,1295.39,5,4,4,544,VIP Customer,0,0,0.0,Low Risk
16930.0,27,3,380.55,4,3,2,432,Regular Customer,0,0,0.0,Low Risk
16931.0,6,23,5233.62,5,5,5,555,VIP Customer,0,0,0.0,Low Risk
16932.0,54,3,440.71,4,3,2,432,Regular Customer,0,0,0.0,Low Risk
16933.0,2,16,3099.6,5,5,5,555,VIP Customer,0,0,0.0,Low Risk
16934.0,55,7,2090.74,4,4,4,444,VIP Customer,0,0,0.0,Low Risk
16935.0,382,3,535.1,2,3,2,232,At Risk,1,1,1.0,High Risk
16936.0,26,2,551.17,4,2,2,422,Recent Customer,0,0,0.0,Low Risk
16937.0,500,1,202.1,1,1,1,111,Regular Customer,0,0,0.0,Low Risk
16938.0,9,10,6209.93,5,5,5,555,VIP Customer,0,0,0.0,Low Risk
16939.0,489,3,449.0,1,3,2,132,At Risk,1,1,1.0,High Risk
16940.0,53,11,6245.41,4,5,5,455,VIP Customer,0,0,0.0,Low Risk
16941.0,612,1,33.0,1,1,1,111,Regular Customer,0,0,0.0,Low Risk
16942.0,13,10,1894.11,5,5,4,554,VIP Customer,0,0,0.0,Low Risk
16943.0,212,7,816.73,2,4,3,243,At Risk,1,1,1.0,High Risk
16944.0,610,1,101.36,1,1,1,111,Regular Customer,0,0,0.0,Low Risk
16945.0,22,35,8530.66,4,5,5,455,VIP Customer,0,0,0.0,Low Risk
16946.0,384,6,1199.54,2,4,4,244,At Risk,1,1,1.0,High Risk
16947.0,236,10,896.73,2,5,3,253,At Risk,1,1,1.0,High Risk
16948.0,139,7,868.77,3,4,3,343,Loyal Customer,0,0,0.0,Low Risk
16949.0,4,7,1161.27,5,4,3,543,Loyal Customer,0,0,0.0,Low Risk
16950.0,57,12,3725.19,4,5,5,455,VIP Customer,0,0,0.0,Low Risk
16951.0,124,4,1262.75,3,3,4,334,Regular Customer,0,0,0.0,Low Risk
16952.0,110,5,798.78,3,4,3,343,Loyal Customer,0,0,0.0,Low Risk
16953.0,31,1,20.8,4,1,1,411,Recent Customer,0,0,0.0,Low Risk
16954.0,1,21,6037.33,5,5,5,555,VIP Customer,0,0,0.0,Low Risk
16955.0,185,9,1261.16,3,4,4,344,Loyal Customer,0,0,0.0,Low Risk
16956.0,10,2,292.34,5,2,2,522,Recent Customer,0,0,0.0,Low Risk
16957.0,240,2,416.64,2,2,2,222,Regular Customer,0,0,0.0,Low Risk
16958.0,436,1,809.44,1,1,3,113,Regular Customer,0,0,0.0,Low Risk
16959.0,88,1,117.35,3,1,1,311,Regular Customer,0,0,0.0,Low Risk
16960.0,39,9,2021.98,4,4,4,444,VIP Customer,0,0,0.0,Low Risk
16961.0,117,6,773.01,3,4,3,343,Loyal Customer,0,0,0.0,Low Risk
16962.0,410,1,251.04,2,1,1,211,Regular Customer,0,0,0.0,Low Risk
16963.0,188,1,110.55,3,1,1,311,Regular Customer,0,0,0.0,Low Risk
16964.0,734,2,207.85,1,2,1,121,Regular Customer,0,0,0.0,Low Risk
16965.0,227,1,201.19,2,1,1,211,Regular Customer,0,0,0.0,Low Risk
16966.0,9,10,2148.47,5,5,4,554,VIP Customer,0,0,0.0,Low Risk
16967.0,190,1,319.02,3,1,2,312,Regular Customer,0,0,0.0,Low Risk
16968.0,5,2,439.43,5,2,2,522,Recent Customer,0,0,0.0,Low Risk
16969.0,40,3,650.41,4,3,3,433,Regular Customer,0,0,0.0,Low Risk
16970.0,627,1,71.4,1,1,1,111,Regular Customer,0,0,0.0,Low Risk
16971.0,3,2,232.21,5,2,1,521,Recent Customer,0,0,0.0,Low Risk
16972.0,383,2,786.25,2,2,3,223,Regular Customer,0,0,0.0,Low Risk
16973.0,387,1,127.0,2,1,1,211,Regular Customer,0,0,0.0,Low Risk
16974.0,523,2,365.5,1,2,2,122,Regular Customer,0,0,0.0,Low Risk
16975.0,414,5,902.42,2,4,3,243,At Risk,1,1,1.0,High Risk
16976.0,268,1,251.52,2,1,1,211,Regular Customer,0,0,0.0,Low Risk
16977.0,396,4,496.0,2,3,2,232,At Risk,1,1,1.0,High Risk
16978.0,78,3,768.88,3,3,3,333,Regular Customer,0,0,0.0,Low Risk
16979.0,4,12,2787.09,5,5,4,554,VIP Customer,0,0,0.0,Low Risk
16980.0,256,3,1473.3300000000002,2,3,4,234,At Risk,1,1,1.0,High Risk
16981.0,541,1,-4620.86,1,1,1,111,Regular Customer,0,0,0.0,Low Risk
16982.0,61,1,384.06,3,1,2,312,Regular Customer,0,0,0.0,Low Risk
16983.0,13,12,3699.17,5,5,5,555,VIP Customer,0,0,0.0,Low Risk
16984.0,79,19,10599.42,3,5,5,355,Loyal Customer,0,0,0.0,Low Risk
16985.0,18,26,10545.76,5,5,5,555,VIP Customer,0,0,0.0,Low Risk
16986.0,30,11,4888.75,4,5,5,455,VIP Customer,0,0,0.0,Low Risk
16987.0,4,12,2524.0,5,5,4,554,VIP Customer,0,0,0.0,Low Risk
16988.0,6,2,382.67,5,2,2,522,Recent Customer,0,0,0.0,Low Risk
16989.0,8,6,1133.25,5,4,3,543,Loyal Customer,0,0,0.0,Low Risk
16990.0,219,2,344.0,2,2,2,222,Regular Customer,0,0,0.0,Low Risk
16991.0,422,1,1041.21,1,1,3,113,Regular Customer,0,0,0.0,Low Risk
16992.0,11,15,5460.1,5,5,5,555,VIP Customer,0,0,0.0,Low Risk
16993.0,464,3,1688.15,1,3,4,134,At Risk,1,1,1.0,High Risk
16994.0,627,1,-779.32,1,1,1,111,Regular Customer,0,0,0.0,Low Risk
16995.0,373,1,-2.5,2,1,1,211,Regular Customer,0,0,0.0,Low Risk
16996.0,31,13,2044.16,4,5,4,454,VIP Customer,0,0,0.0,Low Risk
16997.0,289,3,702.0,2,3,3,233,At Risk,1,1,1.0,High Risk
16998.0,150,7,394.02,3,4,2,342,Loyal Customer,0,0,0.0,Low Risk
16999.0,24,2,484.82,4,2,2,422,Recent Customer,0,0,0.0,Low Risk
17000.0,397,2,406.3,2,2,2,222,Regular Customer,0,0,0.0,Low Risk
17001.0,1,19,6640.8,5,5,5,555,VIP Customer,0,0,0.0,Low Risk
17002.0,74,8,2565.6,3,4,4,344,Loyal Customer,0,0,0.0,Low Risk
17003.0,403,4,830.16,2,3,3,233,At Risk,1,1,1.0,High Risk
17004.0,47,4,2425.16,4,3,4,434,Regular Customer,0,0,0.0,Low Risk
17005.0,471,3,732.41,1,3,3,133,At Risk,1,1,1.0,High Risk
17006.0,5,8,1636.32,5,4,4,544,VIP Customer,0,0,0.0,Low Risk
17007.0,51,8,1107.6,4,4,3,443,Loyal Customer,0,0,0.0,Low Risk
17008.0,430,1,81.36,1,1,1,111,Regular Customer,0,0,0.0,Low Risk
17009.0,552,1,242.06,1,1,1,111,Regular Customer,0,0,0.0,Low Risk
17010.0,17,2,185.46,5,2,1,521,Recent Customer,0,0,0.0,Low Risk
17011.0,31,4,536.7,4,3,2,432,Regular Customer,0,0,0.0,Low Risk
17012.0,726,1,384.16,1,1,2,112,Regular Customer,0,0,0.0,Low Risk
17013.0,604,2,-3224.76,1,2,1,121,Regular Customer,0,0,0.0,Low Risk
17014.0,9,4,565.58,5,3,2,532,Regular Customer,0,0,0.0,Low Risk
17015.0,29,3,1842.56,4,3,4,434,Regular Customer,0,0,0.0,Low Risk
17016.0,577,1,552.4,1,1,2,112,Regular Customer,0,0,0.0,Low Risk
17017.0,3,41,8087.41,5,5,5,555,VIP Customer,0,0,0.0,Low Risk
17018.0,41,6,2287.7,4,4,4,444,VIP Customer,0,0,0.0,Low Risk
17019.0,12,13,3951.5,5,5,5,555,VIP Customer,0,0,0.0,Low Risk
17020.0,543,2,935.62,1,2,3,123,Regular Customer,0,0,0.0,Low Risk
17021.0,443,6,1182.22,1,4,3,143,At Risk,1,1,1.0,High Risk
17022.0,32,2,260.0,4,2,2,422,Recent Customer,0,0,0.0,Low Risk
17023.0,418,3,800.18,1,3,3,133,At Risk,1,1,1.0,High Risk
17024.0,46,3,95.85,4,3,1,431,Regular Customer,0,0,0.0,Low Risk
17025.0,61,5,1510.64,3,4,4,344,Loyal Customer,0,0,0.0,Low Risk
17026.0,186,3,208.98,3,3,1,331,Regular Customer,0,0,0.01,Low Risk
17027.0,79,10,1285.41,3,5,4,354,Loyal Customer,0,0,0.0,Low Risk
17028.0,582,3,1593.83,1,3,4,134,At Risk,1,1,1.0,High Risk
17029.0,111,7,2137.3,3,4,4,344,Loyal Customer,0,0,0.0,Low Risk
17030.0,64,1,146.87,3,1,1,311,Regular Customer,0,0,0.0,Low Risk
17031.0,12,6,2773.85,5,4,4,544,VIP Customer,0,0,0.0,Low Risk
17032.0,442,13,2150.06,1,5,4,154,At Risk,1,1,1.0,High Risk
17033.0,87,4,1332.79,3,3,4,334,Regular Customer,0,0,0.0,Low Risk
17034.0,17,7,1239.32,5,4,4,544,VIP Customer,0,0,0.0,Low Risk
17035.0,246,5,568.39,2,4,2,242,At Risk,1,1,1.0,High Risk
17036.0,384,1,176.9,2,1,1,211,Regular Customer,0,0,0.0,Low Risk
17037.0,79,2,1253.22,3,2,4,324,Regular Customer,0,0,0.0,Low Risk
17038.0,31,2,743.17,4,2,3,423,Recent Customer,0,0,0.0,Low Risk
17039.0,605,1,1954.99,1,1,4,114,Regular Customer,0,0,0.0,Low Risk
17040.0,138,2,463.25,3,2,2,322,Regular Customer,0,0,0.0,Low Risk
17041.0,27,7,1670.48,4,4,4,444,VIP Customer,0,0,0.0,Low Risk
17042.0,3,5,1044.38,5,4,3,543,Loyal Customer,0,0,0.0,Low Risk
17043.0,33,8,2616.55,4,4,4,444,VIP Customer,0,0,0.0,Low Risk
17044.0,9,16,11867.6,5,5,5,555,VIP Customer,0,0,0.0,Low Risk
17045.0,114,5,827.6800000000001,3,4,3,343,Loyal Customer,0,0,0.0,Low Risk
17046.0,158,5,1906.07,3,4,4,344,Loyal Customer,0,0,0.0,Low Risk
17047.0,86,6,2289.23,3,4,4,344,Loyal Customer,0,0,0.0,Low Risk
17048.0,116,11,1991.45,3,5,4,354,Loyal Customer,0,0,0.0,Low Risk
17049.0,3,25,9593.78,5,5,5,555,VIP Customer,0,0,0.0,Low Risk
17050.0,97,12,4391.66,3,5,5,355,Loyal Customer,0,0,0.0,Low Risk
17051.0,195,4,714.39,2,3,3,233,At Risk,1,1,1.0,High Risk
17052.0,29,1,413.75,4,1,2,412,Recent Customer,0,0,0.0,Low Risk
17053.0,129,2,496.38,3,2,2,322,Regular Customer,0,0,0.0,Low Risk
17054.0,29,6,1353.83,4,4,4,444,VIP Customer,0,0,0.0,Low Risk
17055.0,446,1,239.55,1,1,1,111,Regular Customer,0,0,0.0,Low Risk
17056.0,739,1,128.60000000000002,1,1,1,111,Regular Customer,0,0,0.0,Low Risk
17057.0,597,1,294.74,1,1,2,112,Regular Customer,0,0,0.0,Low Risk
17058.0,82,3,1179.89,3,3,3,333,Regular Customer,0,0,0.0,Low Risk
17059.0,30,10,5584.83,4,5,5,455,VIP Customer,0,0,0.0,Low Risk
17060.0,267,1,234.24,2,1,1,211,Regular Customer,0,0,0.0,Low Risk
17061.0,74,12,5116.13,3,5,5,355,Loyal Customer,0,0,0.0,Low Risk
17062.0,314,7,1204.32,2,4,4,244,At Risk,1,1,1.0,High Risk
17063.0,9,23,3576.88,5,5,5,555,VIP Customer,0,0,0.0,Low Risk
17064.0,59,3,859.35,4,3,3,433,Regular Customer,0,0,0.0,Low Risk
17065.0,144,3,82.35,3,3,1,331,Regular Customer,0,0,0.01,Low Risk
17066.0,727,1,228.34,1,1,1,111,Regular Customer,0,0,0.0,Low Risk
17067.0,725,3,454.54,1,3,2,132,At Risk,1,1,1.0,High Risk
17068.0,13,49,9126.43,5,5,5,555,VIP Customer,0,0,0.0,Low Risk
17069.0,29,21,5718.4,4,5,5,455,VIP Customer,0,0,0.0,Low Risk
17070.0,115,2,445.32,3,2,2,322,Regular Customer,0,0,0.0,Low Risk
17071.0,9,20,3738.45,5,5,5,555,VIP Customer,0,0,0.0,Low Risk
17072.0,626,1,282.05,1,1,2,112,Regular Customer,0,0,0.0,Low Risk
17073.0,18,4,1446.09,5,3,4,534,Regular Customer,0,0,0.0,Low Risk
17074.0,563,1,203.05,1,1,1,111,Regular Customer,0,0,0.0,Low Risk
17075.0,18,11,2221.38,5,5,4,554,VIP Customer,0,0,0.0,Low Risk
17076.0,37,6,1242.75,4,4,4,444,VIP Customer,0,0,0.0,Low Risk
17077.0,579,1,306.0,1,1,2,112,Regular Customer,0,0,0.0,Low Risk
17078.0,37,2,378.2,4,2,2,422,Recent Customer,0,0,0.0,Low Risk
17079.0,79,1,118.8,3,1,1,311,Regular Customer,0,0,0.0,Low Risk
17080.0,23,8,955.41,4,4,3,443,Loyal Customer,0,0,0.0,Low Risk
17081.0,26,6,964.39,4,4,3,443,Loyal Customer,0,0,0.0,Low Risk
17082.0,34,6,4732.03,4,4,5,445,VIP Customer,0,0,0.0,Low Risk
17083.0,110,11,4035.08,3,5,5,355,Loyal Customer,0,0,0.0,Low Risk
17084.0,36,4,5199.72,4,3,5,435,Regular Customer,0,0,0.0,Low Risk
17085.0,124,32,7757.41,3,5,5,355,Loyal Customer,0,0,0.0,Low Risk
17086.0,8,6,2050.08,5,4,4,544,VIP Customer,0,0,0.0,Low Risk
17087.0,738,1,221.53,1,1,1,111,Regular Customer,0,0,0.0,Low Risk
17088.0,29,4,1991.01,4,3,4,434,Regular Customer,0,0,0.0,Low Risk
17089.0,387,1,128.45,2,1,1,211,Regular Customer,0,0,0.0,Low Risk
17090.0,5,15,3055.94,5,5,5,555,VIP Customer,0,0,0.0,Low Risk
17091.0,3,23,7777.5,5,5,5,555,VIP Customer,0,0,0.0,Low Risk
17092.0,51,14,5563.31,4,5,5,455,VIP Customer,0,0,0.0,Low Risk
17093.0,593,1,235.88,1,1,1,111,Regular Customer,0,0,0.0,Low Risk
17094.0,319,3,370.4,2,3,2,232,At Risk,1,1,1.0,High Risk
17095.0,23,12,2312.59,4,5,4,454,VIP Customer,0,0,0.0,Low Risk
17096.0,10,17,3690.83,5,5,5,555,VIP Customer,0,0,0.0,Low Risk
17097.0,3,10,1323.95,5,5,4,554,VIP Customer,0,0,0.0,Low Risk
17098.0,382,3,591.0699999999999,2,3,3,233,At Risk,1,1,1.0,High Risk
17099.0,534,1,582.17,1,1,2,112,Regular Customer,0,0,0.0,Low Risk
17100.0,19,2,971.74,5,2,3,523,Recent Customer,0,0,0.0,Low Risk
17101.0,11,7,2507.05,5,4,4,544,VIP Customer,0,0,0.0,Low Risk
17102.0,262,1,25.5,2,1,1,211,Regular Customer,0,0,0.0,Low Risk
17103.0,723,1,424.3,1,1,2,112,Regular Customer,0,0,0.0,Low Risk
17104.0,424,1,474.03,1,1,2,112,Regular Customer,0,0,0.0,Low Risk
17105.0,160,2,665.78,3,2,3,323,Regular Customer,0,0,0.0,Low Risk
17106.0,390,1,491.23,2,1,2,212,Regular Customer,0,0,0.0,Low Risk
17107.0,33,13,15616.82,4,5,5,455,VIP Customer,0,0,0.0,Low Risk
17108.0,664,1,174.95,1,1,1,111,Regular Customer,0,0,0.0,Low Risk
17109.0,30,10,1280.1,4,5,4,454,VIP Customer,0,0,0.0,Low Risk
17110.0,166,3,510.7,3,3,2,332,Regular Customer,0,0,0.0,Low Risk
17111.0,48,2,476.58,4,2,2,422,Recent Customer,0,0,0.0,Low Risk
17112.0,503,1,205.17,1,1,1,111,Regular Customer,0,0,0.0,Low Risk
17113.0,506,8,2109.16,1,4,4,144,At Risk,1,1,1.0,High Risk
17114.0,6,10,747.22,5,5,3,553,Loyal Customer,0,0,0.0,Low Risk
17115.0,9,13,2616.29,5,5,4,554,VIP Customer,0,0,0.0,Low Risk
17116.0,649,1,389.78,1,1,2,112,Regular Customer,0,0,0.0,Low Risk
17117.0,289,1,116.2,2,1,1,211,Regular Customer,0,0,0.0,Low Risk
17118.0,318,1,157.02,2,1,1,211,Regular Customer,0,0,0.0,Low Risk
17119.0,4,3,593.61,5,3,3,533,Regular Customer,0,0,0.0,Low Risk
17120.0,234,1,307.46,2,1,2,212,Regular Customer,0,0,0.0,Low Risk
17121.0,403,1,314.74,2,1,2,212,Regular Customer,0,0,0.0,Low Risk
17122.0,120,4,570.5,3,3,2,332,Regular Customer,0,0,0.0,Low Risk
17123.0,162,3,977.17,3,3,3,333,Regular Customer,0,0,0.0,Low Risk
17124.0,186,1,298.89,3,1,2,312,Regular Customer,0,0,0.0,Low Risk
17125.0,51,1,259.35,4,1,2,412,Recent Customer,0,0,0.0,Low Risk
17126.0,153,11,2057.54,3,5,4,354,Loyal Customer,0,0,0.0,Low Risk
17127.0,429,5,1155.0300000000002,1,4,3,143,At Risk,1,1,1.0,High Risk
17128.0,335,1,157.09,2,1,1,211,Regular Customer,0,0,0.0,Low Risk
17129.0,521,1,31.85,1,1,1,111,Regular Customer,0,0,0.0,Low Risk
17130.0,683,1,-18.38,1,1,1,111,Regular Customer,0,0,0.0,Low Risk
17131.0,6,5,2463.17,5,4,4,544,VIP Customer,0,0,0.0,Low Risk
17132.0,453,2,1272.8,1,2,4,124,Regular Customer,0,0,0.0,Low Risk
17133.0,16,13,12972.09,5,5,5,555,VIP Customer,0,0,0.0,Low Risk
17134.0,107,3,637.1,3,3,3,333,Regular Customer,0,0,0.0,Low Risk
17135.0,17,11,1943.24,5,5,4,554,VIP Customer,0,0,0.0,Low Risk
17136.0,663,1,231.68,1,1,1,111,Regular Customer,0,0,0.0,Low Risk
17137.0,417,6,1133.63,1,4,3,143,At Risk,1,1,1.0,High Risk
17138.0,276,7,4417.27,2,4,5,245,At Risk,1,1,1.0,High Risk
17139.0,16,29,19491.61,5,5,5,555,VIP Customer,0,0,0.0,Low Risk
17140.0,248,1,465.32,2,1,2,212,Regular Customer,0,0,0.0,Low Risk
17141.0,419,4,754.33,1,3,3,133,At Risk,1,1,1.0,High Risk
17142.0,240,4,1283.75,2,3,4,234,At Risk,1,1,1.0,High Risk
17143.0,418,2,924.11,1,2,3,123,Regular Customer,0,0,0.0,Low Risk
17144.0,2,2,984.57,5,2,3,523,Recent Customer,0,0,0.0,Low Risk
17145.0,466,7,3014.64,1,4,5,145,At Risk,1,1,1.0,High Risk
17146.0,106,16,5795.99,3,5,5,355,Loyal Customer,0,0,0.0,Low Risk
17147.0,23,16,3069.15,4,5,5,455,VIP Customer,0,0,0.0,Low Risk
17148.0,52,1,124.88,4,1,1,411,Recent Customer,0,0,0.0,Low Risk
17149.0,452,1,143.10000000000002,1,1,1,111,Regular Customer,0,0,0.0,Low Risk
17150.0,377,6,1375.65,2,4,4,244,At Risk,1,1,1.0,High Risk
17151.0,736,1,231.90000000000003,1,1,1,111,Regular Customer,0,0,0.0,Low Risk
17152.0,195,5,1830.5,2,4,4,244,At Risk,1,1,1.0,High Risk
17153.0,25,1,213.78,4,1,1,411,Recent Customer,0,0,0.0,Low Risk
17154.0,76,1,329.34,3,1,2,312,Regular Customer,0,0,0.0,Low Risk
17155.0,18,7,892.46,5,4,3,543,Loyal Customer,0,0,0.0,Low Risk
17156.0,485,2,572.07,1,2,2,122,Regular Customer,0,0,0.0,Low Risk
17157.0,8,20,5139.45,5,5,5,555,VIP Customer,0,0,0.0,Low Risk
17158.0,33,6,1962.3,4,4,4,444,VIP Customer,0,0,0.0,Low Risk
17159.0,22,6,2095.44,4,4,4,444,VIP Customer,0,0,0.0,Low Risk
17160.0,32,18,10201.36,4,5,5,455,VIP Customer,0,0,0.0,Low Risk
17161.0,445,1,856.01,1,1,3,113,Regular Customer,0,0,0.0,Low Risk
17162.0,29,11,1707.21,4,5,4,454,VIP Customer,0,0,0.0,Low Risk
17163.0,22,4,699.78,4,3,3,433,Regular Customer,0,0,0.0,Low Risk
17164.0,33,8,2466.4,4,4,4,444,VIP Customer,0,0,0.0,Low Risk
17165.0,285,8,1783.63,2,4,4,244,At Risk,1,1,1.0,High Risk
17166.0,39,3,189.49,4,3,1,431,Regular Customer,0,0,0.0,Low Risk
17167.0,380,3,867.11,2,3,3,233,At Risk,1,1,1.0,High Risk
17168.0,499,1,400.2,1,1,2,112,Regular Customer,0,0,0.0,Low Risk
17169.0,51,6,1129.88,4,4,3,443,Loyal Customer,0,0,0.0,Low Risk
17170.0,375,3,118.98,2,3,1,231,At Risk,1,1,1.0,High Risk
17171.0,290,2,384.59,2,2,2,222,Regular Customer,0,0,0.0,Low Risk
17172.0,75,6,910.99,3,4,3,343,Loyal Customer,0,0,0.0,Low Risk
17173.0,6,9,3755.65,5,4,5,545,VIP Customer,0,0,0.0,Low Risk
17174.0,218,1,59.9,2,1,1,211,Regular Customer,0,0,0.0,Low Risk
17175.0,45,5,1430.94,4,4,4,444,VIP Customer,0,0,0.0,Low Risk
17176.0,202,3,902.32,2,3,3,233,At Risk,1,1,1.0,High Risk
17177.0,506,1,119.5,1,1,1,111,Regular Customer,0,0,0.0,Low Risk
17178.0,732,1,436.71,1,1,2,112,Regular Customer,0,0,0.0,Low Risk
17179.0,179,6,1507.26,3,4,4,344,Loyal Customer,0,0,0.0,Low Risk
17180.0,57,14,2236.33,4,5,4,454,VIP Customer,0,0,0.0,Low Risk
17181.0,58,3,465.37,4,3,2,432,Regular Customer,0,0,0.0,Low Risk
17182.0,423,2,321.3,1,2,2,122,Regular Customer,0,0,0.0,Low Risk
17183.0,8,8,3286.9100000000003,5,4,5,545,VIP Customer,0,0,0.0,Low Risk
17184.0,570,2,198.41000000000005,1,2,1,121,Regular Customer,0,0,0.0,Low Risk
17185.0,592,3,229.46,1,3,1,131,At Risk,1,1,1.0,High Risk
17186.0,47,2,144.0,4,2,1,421,Recent Customer,0,0,0.0,Low Risk
17187.0,227,2,467.71,2,2,2,222,Regular Customer,0,0,0.0,Low Risk
17188.0,12,17,4361.83,5,5,5,555,VIP Customer,0,0,0.0,Low Risk
17189.0,107,5,957.63,3,4,3,343,Loyal Customer,0,0,0.0,Low Risk
17190.0,59,8,1548.04,4,4,4,444,VIP Customer,0,0,0.0,Low Risk
17191.0,29,16,4810.55,4,5,5,455,VIP Customer,0,0,0.0,Low Risk
17192.0,537,1,77.83,1,1,1,111,Regular Customer,0,0,0.0,Low Risk
17193.0,36,12,2254.6,4,5,4,454,VIP Customer,0,0,0.0,Low Risk
17194.0,274,3,812.5,2,3,3,233,At Risk,1,1,1.0,High Risk
17195.0,656,1,562.98,1,1,2,112,Regular Customer,0,0,0.0,Low Risk
17196.0,428,1,352.9,1,1,2,112,Regular Customer,0,0,0.0,Low Risk
17197.0,30,1,1013.01,4,1,3,413,Recent Customer,0,0,0.0,Low Risk
17198.0,24,3,1213.88,4,3,4,434,Regular Customer,0,0,0.0,Low Risk
17199.0,583,1,145.12,1,1,1,111,Regular Customer,0,0,0.005,Low Risk
17200.0,388,4,356.71,2,3,2,232,At Risk,1,1,1.0,High Risk
17201.0,54,5,1226.44,4,4,4,444,VIP Customer,0,0,0.0,Low Risk
17202.0,421,1,160.65,1,1,1,111,Regular Customer,0,0,0.0,Low Risk
17203.0,36,10,5575.88,4,5,5,455,VIP Customer,0,0,0.0,Low Risk
17204.0,170,15,5263.69,3,5,5,355,Loyal Customer,0,0,0.005,Low Risk
17205.0,54,3,999.35,4,3,3,433,Regular Customer,0,0,0.0,Low Risk
17206.0,54,1,204.24,4,1,1,411,Recent Customer,0,0,0.0,Low Risk
17207.0,653,1,303.22,1,1,2,112,Regular Customer,0,0,0.0,Low Risk
17208.0,396,1,115.35,2,1,1,211,Regular Customer,0,0,0.0,Low Risk
17209.0,650,3,611.6,1,3,3,133,At Risk,1,1,1.0,High Risk
17210.0,393,1,253.37,2,1,1,211,Regular Customer,0,0,0.0,Low Risk
17211.0,27,15,4002.1,4,5,5,455,VIP Customer,0,0,0.0,Low Risk
17212.0,254,3,794.41,2,3,3,233,At Risk,1,1,1.0,High Risk
17213.0,41,20,5078.93,4,5,5,455,VIP Customer,0,0,0.0,Low Risk
17214.0,61,7,984.12,3,4,3,343,Loyal Customer,0,0,0.0,Low Risk
17215.0,465,1,186.15,1,1,1,111,Regular Customer,0,0,0.0,Low Risk
17216.0,555,1,65.05,1,1,1,111,Regular Customer,0,0,0.0,Low Risk
17217.0,235,2,218.0,2,2,1,221,Regular Customer,0,0,0.0,Low Risk
17218.0,5,18,4192.68,5,5,5,555,VIP Customer,0,0,0.0,Low Risk
17219.0,32,2,259.13,4,2,1,421,Recent Customer,0,0,0.0,Low Risk
17220.0,25,21,4481.75,4,5,5,455,VIP Customer,0,0,0.0,Low Risk
17221.0,8,5,978.52,5,4,3,543,Loyal Customer,0,0,0.0,Low Risk
17222.0,66,6,1605.01,3,4,4,344,Loyal Customer,0,0,0.0,Low Risk
17223.0,311,3,873.53,2,3,3,233,At Risk,1,1,1.0,High Risk
17224.0,502,1,100.86,1,1,1,111,Regular Customer,0,0,0.0,Low Risk
17225.0,582,1,131.15,1,1,1,111,Regular Customer,0,0,0.005,Low Risk
17226.0,309,3,900.12,2,3,3,233,At Risk,1,1,1.0,High Risk
17227.0,19,12,2022.03,5,5,4,554,VIP Customer,0,0,0.0,Low Risk
17228.0,16,13,3177.24,5,5,5,555,VIP Customer,0,0,0.0,Low Risk
17229.0,97,2,318.76,3,2,2,322,Regular Customer,0,0,0.0,Low Risk
17230.0,265,23,9695.91,2,5,5,255,At Risk,1,1,1.0,High Risk
17231.0,13,35,7091.07,5,5,5,555,VIP Customer,0,0,0.0,Low Risk
17232.0,3,2,421.52,5,2,2,522,Recent Customer,0,0,0.0,Low Risk
17233.0,36,3,560.86,4,3,2,432,Regular Customer,0,0,0.0,Low Risk
17234.0,183,1,149.89,3,1,1,311,Regular Customer,0,0,0.0,Low Risk
17235.0,26,8,1904.88,4,4,4,444,VIP Customer,0,0,0.0,Low Risk
17236.0,13,12,1929.26,5,5,4,554,VIP Customer,0,0,0.0,Low Risk
17237.0,12,4,1002.08,5,3,3,533,Regular Customer,0,0,0.0,Low Risk
17238.0,3,32,7783.1,5,5,5,555,VIP Customer,0,0,0.0,Low Risk
17239.0,313,6,1174.15,2,4,3,243,At Risk,1,1,1.0,High Risk
17240.0,597,1,130.6,1,1,1,111,Regular Customer,0,0,0.0,Low Risk
17241.0,386,12,2744.14,2,5,4,254,At Risk,1,1,1.0,High Risk
17242.0,109,5,2889.28,3,4,5,345,Loyal Customer,0,0,0.0,Low Risk
17243.0,2,80,20709.21,5,5,5,555,VIP Customer,0,0,0.0,Low Risk
17244.0,54,5,1826.04,4,4,4,444,VIP Customer,0,0,0.0,Low Risk
17245.0,205,2,371.63,2,2,2,222,Regular Customer,0,0,0.0,Low Risk
17246.0,547,2,38.92,1,2,1,121,Regular Customer,0,0,0.0,Low Risk
17247.0,16,1,282.19,5,1,2,512,Recent Customer,0,0,0.0,Low Risk
17248.0,121,2,546.16,3,2,2,322,Regular Customer,0,0,0.0,Low Risk
17249.0,429,1,68.03,1,1,1,111,Regular Customer,0,0,0.0,Low Risk
17250.0,4,2,384.52,5,2,2,522,Recent Customer,0,0,0.0,Low Risk
17251.0,363,4,803.73,2,3,3,233,At Risk,1,1,1.0,High Risk
17252.0,117,2,353.86,3,2,2,322,Regular Customer,0,0,0.0,Low Risk
17253.0,19,1,178.26,5,1,1,511,Recent Customer,0,0,0.0,Low Risk
17254.0,5,3,470.73,5,3,2,532,Regular Customer,0,0,0.0,Low Risk
17255.0,41,4,799.13,4,3,3,433,Regular Customer,0,0,0.0,Low Risk
17256.0,108,5,498.93,3,4,2,342,Loyal Customer,0,0,0.0,Low Risk
17257.0,437,2,192.73,1,2,1,121,Regular Customer,0,0,0.0,Low Risk
17258.0,397,2,417.3,2,2,2,222,Regular Customer,0,0,0.0,Low Risk
17259.0,149,6,1889.34,3,4,4,344,Loyal Customer,0,0,0.0,Low Risk
17260.0,412,1,120.95,2,1,1,211,Regular Customer,0,0,0.0,Low Risk
17261.0,510,1,230.44,1,1,1,111,Regular Customer,0,0,0.0,Low Risk
17262.0,53,11,2757.62,4,5,4,454,VIP Customer,0,0,0.0,Low Risk
17263.0,209,1,63.440000000000005,2,1,1,211,Regular Customer,0,0,0.0,Low Risk
17264.0,425,1,279.59,1,1,2,112,Regular Customer,0,0,0.0,Low Risk
17265.0,139,2,562.9,3,2,2,322,Regular Customer,0,0,0.0,Low Risk
17266.0,3,5,517.73,5,4,2,542,Loyal Customer,0,0,0.0,Low Risk
17267.0,128,2,317.62,3,2,2,322,Regular Customer,0,0,0.0,Low Risk
17268.0,108,11,1733.89,3,5,4,354,Loyal Customer,0,0,0.0,Low Risk
17269.0,386,1,537.46,2,1,2,212,Regular Customer,0,0,0.0,Low Risk
17270.0,470,2,604.4,1,2,3,123,Regular Customer,0,0,0.0,Low Risk
17271.0,737,1,210.39,1,1,1,111,Regular Customer,0,0,0.0,Low Risk
17272.0,43,5,2144.53,4,4,4,444,VIP Customer,0,0,0.0,Low Risk
17273.0,425,1,141.12,1,1,1,111,Regular Customer,0,0,0.0,Low Risk
17274.0,36,2,577.38,4,2,2,422,Recent Customer,0,0,0.0,Low Risk
17275.0,384,1,114.52,2,1,1,211,Regular Customer,0,0,0.0,Low Risk
17276.0,400,2,451.34,2,2,2,222,Regular Customer,0,0,0.0,Low Risk
17277.0,228,2,1065.35,2,2,3,223,Regular Customer,0,0,0.0,Low Risk
17278.0,242,2,271.24,2,2,2,222,Regular Customer,0,0,0.0,Low Risk
17279.0,58,1,187.83,4,2,1,421,Recent Customer,0,0,0.0,Low Risk
17280.0,439,1,118.86,1,2,1,121,Regular Customer,0,0,0.005,Low Risk
17281.0,375,6,797.8499999999999,2,4,3,243,At Risk,1,1,1.0,High Risk
17282.0,131,5,2339.66,3,4,4,344,Loyal Customer,0,0,0.0,Low Risk
17283.0,379,1,188.46,2,2,1,221,Regular Customer,0,0,0.0,Low Risk
17284.0,61,11,2328.22,3,5,4,354,Loyal Customer,0,0,0.0,Low Risk
17285.0,629,2,428.34,1,2,2,122,Regular Customer,0,0,0.0,Low Risk
17286.0,22,3,395.48,4,3,2,432,Regular Customer,0,0,0.0,Low Risk
17287.0,27,23,4095.71,4,5,5,455,VIP Customer,0,0,0.0,Low Risk
17288.0,10,11,2499.98,5,5,4,554,VIP Customer,0,0,0.0,Low Risk
17289.0,32,11,2069.89,4,5,4,454,VIP Customer,0,0,0.0,Low Risk
17290.0,4,8,1501.44,5,4,4,544,VIP Customer,0,0,0.0,Low Risk
17291.0,309,1,550.8000000000001,2,2,2,222,Regular Customer,0,0,0.0,Low Risk
17292.0,473,2,271.75,1,2,2,122,Regular Customer,0,0,0.0,Low Risk
17293.0,9,17,3774.23,5,5,5,555,VIP Customer,0,0,0.0,Low Risk
17294.0,670,2,467.79,1,2,2,122,Regular Customer,0,0,0.0,Low Risk
17295.0,29,3,556.95,4,3,2,432,Regular Customer,0,0,0.0,Low Risk
17296.0,731,1,338.13,1,2,2,122,Regular Customer,0,0,0.0,Low Risk
17297.0,18,1,131.78,5,2,1,521,Recent Customer,0,0,0.0,Low Risk
17298.0,102,6,952.52,3,4,3,343,Loyal Customer,0,0,0.0,Low Risk
17299.0,12,6,1016.08,5,4,3,543,Loyal Customer,0,0,0.0,Low Risk
17300.0,391,2,393.64,2,2,2,222,Regular Customer,0,0,0.0,Low Risk
17301.0,22,2,330.43,4,2,2,422,Recent Customer,0,0,0.0,Low Risk
17302.0,15,6,1119.93,5,4,3,543,Loyal Customer,0,0,0.0,Low Risk
17303.0,362,1,250.04,2,2,1,221,Regular Customer,0,0,0.005,Low Risk
17304.0,535,1,111.5,1,2,1,121,Regular Customer,0,0,0.0,Low Risk
17305.0,649,1,2135.46,1,2,4,124,Regular Customer,0,0,0.0,Low Risk
17306.0,11,23,9751.77,5,5,5,555,VIP Customer,0,0,0.0,Low Risk
17307.0,366,15,3225.67,2,5,5,255,At Risk,1,1,1.0,High Risk
17308.0,394,2,4511.76,2,2,5,225,Regular Customer,0,0,0.0,Low Risk
17309.0,96,3,330.59000000000003,3,3,2,332,Regular Customer,0,0,0.0,Low Risk
17310.0,388,2,1025.1,2,2,3,223,Regular Customer,0,0,0.0,Low Risk
17311.0,79,7,3490.66,3,4,5,345,Loyal Customer,0,0,0.0,Low Risk
17312.0,139,3,644.3,3,3,3,333,Regular Customer,0,0,0.0,Low Risk
17313.0,18,2,2288.13,5,2,4,524,Recent Customer,0,0,0.0,Low Risk
17314.0,25,22,4514.7,4,5,5,455,VIP Customer,0,0,0.0,Low Risk
17315.0,1,49,9558.55,5,5,5,555,VIP Customer,0,0,0.0,Low Risk
17316.0,421,1,124.45,1,2,1,121,Regular Customer,0,0,0.0,Low Risk
17317.0,47,5,2524.02,4,4,4,444,VIP Customer,0,0,0.0,Low Risk
17318.0,726,1,164.28,1,2,1,121,Regular Customer,0,0,0.0,Low Risk
17319.0,670,1,29.1,1,2,1,121,Regular Customer,0,0,0.0,Low Risk
17320.0,101,6,2895.77,3,4,5,345,Loyal Customer,0,0,0.0,Low Risk
17321.0,9,6,1741.18,5,4,4,544,VIP Customer,0,0,0.0,Low Risk
17322.0,377,7,900.64,2,4,3,243,At Risk,1,1,1.0,High Risk
17323.0,16,14,1553.51,5,5,4,554,VIP Customer,0,0,0.0,Low Risk
17324.0,18,13,2148.87,5,5,4,554,VIP Customer,0,0,0.0,Low Risk
17325.0,281,3,609.5699999999999,2,3,3,233,At Risk,1,1,1.0,High Risk
17326.0,409,2,321.95,2,2,2,222,Regular Customer,0,0,0.0,Low Risk
17327.0,410,2,152.35,2,2,1,221,Regular Customer,0,0,0.0,Low Risk
17328.0,674,1,104.7,1,2,1,121,Regular Customer,0,0,0.0,Low Risk
17329.0,15,5,1004.43,5,4,3,543,Loyal Customer,0,0,0.0,Low Risk
17330.0,23,4,423.8,4,3,2,432,Regular Customer,0,0,0.0,Low Risk
17331.0,124,1,175.2,3,2,1,321,Regular Customer,0,0,0.0,Low Risk
17332.0,529,5,838.27,1,4,3,143,At Risk,1,1,1.0,High Risk
17333.0,86,1,494.25,3,2,2,322,Regular Customer,0,0,0.0,Low Risk
17334.0,302,4,634.73,2,3,3,233,At Risk,1,1,1.0,High Risk
17335.0,384,2,508.0,2,2,2,222,Regular Customer,0,0,0.0,Low Risk
17336.0,473,1,81.12,1,2,1,121,Regular Customer,0,0,0.0,Low Risk
17337.0,152,7,1944.32,3,4,4,344,Loyal Customer,0,0,0.0,Low Risk
17338.0,18,20,12036.57,5,5,5,555,VIP Customer,0,0,0.0,Low Risk
17339.0,95,4,303.36,3,3,2,332,Regular Customer,0,0,0.0,Low Risk
17340.0,10,30,21411.64,5,5,5,555,VIP Customer,0,0,0.0,Low Risk
17341.0,157,5,1889.83,3,4,4,344,Loyal Customer,0,0,0.0,Low Risk
17342.0,375,7,1155.84,2,4,3,243,At Risk,1,1,1.0,High Risk
17343.0,356,6,1259.94,2,4,4,244,At Risk,1,1,1.0,High Risk
17344.0,47,3,454.61,4,3,2,432,Regular Customer,0,0,0.0,Low Risk
17345.0,16,12,1484.38,5,5,4,554,VIP Customer,0,0,0.0,Low Risk
17346.0,4,27,5258.02,5,5,5,555,VIP Customer,0,0,0.0,Low Risk
17347.0,87,1,228.96,3,2,1,321,Regular Customer,0,0,0.0,Low Risk
17348.0,15,9,2476.41,5,4,4,544,VIP Customer,0,0,0.0,Low Risk
17349.0,180,5,852.25,3,4,3,343,Loyal Customer,0,0,0.0,Low Risk
17350.0,9,8,1876.161,5,4,4,544,VIP Customer,0,0,0.0,Low Risk
17351.0,37,12,1988.23,4,5,4,454,VIP Customer,0,0,0.0,Low Risk
17352.0,697,1,36.25,1,2,1,121,Regular Customer,0,0,0.0,Low Risk
17353.0,130,7,3155.55,3,4,5,345,Loyal Customer,0,0,0.0,Low Risk
17354.0,51,4,3143.46,4,3,5,435,Regular Customer,0,0,0.0,Low Risk
17355.0,387,1,285.11,2,2,2,222,Regular Customer,0,0,0.0,Low Risk
17356.0,312,5,946.47,2,4,3,243,At Risk,1,1,1.0,High Risk
17357.0,25,2,388.14,4,2,2,422,Recent Customer,0,0,0.0,Low Risk
17358.0,304,5,866.05,2,4,3,243,At Risk,1,1,1.0,High Risk
17359.0,12,2,284.46,5,2,2,522,Recent Customer,0,0,0.0,Low Risk
17360.0,18,7,1201.43,5,4,4,544,VIP Customer,0,0,0.0,Low Risk
17361.0,50,5,880.64,4,4,3,443,Loyal Customer,0,0,0.0,Low Risk
17362.0,240,8,1010.54,2,4,3,243,At Risk,1,1,1.0,High Risk
17363.0,396,3,940.86,2,3,3,233,At Risk,1,1,1.0,High Risk
17364.0,1,31,11684.55,5,5,5,555,VIP Customer,0,0,0.0,Low Risk
17365.0,13,16,8205.83,5,5,5,555,VIP Customer,0,0,0.0,Low Risk
17366.0,393,3,1094.59,2,3,3,233,At Risk,1,1,1.0,High Risk
17367.0,239,1,168.4,2,2,1,221,Regular Customer,0,0,0.0,Low Risk
17368.0,24,16,2213.24,4,5,4,454,VIP Customer,0,0,0.0,Low Risk
17369.0,456,1,979.2,1,2,3,123,Regular Customer,0,0,0.0,Low Risk
17370.0,73,4,446.18,3,3,2,332,Regular Customer,0,0,0.0,Low Risk
17371.0,18,6,662.55,5,4,3,543,Loyal Customer,0,0,0.0,Low Risk
17372.0,41,31,4325.43,4,5,5,455,VIP Customer,0,0,0.0,Low Risk
17373.0,41,7,1167.5,4,4,3,443,Loyal Customer,0,0,0.0,Low Risk
17374.0,219,4,711.21,2,3,3,233,At Risk,1,1,1.0,High Risk
17375.0,191,5,632.95,3,4,3,343,Loyal Customer,0,0,0.01,Low Risk
17376.0,71,4,453.64,3,3,2,332,Regular Customer,0,0,0.0,Low Risk
17377.0,24,91,17851.41,4,5,5,455,VIP Customer,0,0,0.0,Low Risk
17378.0,375,2,0.0,2,2,1,221,Regular Customer,0,0,0.0,Low Risk
17379.0,12,1,404.66,5,2,2,522,Recent Customer,0,0,0.0,Low Risk
17380.0,435,4,643.75,1,3,3,133,At Risk,1,1,1.0,High Risk
17381.0,9,39,39999.19,5,5,5,555,VIP Customer,0,0,0.0,Low Risk
17382.0,66,8,902.28,3,4,3,343,Loyal Customer,0,0,0.0,Low Risk
17383.0,5,2,309.99,5,2,2,522,Recent Customer,0,0,0.0,Low Risk
17384.0,20,3,507.55,4,3,2,432,Regular Customer,0,0,0.0,Low Risk
17385.0,15,1,261.11,5,2,2,522,Recent Customer,0,0,0.0,Low Risk
17386.0,8,7,2812.77,5,4,4,544,VIP Customer,0,0,0.0,Low Risk
17387.0,20,2,784.11,4,2,3,423,Recent Customer,0,0,0.0,Low Risk
17388.0,78,11,2691.57,3,5,4,354,Loyal Customer,0,0,0.0,Low Risk
17389.0,1,77,54587.03,5,5,5,555,VIP Customer,0,0,0.0,Low Risk
17390.0,421,1,149.3,1,2,1,121,Regular Customer,0,0,0.0,Low Risk
17391.0,164,2,508.8,3,2,2,322,Regular Customer,0,0,0.0,Low Risk
17392.0,307,3,626.56,2,3,3,233,At Risk,1,1,1.0,High Risk
17393.0,411,2,381.15,2,2,2,222,Regular Customer,0,0,0.0,Low Risk
17394.0,220,1,203.87,2,2,1,221,Regular Customer,0,0,0.0,Low Risk
17395.0,509,1,97.5,1,2,1,121,Regular Customer,0,0,0.0,Low Risk
17396.0,40,16,8529.6,4,5,5,455,VIP Customer,0,0,0.0,Low Risk
17397.0,23,3,1233.18,4,3,4,434,Regular Customer,0,0,0.0,Low Risk
17398.0,115,3,653.38,3,3,3,333,Regular Customer,0,0,0.0,Low Risk
17399.0,541,1,-25111.09,1,2,1,121,Regular Customer,0,0,0.0,Low Risk
17400.0,127,8,4677.05,3,4,5,345,Loyal Customer,0,0,0.0,Low Risk
17401.0,542,1,114.85,1,2,1,121,Regular Customer,0,0,0.0,Low Risk
17402.0,5,26,5047.08,5,5,5,555,VIP Customer,0,0,0.0,Low Risk
17403.0,37,2,400.57,4,2,2,422,Recent Customer,0,0,0.0,Low Risk
17404.0,5,28,46006.82,5,5,5,555,VIP Customer,0,0,0.0,Low Risk
17405.0,2,5,967.22,5,4,3,543,Loyal Customer,0,0,0.0,Low Risk
17406.0,331,18,4592.1,2,5,5,255,At Risk,1,1,1.0,High Risk
17407.0,412,1,552.9,2,2,2,222,Regular Customer,0,0,0.0,Low Risk
17408.0,164,4,164.89,3,3,1,331,Regular Customer,0,0,0.005,Low Risk
17409.0,185,10,7793.51,3,5,5,355,Loyal Customer,0,0,0.005,Low Risk
17410.0,17,5,1214.72,5,4,4,544,VIP Customer,0,0,0.0,Low Risk
17411.0,13,9,1286.53,5,4,4,544,VIP Customer,0,0,0.0,Low Risk
17412.0,3,19,4384.98,5,5,5,555,VIP Customer,0,0,0.0,Low Risk
17413.0,405,2,560.14,2,2,2,222,Regular Customer,0,0,0.0,Low Risk
17414.0,44,6,2249.52,4,4,4,444,VIP Customer,0,0,0.0,Low Risk
17415.0,80,1,507.84,3,2,2,322,Regular Customer,0,0,0.0,Low Risk
17416.0,30,25,17221.47,4,5,5,455,VIP Customer,0,0,0.0,Low Risk
17417.0,549,1,164.18,1,2,1,121,Regular Customer,0,0,0.0,Low Risk
17418.0,43,3,670.0600000000001,4,3,3,433,Regular Customer,0,0,0.0,Low Risk
17419.0,12,20,6474.92,5,5,5,555,VIP Customer,0,0,0.0,Low Risk
17420.0,51,8,1074.53,4,4,3,443,Loyal Customer,0,0,0.0,Low Risk
17421.0,387,3,1059.41,2,3,3,233,At Risk,1,1,1.0,High Risk
17422.0,17,20,3341.65,5,5,5,555,VIP Customer,0,0,0.0,Low Risk
17423.0,46,5,1084.17,4,4,3,443,Loyal Customer,0,0,0.0,Low Risk
17424.0,429,1,-176.96,1,2,1,121,Regular Customer,0,0,0.005,Low Risk
17425.0,20,2,759.17,4,2,3,423,Recent Customer,0,0,0.0,Low Risk
17426.0,5,17,7606.37,5,5,5,555,VIP Customer,0,0,0.0,Low Risk
17427.0,72,1,100.8,3,2,1,321,Regular Customer,0,0,0.0,Low Risk
17428.0,1,51,31238.06,5,5,5,555,VIP Customer,0,0,0.0,Low Risk
17429.0,121,7,1342.16,3,4,4,344,Loyal Customer,0,0,0.0,Low Risk
17430.0,33,4,735.17,4,3,3,433,Regular Customer,0,0,0.0,Low Risk
17431.0,314,1,403.3,2,2,2,222,Regular Customer,0,0,0.0,Low Risk
17432.0,19,9,1751.39,5,4,4,544,VIP Customer,0,0,0.0,Low Risk
17433.0,89,2,569.96,3,2,2,322,Regular Customer,0,0,0.0,Low Risk
17434.0,3,9,2333.42,5,4,4,544,VIP Customer,0,0,0.0,Low Risk
17435.0,412,1,331.35,2,2,2,222,Regular Customer,0,0,0.0,Low Risk
17436.0,2,7,521.31,5,4,2,542,Loyal Customer,0,0,0.0,Low Risk
17437.0,530,1,373.17,1,2,2,122,Regular Customer,0,0,0.0,Low Risk
17438.0,248,6,1412.62,2,4,4,244,At Risk,1,1,1.0,High Risk
17439.0,656,1,325.74,1,2,2,122,Regular Customer,0,0,0.0,Low Risk
17440.0,148,6,314.26,3,4,2,342,Loyal Customer,0,0,0.0,Low Risk
17441.0,733,1,293.35,1,2,2,122,Regular Customer,0,0,0.0,Low Risk
17442.0,30,23,4500.7,4,5,5,455,VIP Customer,0,0,0.0,Low Risk
17443.0,220,1,534.24,2,2,2,222,Regular Customer,0,0,0.0,Low Risk
17444.0,148,3,2940.04,3,3,5,335,Regular Customer,0,0,0.0,Low Risk
17445.0,631,1,-506.51,1,2,1,121,Regular Customer,0,0,0.0,Low Risk
17446.0,177,2,120.9,3,2,1,321,Regular Customer,0,0,0.0,Low Risk
17447.0,41,2,541.53,4,2,2,422,Recent Customer,0,0,0.0,Low Risk
17448.0,145,54,10192.73,3,5,5,355,Loyal Customer,0,0,0.0,Low Risk
17449.0,3,14,4935.15,5,5,5,555,VIP Customer,0,0,0.0,Low Risk
17450.0,9,61,233579.39,5,5,5,555,VIP Customer,0,0,0.0,Low Risk
17451.0,2,10,1648.95,5,5,4,554,VIP Customer,0,0,0.0,Low Risk
17452.0,604,1,-227.28,1,2,1,121,Regular Customer,0,0,0.0,Low Risk
17453.0,18,2,486.72,5,2,2,522,Recent Customer,0,0,0.0,Low Risk
17454.0,193,11,1532.64,2,5,4,254,At Risk,1,1,0.975,High Risk
17455.0,204,1,131.7,2,2,1,221,Regular Customer,0,0,0.0,Low Risk
17456.0,366,2,1225.42,2,2,4,224,Regular Customer,0,0,0.0,Low Risk
17457.0,127,18,5799.01,3,5,5,355,Loyal Customer,0,0,0.0,Low Risk
17458.0,16,2,529.58,5,2,2,522,Recent Customer,0,0,0.0,Low Risk
17459.0,44,2,657.3,4,2,3,423,Recent Customer,0,0,0.0,Low Risk
17460.0,79,21,2007.4,3,5,4,354,Loyal Customer,0,0,0.0,Low Risk
17461.0,23,3,757.46,4,3,3,433,Regular Customer,0,0,0.0,Low Risk
17462.0,52,3,662.94,4,3,3,433,Regular Customer,0,0,0.0,Low Risk
17463.0,17,9,2537.91,5,4,4,544,VIP Customer,0,0,0.0,Low Risk
17464.0,159,4,879.74,3,3,3,333,Regular Customer,0,0,0.0,Low Risk
17465.0,426,9,2533.64,1,4,4,144,At Risk,1,1,1.0,High Risk
17466.0,11,2,763.28,5,2,3,523,Recent Customer,0,0,0.0,Low Risk
17467.0,396,1,102.6,2,2,1,221,Regular Customer,0,0,0.0,Low Risk
17468.0,11,3,194.8,5,3,1,531,Regular Customer,0,0,0.0,Low Risk
17469.0,17,22,4958.34,5,5,5,555,VIP Customer,0,0,0.0,Low Risk
17470.0,45,11,2804.87,4,5,4,454,VIP Customer,0,0,0.0,Low Risk
17471.0,475,1,321.65000000000003,1,2,2,122,Regular Customer,0,0,0.0,Low Risk
17472.0,192,4,935.1,2,3,3,233,At Risk,1,1,1.0,High Risk
17473.0,402,3,592.15,2,3,3,233,At Risk,1,1,1.0,High Risk
17474.0,600,1,1047.0,1,2,3,123,Regular Customer,0,0,0.0,Low Risk
17475.0,80,1,194.37,3,2,1,321,Regular Customer,0,0,0.0,Low Risk
17476.0,394,4,446.51,2,3,2,232,At Risk,1,1,1.0,High Risk
17477.0,613,5,1079.0,1,4,3,143,At Risk,1,1,1.0,High Risk
17478.0,409,2,1272.8,2,2,4,224,Regular Customer,0,0,0.0,Low Risk
17479.0,633,1,389.2600000000001,1,2,2,122,Regular Customer,0,0,0.0,Low Risk
17480.0,74,3,896.72,3,3,3,333,Regular Customer,0,0,0.0,Low Risk
17481.0,4,5,1249.34,5,4,4,544,VIP Customer,0,0,0.0,Low Risk
17482.0,488,2,778.19,1,2,3,123,Regular Customer,0,0,0.0,Low Risk
17483.0,66,4,591.73,3,3,3,333,Regular Customer,0,0,0.0,Low Risk
17484.0,577,2,209.57,1,2,1,121,Regular Customer,0,0,0.0,Low Risk
17485.0,739,1,-29.55,1,2,1,121,Regular Customer,0,0,0.0,Low Risk
17486.0,262,1,396.87,2,2,2,222,Regular Customer,0,0,0.0,Low Risk
17487.0,729,1,160.55,1,2,1,121,Regular Customer,0,0,0.0,Low Risk
17488.0,642,1,336.5,1,2,2,122,Regular Customer,0,0,0.0,Low Risk
17489.0,59,2,376.64,4,2,2,422,Recent Customer,0,0,0.0,Low Risk
17490.0,1,13,2585.06,5,5,4,554,VIP Customer,0,0,0.0,Low Risk
17491.0,2,18,5964.12,5,5,5,555,VIP Customer,0,0,0.0,Low Risk
17492.0,249,3,1122.42,2,3,3,233,At Risk,1,1,0.99,High Risk
17493.0,386,1,100.91,2,2,1,221,Regular Customer,0,0,0.0,Low Risk
17494.0,502,1,54.7,1,2,1,121,Regular Customer,0,0,0.0,Low Risk
17495.0,8,4,759.07,5,3,3,533,Regular Customer,0,0,0.0,Low Risk
17496.0,359,5,1385.89,2,4,4,244,At Risk,1,1,1.0,High Risk
17497.0,391,2,287.25,2,2,2,222,Regular Customer,0,0,0.0,Low Risk
17498.0,76,1,272.22,3,2,2,322,Regular Customer,0,0,0.0,Low Risk
17499.0,290,3,1296.84,2,3,4,234,At Risk,1,1,1.0,High Risk
17500.0,18,3,1138.0,5,3,3,533,Regular Customer,0,0,0.0,Low Risk
17501.0,221,2,288.6,2,2,2,222,Regular Customer,0,0,0.0,Low Risk
17502.0,10,4,689.1,5,3,3,533,Regular Customer,0,0,0.0,Low Risk
17503.0,3,2,558.96,5,2,2,522,Recent Customer,0,0,0.0,Low Risk
17504.0,207,19,9313.37,2,5,5,255,At Risk,1,1,1.0,High Risk
17505.0,162,5,2435.48,3,4,4,344,Loyal Customer,0,0,0.0,Low Risk
17506.0,71,2,294.29,3,2,2,322,Regular Customer,0,0,0.0,Low Risk
17507.0,262,2,605.58,2,2,3,223,Regular Customer,0,0,0.0,Low Risk
17508.0,281,9,4546.78,2,4,5,245,At Risk,1,1,1.0,High Risk
17509.0,58,11,6100.74,4,5,5,455,VIP Customer,0,0,0.0,Low Risk
17510.0,25,2,514.56,4,2,2,422,Recent Customer,0,0,0.0,Low Risk
17511.0,3,85,171885.98,5,5,5,555,VIP Customer,0,0,0.0,Low Risk
17512.0,29,20,5432.27,4,5,5,455,VIP Customer,0,0,0.0,Low Risk
17513.0,73,3,1158.8,3,3,3,333,Regular Customer,0,0,0.0,Low Risk
17514.0,129,2,542.83,3,2,2,322,Regular Customer,0,0,0.0,Low Risk
17515.0,32,9,1617.46,4,4,4,444,VIP Customer,0,0,0.0,Low Risk
17516.0,16,6,957.55,5,4,3,543,Loyal Customer,0,0,0.0,Low Risk
17517.0,309,1,153.94,2,2,1,221,Regular Customer,0,0,0.0,Low Risk
17518.0,426,2,329.42,1,2,2,122,Regular Customer,0,0,0.0,Low Risk
17519.0,18,17,5102.8,5,5,5,555,VIP Customer,0,0,0.0,Low Risk
17520.0,54,1,546.81,4,2,2,422,Recent Customer,0,0,0.0,Low Risk
17521.0,25,6,1276.81,4,4,4,444,VIP Customer,0,0,0.0,Low Risk
17522.0,2,5,1070.71,5,4,3,543,Loyal Customer,0,0,0.0,Low Risk
17523.0,12,4,652.74,5,3,3,533,Regular Customer,0,0,0.0,Low Risk
17524.0,362,4,508.9,2,3,2,232,At Risk,1,1,1.0,High Risk
17525.0,360,3,1161.9,2,3,3,233,At Risk,1,1,1.0,High Risk
17526.0,2,16,3676.84,5,5,5,555,VIP Customer,0,0,0.0,Low Risk
17527.0,54,6,888.86,4,4,3,443,Loyal Customer,0,0,0.0,Low Risk
17528.0,2,11,3540.1,5,5,5,555,VIP Customer,0,0,0.0,Low Risk
17529.0,611,2,1240.25,1,2,4,124,Regular Customer,0,0,0.005,Low Risk
17530.0,2,13,3140.56,5,5,5,555,VIP Customer,0,0,0.0,Low Risk
17531.0,121,9,1191.22,3,4,4,344,Loyal Customer,0,0,0.0,Low Risk
17532.0,386,1,65.34,2,2,1,221,Regular Customer,0,0,0.0,Low Risk
17533.0,435,1,34.8,1,2,1,121,Regular Customer,0,0,0.0,Low Risk
17534.0,54,5,1668.83,4,4,4,444,VIP Customer,0,0,0.0,Low Risk
17535.0,281,1,164.4,2,2,1,221,Regular Customer,0,0,0.0,Low Risk
17536.0,178,3,364.83,3,3,2,332,Regular Customer,0,0,0.0,Low Risk
17537.0,30,2,897.62,4,2,3,423,Recent Customer,0,0,0.0,Low Risk
17538.0,26,1,98.42,4,2,1,421,Recent Customer,0,0,0.0,Low Risk
17539.0,618,7,1047.07,1,4,3,143,At Risk,1,1,1.0,High Risk
17540.0,9,7,1582.1,5,4,4,544,VIP Customer,0,0,0.0,Low Risk
17541.0,510,1,124.46,1,2,1,121,Regular Customer,0,0,0.0,Low Risk
17542.0,270,3,341.7,2,3,2,232,At Risk,1,1,1.0,High Risk
17543.0,550,1,120.05,1,2,1,121,Regular Customer,0,0,0.0,Low Risk
17544.0,391,3,960.69,2,3,3,233,At Risk,1,1,1.0,High Risk
17545.0,44,6,1448.54,4,4,4,444,VIP Customer,0,0,0.0,Low Risk
17546.0,547,1,-648.05,1,2,1,121,Regular Customer,0,0,0.0,Low Risk
17547.0,373,4,680.5500000000001,2,3,3,233,At Risk,1,1,1.0,High Risk
17548.0,218,6,345.0,2,4,2,242,At Risk,1,1,1.0,High Risk
17549.0,24,2,148.86,4,2,1,421,Recent Customer,0,0,0.0,Low Risk
17550.0,198,10,2206.54,2,5,4,254,At Risk,1,1,1.0,High Risk
17551.0,360,1,306.84,2,2,2,222,Regular Customer,0,0,0.0,Low Risk
17552.0,43,16,3039.2,4,5,5,455,VIP Customer,0,0,0.0,Low Risk
17553.0,130,4,3757.6,3,3,5,335,Regular Customer,0,0,0.0,Low Risk
17554.0,2,5,1952.45,5,4,4,544,VIP Customer,0,0,0.0,Low Risk
17555.0,20,5,1057.74,4,4,3,443,Loyal Customer,0,0,0.0,Low Risk
17556.0,206,2,300.67,2,2,2,222,Regular Customer,0,0,0.0,Low Risk
17557.0,15,4,575.46,5,3,2,532,Regular Customer,0,0,0.0,Low Risk
17558.0,394,1,259.17,2,2,2,222,Regular Customer,0,0,0.0,Low Risk
17559.0,513,1,167.62,1,2,1,121,Regular Customer,0,0,0.0,Low Risk
17560.0,95,9,1895.8,3,4,4,344,Loyal Customer,0,0,0.0,Low Risk
17561.0,20,4,722.34,4,3,3,433,Regular Customer,0,0,0.0,Low Risk
17562.0,15,8,1107.38,5,4,3,543,Loyal Customer,0,0,0.0,Low Risk
17563.0,579,5,309.28000000000003,1,4,2,142,At Risk,1,1,1.0,High Risk
17564.0,25,3,454.01,4,3,2,432,Regular Customer,0,0,0.0,Low Risk
17565.0,587,1,131.83,1,2,1,121,Regular Customer,0,0,0.0,Low Risk
17566.0,9,2,901.21,5,2,3,523,Recent Customer,0,0,0.0,Low Risk
17567.0,8,11,5037.11,5,5,5,555,VIP Customer,0,0,0.0,Low Risk
17568.0,634,1,382.79,1,2,2,122,Regular Customer,0,0,0.0,Low Risk
17569.0,333,1,344.14,2,2,2,222,Regular Customer,0,0,0.0,Low Risk
17570.0,382,2,0.0,2,2,1,221,Regular Customer,0,0,0.0,Low Risk
17571.0,51,5,1703.75,4,4,4,444,VIP Customer,0,0,0.0,Low Risk
17572.0,72,10,723.01,3,5,3,353,Loyal Customer,0,0,0.0,Low Risk
17573.0,30,4,362.9,4,3,2,432,Regular Customer,0,0,0.0,Low Risk
17574.0,243,1,185.65,2,2,1,221,Regular Customer,0,0,0.0,Low Risk
17575.0,668,1,171.7,1,2,1,121,Regular Customer,0,0,0.0,Low Risk
17576.0,9,45,8885.66,5,5,5,555,VIP Customer,0,0,0.0,Low Risk
17577.0,646,2,348.75,1,2,2,122,Regular Customer,0,0,0.0,Low Risk
17578.0,191,10,1003.73,3,5,3,353,Loyal Customer,0,0,0.015,Low Risk
17579.0,5,5,744.58,5,4,3,543,Loyal Customer,0,0,0.0,Low Risk
17580.0,253,5,545.27,2,4,2,242,At Risk,1,1,1.0,High Risk
17581.0,1,53,18247.47,5,5,5,555,VIP Customer,0,0,0.0,Low Risk
17582.0,237,6,1433.7,2,4,4,244,At Risk,1,1,1.0,High Risk
17583.0,561,1,135.95,1,2,1,121,Regular Customer,0,0,0.0,Low Risk
17584.0,8,7,5294.42,5,4,5,545,VIP Customer,0,0,0.0,Low Risk
17585.0,110,7,2093.3,3,4,4,344,Loyal Customer,0,0,0.0,Low Risk
17586.0,620,1,167.4,1,2,1,121,Regular Customer,0,0,0.0,Low Risk
17587.0,629,1,181.66,1,2,1,121,Regular Customer,0,0,0.0,Low Risk
17588.0,101,9,2901.65,3,4,5,345,Loyal Customer,0,0,0.0,Low Risk
17589.0,61,21,13904.82,3,5,5,355,Loyal Customer,0,0,0.0,Low Risk
17590.0,3,3,1479.22,5,3,4,534,Regular Customer,0,0,0.0,Low Risk
17591.0,74,9,2765.7200000000003,3,4,4,344,Loyal Customer,0,0,0.0,Low Risk
17592.0,739,2,0.0,1,2,1,121,Regular Customer,0,0,0.0,Low Risk
17593.0,4,15,8044.0,5,5,5,555,VIP Customer,0,0,0.0,Low Risk
17594.0,86,4,2497.88,3,3,4,334,Regular Customer,0,0,0.0,Low Risk
17595.0,13,2,388.79,5,2,2,522,Recent Customer,0,0,0.0,Low Risk
17596.0,24,14,4907.32,4,5,5,455,VIP Customer,0,0,0.0,Low Risk
17597.0,214,7,3425.29,2,4,5,245,At Risk,1,1,1.0,High Risk
17598.0,382,1,409.98,2,2,2,222,Regular Customer,0,0,0.0,Low Risk
17599.0,465,3,44.55,1,3,1,131,At Risk,1,1,1.0,High Risk
17600.0,18,1,161.67000000000002,5,2,1,521,Recent Customer,0,0,0.0,Low Risk
17601.0,240,2,421.48,2,2,2,222,Regular Customer,0,0,0.0,Low Risk
17602.0,3,18,7337.43,5,5,5,555,VIP Customer,0,0,0.0,Low Risk
17603.0,51,11,120.01000000000002,4,5,1,451,Loyal Customer,0,0,0.01,Low Risk
17604.0,218,6,945.93,2,4,3,243,At Risk,1,1,1.0,High Risk
17605.0,591,1,160.75,1,2,1,121,Regular Customer,0,0,0.0,Low Risk
17606.0,738,1,87.30000000000001,1,2,1,121,Regular Customer,0,0,0.0,Low Risk
17607.0,377,1,333.81,2,2,2,222,Regular Customer,0,0,0.0,Low Risk
17608.0,34,4,498.53,4,3,2,432,Regular Customer,0,0,0.0,Low Risk
17609.0,41,14,1758.99,4,5,4,454,VIP Customer,0,0,0.0,Low Risk
17610.0,541,8,1427.84,1,4,4,144,At Risk,1,1,1.0,High Risk
17611.0,4,35,8205.38,5,5,5,555,VIP Customer,0,0,0.0,Low Risk
17612.0,54,32,5156.14,4,5,5,455,VIP Customer,0,0,0.0,Low Risk
17613.0,23,17,4509.37,4,5,5,455,VIP Customer,0,0,0.0,Low Risk
17614.0,58,1,390.07,4,2,2,422,Recent Customer,0,0,0.0,Low Risk
17615.0,131,7,725.7,3,4,3,343,Loyal Customer,0,0,0.0,Low Risk
17616.0,174,4,1060.8,3,3,3,333,Regular Customer,0,0,0.0,Low Risk
17617.0,559,2,237.28,1,2,1,121,Regular Customer,0,0,0.0,Low Risk
17618.0,6,13,4047.94,5,5,5,555,VIP Customer,0,0,0.0,Low Risk
17619.0,313,1,218.52,2,2,1,221,Regular Customer,0,0,0.0,Low Risk
17620.0,60,1,81.44,3,2,1,321,Regular Customer,0,0,0.0,Low Risk
17621.0,22,8,3029.32,4,4,5,445,VIP Customer,0,0,0.0,Low Risk
17622.0,597,3,1125.17,1,3,3,133,At Risk,1,1,0.985,High Risk
17623.0,33,7,2383.67,4,4,4,444,VIP Customer,0,0,0.0,Low Risk
17624.0,15,4,1568.63,5,3,4,534,Regular Customer,0,0,0.0,Low Risk
17625.0,19,8,6067.8,5,4,5,545,VIP Customer,0,0,0.0,Low Risk
17626.0,603,1,254.0,1,2,1,121,Regular Customer,0,0,0.0,Low Risk
17627.0,479,2,285.11,1,2,2,122,Regular Customer,0,0,0.0,Low Risk
17628.0,82,1,75.75,3,2,1,321,Regular Customer,0,0,0.0,Low Risk
17629.0,6,11,2425.52,5,5,4,554,VIP Customer,0,0,0.0,Low Risk
17630.0,170,2,503.6,3,2,2,322,Regular Customer,0,0,0.0,Low Risk
17631.0,2,7,998.49,5,4,3,543,Loyal Customer,0,0,0.0,Low Risk
17632.0,718,2,-12.7,1,2,1,121,Regular Customer,0,0,0.0,Low Risk
17633.0,32,9,1974.89,4,4,4,444,VIP Customer,0,0,0.0,Low Risk
17634.0,37,9,2361.9700000000003,4,4,4,444,VIP Customer,0,0,0.0,Low Risk
17635.0,425,4,1256.83,1,3,4,134,At Risk,1,1,1.0,High Risk
17636.0,9,2,265.93,5,2,2,522,Recent Customer,0,0,0.0,Low Risk
17637.0,32,2,547.0600000000001,4,2,2,422,Recent Customer,0,0,0.0,Low Risk
17638.0,648,2,842.4,1,2,3,123,Regular Customer,0,0,0.0,Low Risk
17639.0,277,6,615.17,2,4,3,243,At Risk,1,1,1.0,High Risk
17640.0,87,8,3107.59,3,4,5,345,Loyal Customer,0,0,0.0,Low Risk
17641.0,739,1,-6.95,1,2,1,121,Regular Customer,0,0,0.0,Low Risk
17642.0,120,5,1824.49,3,4,4,344,Loyal Customer,0,0,0.0,Low Risk
17643.0,374,2,541.25,2,2,2,222,Regular Customer,0,0,0.0,Low Risk
17644.0,2,28,5864.54,5,5,5,555,VIP Customer,0,0,0.0,Low Risk
17645.0,729,1,-9.9,1,2,1,121,Regular Customer,0,0,0.0,Low Risk
17646.0,220,16,4094.16,2,5,5,255,At Risk,1,1,1.0,High Risk
17647.0,66,3,331.66,3,3,2,332,Regular Customer,0,0,0.0,Low Risk
17648.0,61,6,2208.42,3,4,4,344,Loyal Customer,0,0,0.0,Low Risk
17649.0,135,5,1542.44,3,4,4,344,Loyal Customer,0,0,0.0,Low Risk
17650.0,22,1,166.08,4,2,1,421,Recent Customer,0,0,0.0,Low Risk
17651.0,12,22,5632.59,5,5,5,555,VIP Customer,0,0,0.0,Low Risk
17652.0,26,18,4737.13,4,5,5,455,VIP Customer,0,0,0.0,Low Risk
17653.0,30,5,1175.88,4,4,3,443,Loyal Customer,0,0,0.0,Low Risk
17654.0,278,1,117.55,2,2,1,221,Regular Customer,0,0,0.005,Low Risk
17655.0,11,10,3585.28,5,5,5,555,VIP Customer,0,0,0.0,Low Risk
17656.0,74,5,1674.69,3,4,4,344,Loyal Customer,0,0,0.0,Low Risk
17657.0,431,1,126.0,1,2,1,121,Regular Customer,0,0,0.0,Low Risk
17658.0,11,3,485.88,5,3,2,532,Regular Customer,0,0,0.0,Low Risk
17659.0,4,17,3784.13,5,5,5,555,VIP Customer,0,0,0.0,Low Risk
17660.0,142,2,359.47,3,2,2,322,Regular Customer,0,0,0.0,Low Risk
17661.0,642,1,-54.0,1,2,1,121,Regular Customer,0,0,0.0,Low Risk
17662.0,662,2,412.92,1,2,2,122,Regular Customer,0,0,0.0,Low Risk
17663.0,26,23,5081.04,4,5,5,455,VIP Customer,0,0,0.0,Low Risk
17664.0,19,4,1166.23,5,3,3,533,Regular Customer,0,0,0.0,Low Risk
17665.0,494,1,563.1,1,2,2,122,Regular Customer,0,0,0.0,Low Risk
17666.0,4,5,2047.8,5,4,4,544,VIP Customer,0,0,0.0,Low Risk
17667.0,67,12,3883.8,3,5,5,355,Loyal Customer,0,0,0.0,Low Risk
17668.0,2,2,347.75,5,2,2,522,Recent Customer,0,0,0.0,Low Risk
17669.0,43,10,6142.35,4,5,5,455,VIP Customer,0,0,0.0,Low Risk
17670.0,228,1,205.7,2,2,1,221,Regular Customer,0,0,0.0,Low Risk
17671.0,16,7,2114.71,5,4,4,544,VIP Customer,0,0,0.0,Low Risk
17672.0,44,9,5707.08,4,4,5,445,VIP Customer,0,0,0.0,Low Risk
17673.0,2,15,4216.33,5,5,5,555,VIP Customer,0,0,0.0,Low Risk
17674.0,75,2,851.7,3,2,3,323,Regular Customer,0,0,0.0,Low Risk
17675.0,2,90,37605.84,5,5,5,555,VIP Customer,0,0,0.0,Low Risk
17676.0,5,13,2722.52,5,5,4,554,VIP Customer,0,0,0.0,Low Risk
17677.0,2,91,35866.63,5,5,5,555,VIP Customer,0,0,0.0,Low Risk
17678.0,264,3,579.81,2,3,2,232,At Risk,1,1,1.0,High Risk
17679.0,53,11,3166.56,4,5,5,455,VIP Customer,0,0,0.0,Low Risk
17680.0,24,4,462.5,4,3,2,432,Regular Customer,0,0,0.0,Low Risk
17681.0,598,6,529.6,1,4,2,142,At Risk,1,1,1.0,High Risk
17682.0,11,12,4441.78,5,5,5,555,VIP Customer,0,0,0.0,Low Risk
17683.0,386,3,819.01,2,3,3,233,At Risk,1,1,1.0,High Risk
17684.0,44,1,239.41,4,2,1,421,Recent Customer,0,0,0.0,Low Risk
17685.0,17,14,5928.17,5,5,5,555,VIP Customer,0,0,0.0,Low Risk
17686.0,8,9,8296.81,5,4,5,545,VIP Customer,0,0,0.0,Low Risk
17687.0,421,1,432.68,1,2,2,122,Regular Customer,0,0,0.0,Low Risk
17688.0,375,2,286.5,2,2,2,222,Regular Customer,0,0,0.0,Low Risk
17689.0,389,2,317.08,2,2,2,222,Regular Customer,0,0,0.0,Low Risk
17690.0,31,21,7438.6,4,5,5,455,VIP Customer,0,0,0.0,Low Risk
17691.0,359,5,769.85,2,4,3,243,At Risk,1,1,1.0,High Risk
17692.0,128,14,2962.4,3,5,5,355,Loyal Customer,0,0,0.0,Low Risk
17693.0,137,3,187.02,3,3,1,331,Regular Customer,0,0,0.0,Low Risk
17694.0,142,3,1695.97,3,3,4,334,Regular Customer,0,0,0.0,Low Risk
17695.0,132,6,1720.54,3,4,4,344,Loyal Customer,0,0,0.0,Low Risk
17696.0,39,48,7380.89,4,5,5,455,VIP Customer,0,0,0.0,Low Risk
17697.0,237,1,338.95,2,2,2,222,Regular Customer,0,0,0.0,Low Risk
17698.0,261,1,154.95,2,2,1,221,Regular Customer,0,0,0.0,Low Risk
17699.0,477,2,442.0,1,2,2,122,Regular Customer,0,0,0.0,Low Risk
17700.0,17,17,6630.87,5,5,5,555,VIP Customer,0,0,0.0,Low Risk
17701.0,253,1,417.95,2,2,2,222,Regular Customer,0,0,0.0,Low Risk
17702.0,31,9,2911.79,4,4,5,445,VIP Customer,0,0,0.0,Low Risk
17703.0,36,4,1094.84,4,3,3,433,Regular Customer,0,0,0.0,Low Risk
17704.0,169,2,885.19,3,2,3,323,Regular Customer,0,0,0.0,Low Risk
17705.0,4,12,2041.5,5,5,4,554,VIP Customer,0,0,0.0,Low Risk
17706.0,5,43,19543.9,5,5,5,555,VIP Customer,0,0,0.0,Low Risk
17707.0,186,9,605.0500000000001,3,4,3,343,Loyal Customer,0,0,0.0,Low Risk
17708.0,188,4,887.9300000000001,3,3,3,333,Regular Customer,0,0,0.0,Low Risk
17709.0,170,5,671.01,3,4,3,343,Loyal Customer,0,0,0.0,Low Risk
17710.0,424,1,293.5,1,2,2,122,Regular Customer,0,0,0.0,Low Risk
17711.0,11,2,385.1,5,2,2,522,Recent Customer,0,0,0.0,Low Risk
17712.0,45,1,522.91,4,2,2,422,Recent Customer,0,0,0.0,Low Risk
17713.0,383,4,1198.09,2,3,4,234,At Risk,1,1,1.0,High Risk
17714.0,321,9,1376.58,2,4,4,244,At Risk,1,1,1.0,High Risk
17715.0,201,2,489.6,2,2,2,222,Regular Customer,0,0,0.0,Low Risk
17716.0,23,27,15671.32,4,5,5,455,VIP Customer,0,0,0.0,Low Risk
17717.0,422,1,376.92,1,2,2,122,Regular Customer,0,0,0.0,Low Risk
17718.0,233,3,386.98,2,3,2,232,At Risk,1,1,1.0,High Risk
17719.0,38,18,5367.8,4,5,5,455,VIP Customer,0,0,0.0,Low Risk
17720.0,27,12,2715.06,4,5,4,454,VIP Customer,0,0,0.0,Low Risk
17721.0,660,1,307.21000000000004,1,2,2,122,Regular Customer,0,0,0.0,Low Risk
17722.0,97,7,4386.96,3,4,5,345,Loyal Customer,0,0,0.0,Low Risk
17723.0,128,7,3378.4000000000005,3,4,5,345,Loyal Customer,0,0,0.0,Low Risk
17724.0,58,4,995.65,4,3,3,433,Regular Customer,0,0,0.0,Low Risk
17725.0,17,14,3371.13,5,5,5,555,VIP Customer,0,0,0.0,Low Risk
17726.0,396,8,1089.56,2,4,3,243,At Risk,1,1,1.0,High Risk
17727.0,10,2,1042.55,5,2,3,523,Recent Customer,0,0,0.0,Low Risk
17728.0,4,8,3861.13,5,4,5,545,VIP Customer,0,0,0.0,Low Risk
17729.0,597,1,438.65,1,2,2,122,Regular Customer,0,0,0.0,Low Risk
17730.0,4,23,7757.35,5,5,5,555,VIP Customer,0,0,0.0,Low Risk
17731.0,80,7,1347.08,3,4,4,344,Loyal Customer,0,0,0.0,Low Risk
17732.0,373,10,2448.14,2,5,4,254,At Risk,1,1,1.0,High Risk
17733.0,39,2,692.19,4,2,3,423,Recent Customer,0,0,0.0,Low Risk
17734.0,54,6,1442.32,4,4,4,444,VIP Customer,0,0,0.0,Low Risk
17735.0,3,29,17162.58,5,5,5,555,VIP Customer,0,0,0.0,Low Risk
17736.0,10,4,337.49,5,3,2,532,Regular Customer,0,0,0.0,Low Risk
17737.0,10,2,168.24,5,2,1,521,Recent Customer,0,0,0.0,Low Risk
17738.0,20,15,4145.36,4,5,5,455,VIP Customer,0,0,0.0,Low Risk
17739.0,12,20,7718.14,5,5,5,555,VIP Customer,0,0,0.0,Low Risk
17740.0,390,6,426.9,2,4,2,242,At Risk,1,1,1.0,High Risk
17741.0,407,2,101.1,2,2,1,221,Regular Customer,0,0,0.0,Low Risk
17742.0,114,11,2098.48,3,5,4,354,Loyal Customer,0,0,0.0,Low Risk
17743.0,443,2,208.85,1,2,1,121,Regular Customer,0,0,0.0,Low Risk
17744.0,4,8,2617.82,5,4,4,544,VIP Customer,0,0,0.0,Low Risk
17745.0,478,2,600.34,1,2,3,123,Regular Customer,0,0,0.0,Low Risk
17746.0,235,7,873.4300000000001,2,4,3,243,At Risk,1,1,1.0,High Risk
17747.0,101,2,64.65,3,2,1,321,Regular Customer,0,0,0.0,Low Risk
17748.0,528,1,358.15,1,2,2,122,Regular Customer,0,0,0.0,Low Risk
17749.0,179,3,1026.18,3,3,3,333,Regular Customer,0,0,0.0,Low Risk
17750.0,6,9,1797.57,5,4,4,544,VIP Customer,0,0,0.0,Low Risk
17751.0,422,1,157.86,1,2,1,121,Regular Customer,0,0,0.0,Low Risk
17752.0,360,1,80.64,2,2,1,221,Regular Customer,0,0,0.0,Low Risk
17753.0,465,5,388.06,1,4,2,142,At Risk,1,1,1.0,High Risk
17754.0,1,16,4509.39,5,5,5,555,VIP Customer,0,0,0.0,Low Risk
17755.0,425,1,-72.23,1,2,1,121,Regular Customer,0,0,0.0,Low Risk
17756.0,376,3,733.7,2,3,3,233,At Risk,1,1,1.0,High Risk
17757.0,2,60,9342.84,5,5,5,555,VIP Customer,0,0,0.0,Low Risk
17758.0,20,12,5012.53,4,5,5,455,VIP Customer,0,0,0.0,Low Risk
17759.0,18,5,1276.91,5,4,4,544,VIP Customer,0,0,0.0,Low Risk
17760.0,22,7,911.68,4,4,3,443,Loyal Customer,0,0,0.0,Low Risk
17761.0,33,1,712.78,4,2,3,423,Recent Customer,0,0,0.0,Low Risk
17762.0,457,1,129.75,1,2,1,121,Regular Customer,0,0,0.0,Low Risk
17763.0,264,5,51.15,2,4,1,241,At Risk,1,1,1.0,High Risk
17764.0,51,5,1623.64,4,4,4,444,VIP Customer,0,0,0.0,Low Risk
17765.0,159,4,530.8,3,3,2,332,Regular Customer,0,0,0.0,Low Risk
17766.0,382,2,299.61,2,2,2,222,Regular Customer,0,0,0.0,Low Risk
17767.0,16,2,413.05,5,2,2,522,Recent Customer,0,0,0.0,Low Risk
17768.0,9,8,3504.56,5,4,5,545,VIP Customer,0,0,0.0,Low Risk
17769.0,13,21,6994.66,5,5,5,555,VIP Customer,0,0,0.0,Low Risk
17770.0,199,5,1143.27,2,4,3,243,At Risk,1,1,1.0,High Risk
17771.0,57,4,387.41,4,3,2,432,Regular Customer,0,0,0.0,Low Risk
17772.0,11,3,384.77,5,3,2,532,Regular Customer,0,0,0.0,Low Risk
17773.0,515,2,585.27,1,2,3,123,Regular Customer,0,0,0.0,Low Risk
17774.0,97,13,2945.7,3,5,5,355,Loyal Customer,0,0,0.0,Low Risk
17775.0,255,1,56.4,2,2,1,221,Regular Customer,0,0,0.0,Low Risk
17776.0,387,3,331.81,2,3,2,232,At Risk,1,1,1.0,High Risk
17777.0,25,3,665.86,4,3,3,433,Regular Customer,0,0,0.0,Low Risk
17778.0,662,1,197.7,1,2,1,121,Regular Customer,0,0,0.0,Low Risk
17779.0,22,5,642.17,4,4,3,443,Loyal Customer,0,0,0.0,Low Risk
17780.0,668,3,352.91,1,3,2,132,At Risk,1,1,1.0,High Risk
17781.0,160,2,188.02,3,2,1,321,Regular Customer,0,0,0.0,Low Risk
17782.0,383,2,679.02,2,2,3,223,Regular Customer,0,0,0.0,Low Risk
17783.0,73,3,379.91,3,3,2,332,Regular Customer,0,0,0.0,Low Risk
17784.0,551,1,112.86,1,2,1,121,Regular Customer,0,0,0.0,Low Risk
17785.0,54,3,403.38,4,3,2,432,Regular Customer,0,0,0.0,Low Risk
17786.0,86,2,278.74,3,2,2,322,Regular Customer,0,0,0.0,Low Risk
17787.0,153,4,2601.4700000000003,3,3,4,334,Regular Customer,0,0,0.0,Low Risk
17788.0,74,2,1117.9,3,2,3,323,Regular Customer,0,0,0.0,Low Risk
17789.0,282,2,397.15,2,2,2,222,Regular Customer,0,0,0.0,Low Risk
17790.0,27,20,2783.61,4,5,4,454,VIP Customer,0,0,0.0,Low Risk
17791.0,30,1,106.1,4,2,1,421,Recent Customer,0,0,0.0,Low Risk
17792.0,468,2,370.05,1,2,2,122,Regular Customer,0,0,0.0,Low Risk
17793.0,26,1,323.04,4,2,2,422,Recent Customer,0,0,0.0,Low Risk
17794.0,687,2,147.3,1,2,1,121,Regular Customer,0,0,0.0,Low Risk
17795.0,180,2,350.39,3,2,2,322,Regular Customer,0,0,0.0,Low Risk
17796.0,41,7,1361.99,4,4,4,444,VIP Customer,0,0,0.0,Low Risk
17797.0,23,8,1985.87,4,4,4,444,VIP Customer,0,0,0.0,Low Risk
17798.0,582,1,183.09,1,2,1,121,Regular Customer,0,0,0.005,Low Risk
17799.0,23,23,6216.74,4,5,5,455,VIP Customer,0,0,0.0,Low Risk
17800.0,38,9,1199.01,4,4,4,444,VIP Customer,0,0,0.0,Low Risk
17801.0,452,4,795.78,1,3,3,133,At Risk,1,1,1.0,High Risk
17802.0,83,16,4915.84,3,5,5,355,Loyal Customer,0,0,0.0,Low Risk
17803.0,393,1,184.66,2,2,1,221,Regular Customer,0,0,0.0,Low Risk
17804.0,377,4,380.13,2,3,2,232,At Risk,1,1,1.0,High Risk
17805.0,74,2,927.03,3,2,3,323,Regular Customer,0,0,0.0,Low Risk
17806.0,12,1,546.04,5,2,2,522,Recent Customer,0,0,0.0,Low Risk
17807.0,396,3,437.87,2,3,2,232,At Risk,1,1,1.0,High Risk
17808.0,549,4,262.64,1,3,2,132,At Risk,1,1,1.0,High Risk
17809.0,17,24,10498.85,5,5,5,555,VIP Customer,0,0,0.0,Low Risk
17810.0,669,3,344.86,1,3,2,132,At Risk,1,1,1.0,High Risk
17811.0,5,60,9448.53,5,5,5,555,VIP Customer,0,0,0.0,Low Risk
17812.0,13,7,1165.89,5,4,3,543,Loyal Customer,0,0,0.0,Low Risk
17813.0,15,7,1714.6,5,4,4,544,VIP Customer,0,0,0.0,Low Risk
17814.0,376,2,1617.32,2,2,4,224,Regular Customer,0,0,0.0,Low Risk
17815.0,394,1,591.96,2,2,3,223,Regular Customer,0,0,0.0,Low Risk
17816.0,37,6,112.32,4,4,1,441,Loyal Customer,0,0,0.01,Low Risk
17817.0,5,7,801.15,5,4,3,543,Loyal Customer,0,0,0.0,Low Risk
17818.0,738,1,130.18,1,2,1,121,Regular Customer,0,0,0.0,Low Risk
17819.0,72,13,6568.719999999999,3,5,5,355,Loyal Customer,0,0,0.0,Low Risk
17820.0,192,3,159.51,2,3,1,231,At Risk,1,1,1.0,High Risk
17821.0,407,1,334.62,2,2,2,222,Regular Customer,0,0,0.0,Low Risk
17822.0,421,5,2188.5,1,4,4,144,At Risk,1,1,1.0,High Risk
17823.0,422,2,494.25,1,2,2,122,Regular Customer,0,0,0.0,Low Risk
17824.0,52,1,298.4,4,2,2,422,Recent Customer,0,0,0.0,Low Risk
17825.0,599,4,731.96,1,3,3,133,At Risk,1,1,1.0,High Risk
17826.0,375,1,134.59,2,2,1,221,Regular Customer,0,0,0.0,Low Risk
17827.0,6,7,2381.3,5,4,4,544,VIP Customer,0,0,0.0,Low Risk
17828.0,9,9,1599.97,5,4,4,544,VIP Customer,0,0,0.0,Low Risk
17829.0,299,6,4680.42,2,4,5,245,At Risk,1,1,1.0,High Risk
17830.0,2,3,398.7,5,3,2,532,Regular Customer,0,0,0.0,Low Risk
17831.0,34,1,35.400000000000006,4,2,1,421,Recent Customer,0,0,0.0,Low Risk
17832.0,50,1,155.37,4,2,1,421,Recent Customer,0,0,0.0,Low Risk
17833.0,724,1,342.36,1,2,2,122,Regular Customer,0,0,0.0,Low Risk
17834.0,415,2,730.47,1,2,3,123,Regular Customer,0,0,0.0,Low Risk
17835.0,3,3,350.64,5,3,2,532,Regular Customer,0,0,0.0,Low Risk
17836.0,48,1,110.21,4,2,1,421,Recent Customer,0,0,0.0,Low Risk
17837.0,43,10,1560.53,4,5,4,454,VIP Customer,0,0,0.0,Low Risk
17838.0,27,15,6239.55,4,5,5,455,VIP Customer,0,0,0.0,Low Risk
17839.0,43,1,338.8,4,2,2,422,Recent Customer,0,0,0.0,Low Risk
17840.0,444,1,185.72,1,2,1,121,Regular Customer,0,0,0.0,Low Risk
17841.0,2,289,69516.19,5,5,5,555,VIP Customer,0,0,0.0,Low Risk
17842.0,603,1,430.69,1,2,2,122,Regular Customer,0,0,0.0,Low Risk
17843.0,304,2,326.23,2,2,2,222,Regular Customer,0,0,0.0,Low Risk
17844.0,107,1,51.56,3,2,1,321,Regular Customer,0,0,0.0,Low Risk
17845.0,556,4,598.19,1,3,3,133,At Risk,1,1,1.0,High Risk
17846.0,86,1,2033.1,3,2,4,324,Regular Customer,0,0,0.0,Low Risk
17847.0,516,2,129.69,1,2,1,121,Regular Customer,0,0,0.0,Low Risk
17848.0,82,31,3638.15,3,5,5,355,Loyal Customer,0,0,0.0,Low Risk
17849.0,219,8,1063.76,2,4,3,243,At Risk,1,1,1.0,High Risk
17850.0,303,159,55703.130000000005,2,5,5,255,At Risk,1,1,1.0,High Risk
17851.0,423,6,1563.34,1,4,4,144,At Risk,1,1,1.0,High Risk
17852.0,12,5,663.21,5,4,3,543,Loyal Customer,0,0,0.0,Low Risk
17853.0,408,3,1608.19,2,3,4,234,At Risk,1,1,1.0,High Risk
17854.0,186,6,1071.45,3,4,3,343,Loyal Customer,0,0,0.0,Low Risk
17855.0,373,1,417.94,2,2,2,222,Regular Customer,0,0,0.0,Low Risk
17856.0,2,6,1393.79,5,4,4,544,VIP Customer,0,0,0.0,Low Risk
17857.0,4,26,28566.54,5,5,5,555,VIP Customer,0,0,0.0,Low Risk
17858.0,6,32,12723.3,5,5,5,555,VIP Customer,0,0,0.0,Low Risk
17859.0,305,1,148.21,2,2,1,221,Regular Customer,0,0,0.0,Low Risk
17860.0,369,4,1015.54,2,3,3,233,At Risk,1,1,1.0,High Risk
17861.0,4,22,5064.59,5,5,5,555,VIP Customer,0,0,0.0,Low Risk
17862.0,324,4,1279.09,2,3,4,234,At Risk,1,1,1.0,High Risk
17863.0,60,12,5745.2,3,5,5,355,Loyal Customer,0,0,0.0,Low Risk
17864.0,13,5,924.32,5,4,3,543,Loyal Customer,0,0,0.0,Low Risk
17865.0,31,62,25649.05,4,5,5,455,VIP Customer,0,0,0.0,Low Risk
17866.0,143,4,1131.0,3,3,3,333,Regular Customer,0,0,0.0,Low Risk
17867.0,31,20,895.78,4,5,3,453,Loyal Customer,0,0,0.0,Low Risk
17868.0,387,1,234.65,2,2,1,221,Regular Customer,0,0,0.0,Low Risk
17869.0,108,7,1036.16,3,4,3,343,Loyal Customer,0,0,0.0,Low Risk
17870.0,3,14,3103.2,5,5,5,555,VIP Customer,0,0,0.0,Low Risk
17871.0,205,5,1118.99,2,4,3,243,At Risk,1,1,1.0,High Risk
17872.0,382,1,235.87,2,2,1,221,Regular Customer,0,0,0.0,Low Risk
17873.0,81,20,6229.56,3,5,5,355,Loyal Customer,0,0,0.0,Low Risk
17874.0,186,7,658.26,3,4,3,343,Loyal Customer,0,0,0.0,Low Risk
17875.0,689,1,167.1,1,2,1,121,Regular Customer,0,0,0.0,Low Risk
17876.0,400,3,3424.02,2,3,5,235,At Risk,1,1,1.0,High Risk
17877.0,171,1,237.61,3,2,1,321,Regular Customer,0,0,0.0,Low Risk
17878.0,44,3,1412.33,4,3,4,434,Regular Customer,0,0,0.0,Low Risk
17879.0,174,1,178.51999999999998,3,2,1,321,Regular Customer,0,0,0.0,Low Risk
17880.0,365,3,824.9200000000001,2,3,3,233,At Risk,1,1,1.0,High Risk
17881.0,305,1,133.35000000000002,2,2,1,221,Regular Customer,0,0,0.0,Low Risk
17882.0,380,2,313.46,2,2,2,222,Regular Customer,0,0,0.0,Low Risk
17883.0,4,8,979.95,5,4,3,543,Loyal Customer,0,0,0.0,Low Risk
17884.0,4,23,3028.89,5,5,5,555,VIP Customer,0,0,0.0,Low Risk
17885.0,13,1,190.19,5,2,1,521,Recent Customer,0,0,0.0,Low Risk
17886.0,32,7,1598.43,4,4,4,444,VIP Customer,0,0,0.0,Low Risk
17887.0,130,1,111.35,3,2,1,321,Regular Customer,0,0,0.0,Low Risk
17888.0,19,31,1318.9,5,5,4,554,VIP Customer,0,0,0.0,Low Risk
17889.0,213,7,774.87,2,4,3,243,At Risk,1,1,1.0,High Risk
17890.0,323,2,602.09,2,2,3,223,Regular Customer,0,0,0.0,Low Risk
17891.0,163,1,203.86,3,2,1,321,Regular Customer,0,0,0.0,Low Risk
17892.0,57,3,244.1,4,3,1,431,Regular Customer,0,0,0.0,Low Risk
17893.0,226,1,112.25,2,2,1,221,Regular Customer,0,0,0.0,Low Risk
17894.0,72,20,2397.66,3,5,4,354,Loyal Customer,0,0,0.0,Low Risk
17895.0,45,1,98.0,4,2,1,421,Recent Customer,0,0,0.0,Low Risk
17896.0,24,1,256.32,4,2,1,421,Recent Customer,0,0,0.0,Low Risk
17897.0,173,10,2534.0,3,5,4,354,Loyal Customer,0,0,0.0,Low Risk
17898.0,86,4,299.18,3,3,2,332,Regular Customer,0,0,0.0,Low Risk
17899.0,160,1,155.8,3,2,1,321,Regular Customer,0,0,0.0,Low Risk
17900.0,165,4,15.0,3,3,1,331,Regular Customer,0,0,0.01,Low Risk
17901.0,30,3,260.08,4,3,2,432,Regular Customer,0,0,0.0,Low Risk
17902.0,547,1,216.4,1,2,1,121,Regular Customer,0,0,0.0,Low Risk
17903.0,395,1,381.09,2,2,2,222,Regular Customer,0,0,0.0,Low Risk
17904.0,22,2,178.92,4,2,1,421,Recent Customer,0,0,0.0,Low Risk
17905.0,72,14,2374.22,3,5,4,354,Loyal Customer,0,0,0.0,Low Risk
17906.0,248,1,72.9,2,2,1,221,Regular Customer,0,0,0.0,Low Risk
17907.0,641,1,291.76,1,2,2,122,Regular Customer,0,0,0.0,Low Risk
17908.0,374,7,1357.89,2,4,4,244,At Risk,1,1,1.0,High Risk
17909.0,738,1,132.55,1,2,1,121,Regular Customer,0,0,0.0,Low Risk
17910.0,727,1,261.7,1,2,2,122,Regular Customer,0,0,0.0,Low Risk
17911.0,10,1,366.23,5,2,2,522,Recent Customer,0,0,0.0,Low Risk
17912.0,311,7,360.1,2,4,2,242,At Risk,1,1,1.0,High Risk
17913.0,59,14,3479.64,4,5,5,455,VIP Customer,0,0,0.0,Low Risk
17914.0,4,1,336.43,5,2,2,522,Recent Customer,0,0,0.0,Low Risk
17915.0,552,1,242.13,1,2,1,121,Regular Customer,0,0,0.0,Low Risk
17916.0,629,2,43.87,1,2,1,121,Regular Customer,0,0,0.0,Low Risk
17917.0,46,3,341.28,4,3,2,432,Regular Customer,0,0,0.0,Low Risk
17918.0,501,3,396.39,1,3,2,132,At Risk,1,1,1.0,High Risk
17919.0,89,2,1840.32,3,2,4,324,Regular Customer,0,0,0.0,Low Risk
17920.0,5,56,24509.91,5,5,5,555,VIP Customer,0,0,0.0,Low Risk
17921.0,65,12,2383.35,3,5,4,354,Loyal Customer,0,0,0.0,Low Risk
17922.0,544,1,170.4,1,2,1,121,Regular Customer,0,0,0.0,Low Risk
17923.0,283,3,497.0,2,3,2,232,At Risk,1,1,1.0,High Risk
17924.0,2,14,3445.28,5,5,5,555,VIP Customer,0,0,0.0,Low Risk
17925.0,373,1,488.16,2,2,2,222,Regular Customer,0,0,0.0,Low Risk
17926.0,134,5,1035.49,3,4,3,343,Loyal Customer,0,0,0.0,Low Risk
17927.0,722,1,294.0,1,2,2,122,Regular Customer,0,0,0.0,Low Risk
17928.0,46,3,341.24,4,3,2,432,Regular Customer,0,0,0.0,Low Risk
17929.0,12,13,3073.6,5,5,5,555,VIP Customer,0,0,0.0,Low Risk
17930.0,36,15,4242.92,4,5,5,455,VIP Customer,0,0,0.0,Low Risk
17931.0,135,18,3305.96,3,5,5,355,Loyal Customer,0,0,0.0,Low Risk
17932.0,30,3,1331.57,4,3,4,434,Regular Customer,0,0,0.0,Low Risk
17933.0,633,1,114.69,1,2,1,121,Regular Customer,0,0,0.0,Low Risk
17934.0,52,3,1049.15,4,3,3,433,Regular Customer,0,0,0.0,Low Risk
17935.0,139,8,655.54,3,4,3,343,Loyal Customer,0,0,0.0,Low Risk
17936.0,6,1,389.84,5,2,2,522,Recent Customer,0,0,0.0,Low Risk
17937.0,9,7,4301.22,5,4,5,545,VIP Customer,0,0,0.0,Low Risk
17938.0,421,1,144.29,1,2,1,121,Regular Customer,0,0,0.0,Low Risk
17939.0,160,1,99.14,3,2,1,321,Regular Customer,0,0,0.0,Low Risk
17940.0,50,22,26960.02,4,5,5,455,VIP Customer,0,0,0.0,Low Risk
17941.0,131,4,1433.28,3,3,4,334,Regular Customer,0,0,0.0,Low Risk
17942.0,8,1,77.50000000000001,5,2,1,521,Recent Customer,0,0,0.0,Low Risk
17943.0,680,1,-165.03,1,2,1,121,Regular Customer,0,0,0.0,Low Risk
17944.0,424,1,75.41,1,2,1,121,Regular Customer,0,0,0.0,Low Risk
17945.0,697,3,360.35,1,3,2,132,At Risk,1,1,1.0,High Risk
17946.0,234,2,149.57999999999998,2,2,1,221,Regular Customer,0,0,0.0,Low Risk
17947.0,38,1,176.68,4,2,1,421,Recent Customer,0,0,0.0,Low Risk
17948.0,148,1,358.56000000000006,3,2,2,322,Regular Customer,0,0,0.0,Low Risk
17949.0,2,138,98895.59,5,5,5,555,VIP Customer,0,0,0.0,Low Risk
17950.0,73,8,1412.65,3,4,4,344,Loyal Customer,0,0,0.0,Low Risk
17951.0,40,5,1618.38,4,4,4,444,VIP Customer,0,0,0.0,Low Risk
17952.0,379,4,819.61,2,3,3,233,At Risk,1,1,1.0,High Risk
17953.0,541,1,160.82,1,2,1,121,Regular Customer,0,0,0.0,Low Risk
17954.0,6,26,3831.56,5,5,5,555,VIP Customer,0,0,0.0,Low Risk
17955.0,199,6,949.9,2,4,3,243,At Risk,1,1,1.0,High Risk
17956.0,250,1,12.75,2,2,1,221,Regular Customer,0,0,0.0,Low Risk
17957.0,67,1,111.68,3,2,1,321,Regular Customer,0,0,0.0,Low Risk
17958.0,117,2,973.88,3,2,3,323,Regular Customer,0,0,0.0,Low Risk
17959.0,593,1,140.75,1,2,1,121,Regular Customer,0,0,0.0,Low Risk
17960.0,172,3,135.08,3,3,1,331,Regular Customer,0,0,0.005,Low Risk
17961.0,22,102,2979.09,4,5,5,455,VIP Customer,0,0,0.0,Low Risk
17962.0,143,5,673.02,3,4,3,343,Loyal Customer,0,0,0.0,Low Risk
17963.0,472,4,651.51,1,3,3,133,At Risk,1,1,1.0,High Risk
17964.0,32,2,733.46,4,2,3,423,Recent Customer,0,0,0.0,Low Risk
17965.0,38,33,7117.78,4,5,5,455,VIP Customer,0,0,0.0,Low Risk
17966.0,38,10,1974.42,4,5,4,454,VIP Customer,0,0,0.0,Low Risk
17967.0,372,2,357.29,2,2,2,222,Regular Customer,0,0,0.0,Low Risk
17968.0,374,4,888.04,2,3,3,233,At Risk,1,1,1.0,High Risk
17969.0,167,27,2251.19,3,5,4,354,Loyal Customer,0,0,0.0,Low Risk
17970.0,212,1,582.59,2,2,2,222,Regular Customer,0,0,0.0,Low Risk
17971.0,549,1,161.94,1,2,1,121,Regular Customer,0,0,0.0,Low Risk
17972.0,242,1,136.04,2,2,1,221,Regular Customer,0,0,0.0,Low Risk
17973.0,52,1,337.04,4,2,2,422,Recent Customer,0,0,0.0,Low Risk
17974.0,25,6,1858.06,4,4,4,444,VIP Customer,0,0,0.0,Low Risk
17975.0,16,26,6927.68,5,5,5,555,VIP Customer,0,0,0.0,Low Risk
17976.0,373,1,706.38,2,2,3,223,Regular Customer,0,0,0.0,Low Risk
17977.0,30,3,1507.73,4,3,4,434,Regular Customer,0,0,0.0,Low Risk
17978.0,366,4,1461.76,2,3,4,234,At Risk,1,1,1.0,High Risk
17979.0,36,5,737.81,4,4,3,443,Loyal Customer,0,0,0.0,Low Risk
17980.0,166,4,1033.42,3,3,3,333,Regular Customer,0,0,0.0,Low Risk
17981.0,411,1,239.12,2,2,1,221,Regular Customer,0,0,0.0,Low Risk
17982.0,681,1,138.18,1,2,1,121,Regular Customer,0,0,0.0,Low Risk
17983.0,396,1,171.71,2,2,1,221,Regular Customer,0,0,0.0,Low Risk
17984.0,146,5,1191.27,3,4,4,344,Loyal Customer,0,0,0.0,Low Risk
17985.0,23,1,634.95,4,2,3,423,Recent Customer,0,0,0.0,Low Risk
17986.0,57,1,20.8,4,2,1,421,Recent Customer,0,0,0.0,Low Risk
17987.0,186,6,928.12,3,4,3,343,Loyal Customer,0,0,0.0,Low Risk
17988.0,12,15,479.59,5,5,2,552,Loyal Customer,0,0,0.0,Low Risk
17989.0,380,1,228.83,2,2,1,221,Regular Customer,0,0,0.0,Low Risk
17990.0,237,7,1522.5700000000002,2,4,4,244,At Risk,1,1,1.0,High Risk
17991.0,226,3,320.55,2,3,2,232,At Risk,1,1,1.0,High Risk
17992.0,390,1,254.13,2,2,1,221,Regular Customer,0,0,0.0,Low Risk
17993.0,618,1,235.19,1,2,1,121,Regular Customer,0,0,0.0,Low Risk
17994.0,122,14,2262.87,3,5,4,354,Loyal Customer,0,0,0.0,Low Risk
17995.0,282,3,495.48,2,3,2,232,At Risk,1,1,1.0,High Risk
17996.0,380,3,482.33,2,3,2,232,At Risk,1,1,1.0,High Risk
17997.0,75,12,1511.3,3,5,4,354,Loyal Customer,0,0,0.0,Low Risk
17998.0,381,4,601.74,2,3,3,233,At Risk,1,1,1.0,High Risk
17999.0,38,3,730.9,4,3,3,433,Regular Customer,0,0,0.0,Low Risk
18000.0,565,1,124.25,1,2,1,121,Regular Customer,0,0,0.0,Low Risk
18001.0,13,6,953.84,5,4,3,543,Loyal Customer,0,0,0.0,Low Risk
18002.0,376,4,249.92,2,3,1,231,At Risk,1,1,1.0,High Risk
18003.0,377,1,358.61,2,2,2,222,Regular Customer,0,0,0.0,Low Risk
18004.0,363,1,169.47,2,2,1,221,Regular Customer,0,0,0.0,Low Risk
18005.0,4,2,249.72,5,2,1,521,Recent Customer,0,0,0.0,Low Risk
18006.0,24,4,997.86,4,3,3,433,Regular Customer,0,0,0.0,Low Risk
18007.0,393,1,220.32,2,2,1,221,Regular Customer,0,0,0.0,Low Risk
18008.0,71,23,19787.13,3,5,5,355,Loyal Customer,0,0,0.0,Low Risk
18009.0,236,14,2077.08,2,5,4,254,At Risk,1,1,1.0,High Risk
18010.0,257,1,174.8,2,2,1,221,Regular Customer,0,0,0.0,Low Risk
18011.0,374,2,527.03,2,2,2,222,Regular Customer,0,0,0.0,Low Risk
18012.0,724,1,115.3,1,2,1,121,Regular Customer,0,0,0.0,Low Risk
18013.0,156,2,187.29,3,2,1,321,Regular Customer,0,0,0.0,Low Risk
18014.0,29,1,166.42,4,2,1,421,Recent Customer,0,0,0.0,Low Risk
18015.0,5,1,120.03,5,2,1,521,Recent Customer,0,0,0.0,Low Risk
18016.0,33,7,1960.46,4,4,4,444,VIP Customer,0,0,0.0,Low Risk
18017.0,82,4,688.0,3,3,3,333,Regular Customer,0,0,0.0,Low Risk
18018.0,109,5,156.69,3,4,1,341,Loyal Customer,0,0,0.005,Low Risk
18019.0,52,1,38.45,4,2,1,421,Recent Customer,0,0,0.0,Low Risk
18020.0,544,2,129.28,1,2,1,121,Regular Customer,0,0,0.0,Low Risk
18021.0,510,2,227.06,1,2,1,121,Regular Customer,0,0,0.0,Low Risk
18022.0,36,5,1651.79,4,4,4,444,VIP Customer,0,0,0.0,Low Risk
18023.0,541,1,-3248.86,1,2,1,121,Regular Customer,0,0,0.0,Low Risk
18024.0,153,3,236.78,3,3,1,331,Regular Customer,0,0,0.0,Low Risk
18025.0,380,6,1177.72,2,4,3,243,At Risk,1,1,1.0,High Risk
18026.0,501,2,2074.07,1,2,4,124,Regular Customer,0,0,0.0,Low Risk
18027.0,99,1,115.31,3,2,1,321,Regular Customer,0,0,0.0,Low Risk
18028.0,584,1,192.05,1,2,1,121,Regular Customer,0,0,0.005,Low Risk
18029.0,643,1,433.77,1,2,2,122,Regular Customer,0,0,0.0,Low Risk
18030.0,5,3,220.7,5,3,1,531,Regular Customer,0,0,0.0,Low Risk
18031.0,379,1,462.1,2,2,2,222,Regular Customer,0,0,0.0,Low Risk
18032.0,335,1,73.5,2,2,1,221,Regular Customer,0,0,0.0,Low Risk
18033.0,66,1,97.97,3,2,1,321,Regular Customer,0,0,0.0,Low Risk
18034.0,22,3,793.7,4,3,3,433,Regular Customer,0,0,0.0,Low Risk
18035.0,36,5,1276.74,4,4,4,444,VIP Customer,0,0,0.0,Low Risk
18036.0,33,11,1563.64,4,5,4,454,VIP Customer,0,0,0.0,Low Risk
18037.0,155,15,167.42,3,5,1,351,Loyal Customer,0,0,0.02,Low Risk
18038.0,557,1,149.41,1,2,1,121,Regular Customer,0,0,0.0,Low Risk
18039.0,375,4,579.17,2,3,2,232,At Risk,1,1,1.0,High Risk
18040.0,20,2,357.20000000000005,4,2,2,422,Recent Customer,0,0,0.0,Low Risk
18041.0,12,40,8669.65,5,5,5,555,VIP Customer,0,0,0.0,Low Risk
18042.0,54,2,281.15,4,2,2,422,Recent Customer,0,0,0.0,Low Risk
18043.0,25,3,875.97,4,3,3,433,Regular Customer,0,0,0.0,Low Risk
18044.0,5,19,3502.66,5,5,5,555,VIP Customer,0,0,0.0,Low Risk
18045.0,46,1,189.4,4,2,1,421,Recent Customer,0,0,0.0,Low Risk
18046.0,650,1,189.63,1,2,1,121,Regular Customer,0,0,0.0,Low Risk
18047.0,382,2,342.69,2,2,2,222,Regular Customer,0,0,0.0,Low Risk
18048.0,204,3,401.73,2,3,2,232,At Risk,1,1,0.995,High Risk
18049.0,438,2,556.52,1,2,2,122,Regular Customer,0,0,0.0,Low Risk
18050.0,360,2,412.06,2,2,2,222,Regular Customer,0,0,0.0,Low Risk
18051.0,635,8,2275.98,1,4,4,144,At Risk,1,1,0.995,High Risk
18052.0,565,1,10877.18,1,2,5,125,Regular Customer,0,0,0.0,Low Risk
18053.0,67,6,527.77,3,4,2,342,Loyal Customer,0,0,0.0,Low Risk
18054.0,393,1,176.5,2,2,1,221,Regular Customer,0,0,0.0,Low Risk
18055.0,8,15,11163.52,5,5,5,555,VIP Customer,0,0,0.0,Low Risk
18056.0,289,3,539.75,2,3,2,232,At Risk,1,1,1.0,High Risk
18057.0,394,3,1203.56,2,3,4,234,At Risk,1,1,1.0,High Risk
18058.0,10,3,774.06,5,3,3,533,Regular Customer,0,0,0.0,Low Risk
18059.0,10,4,296.71,5,3,2,532,Regular Customer,0,0,0.0,Low Risk
18060.0,409,2,1185.46,2,2,4,224,Regular Customer,0,0,0.0,Low Risk
18061.0,22,29,6480.47,4,5,5,455,VIP Customer,0,0,0.0,Low Risk
18062.0,174,9,1523.37,3,4,4,344,Loyal Customer,0,0,0.0,Low Risk
18063.0,391,2,186.6,2,2,1,221,Regular Customer,0,0,0.0,Low Risk
18064.0,134,15,4441.18,3,5,5,355,Loyal Customer,0,0,0.0,Low Risk
18065.0,6,32,5836.88,5,5,5,555,VIP Customer,0,0,0.0,Low Risk
18066.0,76,3,1440.4,3,3,4,334,Regular Customer,0,0,0.0,Low Risk
18067.0,41,1,396.33,4,2,2,422,Recent Customer,0,0,0.0,Low Risk
18068.0,290,1,101.7,2,2,1,221,Regular Customer,0,0,0.0,Low Risk
18069.0,27,13,4525.71,4,5,5,455,VIP Customer,0,0,0.0,Low Risk
18070.0,670,2,307.75,1,2,2,122,Regular Customer,0,0,0.0,Low Risk
18071.0,258,6,1428.63,2,4,4,244,At Risk,1,1,1.0,High Risk
18072.0,156,2,-5.3290705182007506e-15,3,2,1,321,Regular Customer,0,0,0.0,Low Risk
18073.0,115,13,3864.44,3,5,5,355,Loyal Customer,0,0,0.0,Low Risk
18074.0,374,2,1509.04,2,2,4,224,Regular Customer,0,0,0.0,Low Risk
18075.0,24,31,5579.91,4,5,5,455,VIP Customer,0,0,0.0,Low Risk
18076.0,381,1,151.49,2,2,1,221,Regular Customer,0,0,0.0,Low Risk
18077.0,9,18,4338.56,5,5,5,555,VIP Customer,0,0,0.0,Low Risk
18078.0,218,4,844.6,2,3,3,233,At Risk,1,1,1.0,High Risk
18079.0,46,5,4242.75,4,4,5,445,VIP Customer,0,0,0.0,Low Risk
18080.0,19,2,1231.5,5,2,4,524,Recent Customer,0,0,0.0,Low Risk
18081.0,37,3,343.45,4,3,2,432,Regular Customer,0,0,0.0,Low Risk
18082.0,26,1,703.37,4,2,3,423,Recent Customer,0,0,0.0,Low Risk
18083.0,398,1,470.73,2,2,2,222,Regular Customer,0,0,0.0,Low Risk
18084.0,17,5,193.73,5,4,1,541,Loyal Customer,0,0,0.0,Low Risk
18085.0,331,4,1645.75,2,3,4,234,At Risk,1,1,1.0,High Risk
18086.0,275,1,101.34,2,2,1,221,Regular Customer,0,0,0.0,Low Risk
18087.0,99,21,14411.62,3,5,5,355,Loyal Customer,0,0,0.0,Low Risk
18088.0,62,1,167.67000000000002,3,2,1,321,Regular Customer,0,0,0.0,Low Risk
18089.0,447,1,428.45,1,2,2,122,Regular Customer,0,0,0.0,Low Risk
18090.0,422,1,349.4,1,2,2,122,Regular Customer,0,0,0.0,Low Risk
18091.0,594,1,360.85,1,2,2,122,Regular Customer,0,0,0.0,Low Risk
18092.0,3,20,16173.19,5,5,5,555,VIP Customer,0,0,0.0,Low Risk
18093.0,94,9,4429.61,3,4,5,345,Loyal Customer,0,0,0.0,Low Risk
18094.0,82,15,6322.62,3,5,5,355,Loyal Customer,0,0,0.0,Low Risk
18095.0,313,5,2303.09,2,4,4,244,At Risk,1,1,1.0,High Risk
18096.0,12,6,1805.28,5,4,4,544,VIP Customer,0,0,0.0,Low Risk
18097.0,8,14,4652.17,5,5,5,555,VIP Customer,0,0,0.0,Low Risk
18098.0,397,1,550.84,2,2,2,222,Regular Customer,0,0,0.0,Low Risk
18099.0,128,1,168.31,3,2,1,321,Regular Customer,0,0,0.0,Low Risk
18100.0,551,1,451.56,1,2,2,122,Regular Customer,0,0,0.0,Low Risk
18101.0,12,5,629.16,5,4,3,543,Loyal Customer,0,0,0.0,Low Risk
18102.0,1,153,598215.22,5,5,5,555,VIP Customer,0,0,0.0,Low Risk
18103.0,550,1,105.8,1,2,1,121,Regular Customer,0,0,0.0,Low Risk
18104.0,38,1,754.64,4,2,3,423,Recent Customer,0,0,0.0,Low Risk
18105.0,38,1,113.48000000000002,4,2,1,421,Recent Customer,0,0,0.0,Low Risk
18106.0,330,6,1461.46,2,4,4,244,At Risk,1,1,1.0,High Risk
18107.0,443,1,167.13,1,2,1,121,Regular Customer,0,0,0.0,Low Risk
18108.0,249,4,842.46,2,3,3,233,At Risk,1,1,1.0,High Risk
18109.0,2,45,9754.66,5,5,5,555,VIP Customer,0,0,0.0,Low Risk
18110.0,20,3,405.18,4,3,2,432,Regular Customer,0,0,0.0,Low Risk
18111.0,584,2,398.9,1,2,2,122,Regular Customer,0,0,0.0,Low Risk
18112.0,13,4,775.96,5,3,3,533,Regular Customer,0,0,0.0,Low Risk
18113.0,369,1,152.64,2,2,1,221,Regular Customer,0,0,0.0,Low Risk
18114.0,291,1,220.1,2,2,1,221,Regular Customer,0,0,0.0,Low Risk
18115.0,698,1,9.7,1,2,1,121,Regular Customer,0,0,0.0,Low Risk
18116.0,68,13,2154.3,3,5,4,354,Loyal Customer,0,0,0.0,Low Risk
18117.0,26,1,320.72,4,2,2,422,Recent Customer,0,0,0.0,Low Risk
18118.0,11,35,6670.07,5,5,5,555,VIP Customer,0,0,0.0,Low Risk
18119.0,368,1,362.24,2,2,2,222,Regular Customer,0,0,0.0,Low Risk
18120.0,215,1,111.15,2,2,1,221,Regular Customer,0,0,0.0,Low Risk
18121.0,150,2,673.1,3,2,3,323,Regular Customer,0,0,0.0,Low Risk
18122.0,9,6,1826.21,5,4,4,544,VIP Customer,0,0,0.0,Low Risk
18123.0,25,3,684.59,4,3,3,433,Regular Customer,0,0,0.0,Low Risk
18124.0,473,1,111.53,1,2,1,121,Regular Customer,0,0,0.0,Low Risk
18125.0,30,5,1141.34,4,4,3,443,Loyal Customer,0,0,0.0,Low Risk
18126.0,61,1,206.83,3,2,1,321,Regular Customer,0,0,0.0,Low Risk
18127.0,20,4,561.53,4,3,2,432,Regular Customer,0,0,0.0,Low Risk
18128.0,538,1,420.04,1,2,2,122,Regular Customer,0,0,0.0,Low Risk
18129.0,244,1,112.55,2,2,1,221,Regular Customer,0,0,0.0,Low Risk
18130.0,9,4,1045.74,5,3,3,533,Regular Customer,0,0,0.0,Low Risk
18131.0,632,1,222.96,1,2,1,121,Regular Customer,0,0,0.0,Low Risk
18132.0,505,1,226.9,1,2,1,121,Regular Customer,0,0,0.0,Low Risk
18133.0,212,2,715.4999999999999,2,2,3,223,Regular Customer,0,0,0.0,Low Risk
18134.0,599,2,445.0,1,2,2,122,Regular Customer,0,0,0.0,Low Risk
18135.0,30,13,1229.22,4,5,4,454,VIP Customer,0,0,0.0,Low Risk
18136.0,64,9,1531.71,3,4,4,344,Loyal Customer,0,0,0.0,Low Risk
18137.0,552,2,145.99,1,2,1,121,Regular Customer,0,0,0.0,Low Risk
18138.0,296,1,152.65,2,2,1,221,Regular Customer,0,0,0.0,Low Risk
18139.0,18,8,8393.22,5,4,5,545,VIP Customer,0,0,0.0,Low Risk
18140.0,474,1,536.41,1,2,2,122,Regular Customer,0,0,0.0,Low Risk
18141.0,361,4,838.57,2,3,3,233,At Risk,1,1,1.0,High Risk
18142.0,152,4,1014.9,3,3,3,333,Regular Customer,0,0,0.0,Low Risk
18143.0,117,2,1000.16,3,2,3,323,Regular Customer,0,0,0.0,Low Risk
18144.0,8,19,5058.0,5,5,5,555,VIP Customer,0,0,0.0,Low Risk
18145.0,13,12,5600.09,5,5,5,555,VIP Customer,0,0,0.0,Low Risk
18146.0,141,2,160.35000000000002,3,2,1,321,Regular Customer,0,0,0.0,Low Risk
18147.0,46,2,179.33999999999995,4,2,1,421,Recent Customer,0,0,0.0,Low Risk
18148.0,647,1,114.1,1,2,1,121,Regular Customer,0,0,0.0,Low Risk
18149.0,51,7,1624.71,4,4,4,444,VIP Customer,0,0,0.0,Low Risk
18150.0,33,3,566.58,4,3,2,432,Regular Customer,0,0,0.0,Low Risk
18151.0,135,7,1853.94,3,4,4,344,Loyal Customer,0,0,0.0,Low Risk
18152.0,647,1,426.69,1,2,2,122,Regular Customer,0,0,0.0,Low Risk
18153.0,660,1,246.22,1,2,1,121,Regular Customer,0,0,0.0,Low Risk
18154.0,4,5,932.6,5,4,3,543,Loyal Customer,0,0,0.0,Low Risk
18155.0,76,4,347.82,3,3,2,332,Regular Customer,0,0,0.0,Low Risk
18156.0,13,2,941.17,5,2,3,523,Recent Customer,0,0,0.0,Low Risk
18157.0,572,1,215.35,1,2,1,121,Regular Customer,0,0,0.0,Low Risk
18158.0,10,3,451.75,5,3,2,532,Regular Customer,0,0,0.0,Low Risk
18159.0,302,1,530.15,2,2,2,222,Regular Customer,0,0,0.0,Low Risk
18160.0,58,3,1003.88,4,3,3,433,Regular Customer,0,0,0.0,Low Risk
18161.0,11,7,1797.2,5,4,4,544,VIP Customer,0,0,0.0,Low Risk
18162.0,733,1,379.16,1,2,2,122,Regular Customer,0,0,0.0,Low Risk
18163.0,561,2,639.34,1,2,3,123,Regular Customer,0,0,0.0,Low Risk
18164.0,32,2,394.7,4,2,2,422,Recent Customer,0,0,0.0,Low Risk
18165.0,178,1,302.46000000000004,3,2,2,322,Regular Customer,0,0,0.0,Low Risk
18166.0,624,1,175.5,1,2,1,121,Regular Customer,0,0,0.0,Low Risk
18167.0,4,6,1355.51,5,4,4,544,VIP Customer,0,0,0.0,Low Risk
18168.0,177,22,3670.12,3,5,5,355,Loyal Customer,0,0,0.0,Low Risk
18169.0,61,1,202.65,3,2,1,321,Regular Customer,0,0,0.0,Low Risk
18170.0,34,9,2878.0,4,4,5,445,VIP Customer,0,0,0.0,Low Risk
18171.0,59,11,2414.51,4,5,4,454,VIP Customer,0,0,0.0,Low Risk
18172.0,15,63,17301.83,5,5,5,555,VIP Customer,0,0,0.0,Low Risk
18173.0,87,5,2696.36,3,4,4,344,Loyal Customer,0,0,0.0,Low Risk
18174.0,8,2,162.5,5,2,1,521,Recent Customer,0,0,0.0,Low Risk
18175.0,676,1,176.1,1,2,1,121,Regular Customer,0,0,0.0,Low Risk
18176.0,354,2,448.65,2,2,2,222,Regular Customer,0,0,0.0,Low Risk
18177.0,32,10,2189.62,4,5,4,454,VIP Customer,0,0,0.0,Low Risk
18178.0,114,15,6054.49,3,5,5,355,Loyal Customer,0,0,0.0,Low Risk
18179.0,10,8,2547.55,5,4,4,544,VIP Customer,0,0,0.0,Low Risk
18180.0,5,6,1843.75,5,4,4,544,VIP Customer,0,0,0.0,Low Risk
18181.0,25,7,1184.21,4,4,3,443,Loyal Customer,0,0,0.0,Low Risk
18182.0,464,1,291.13,1,2,2,122,Regular Customer,0,0,0.0,Low Risk
18183.0,219,6,600.52,2,4,3,243,At Risk,1,1,1.0,High Risk
18184.0,16,1,49.8,5,2,1,521,Recent Customer,0,0,0.0,Low Risk
18185.0,250,1,304.25,2,2,2,222,Regular Customer,0,0,0.0,Low Risk
18186.0,723,1,329.58,1,2,2,122,Regular Customer,0,0,0.0,Low Risk
18187.0,624,3,682.19,1,3,3,133,At Risk,1,1,1.0,High Risk
18188.0,16,8,3263.19,5,4,5,545,VIP Customer,0,0,0.0,Low Risk
18189.0,78,5,1396.58,3,4,4,344,Loyal Customer,0,0,0.0,Low Risk
18190.0,193,6,735.6700000000001,2,4,3,243,At Risk,1,1,1.0,High Risk
18191.0,262,2,529.4,2,2,2,222,Regular Customer,0,0,0.0,Low Risk
18192.0,72,1,957.97,3,2,3,323,Regular Customer,0,0,0.0,Low Risk
18193.0,151,5,1155.7,3,4,3,343,Loyal Customer,0,0,0.0,Low Risk
18194.0,65,7,4084.2,3,4,5,345,Loyal Customer,0,0,0.0,Low Risk
18195.0,388,1,101.16,2,2,1,221,Regular Customer,0,0,0.0,Low Risk
18196.0,96,4,1464.31,3,3,4,334,Regular Customer,0,0,0.0,Low Risk
18197.0,514,2,221.4,1,2,1,121,Regular Customer,0,0,0.0,Low Risk
18198.0,5,21,5083.06,5,5,5,555,VIP Customer,0,0,0.0,Low Risk
18199.0,676,2,342.2,1,2,2,122,Regular Customer,0,0,0.0,Low Risk
18200.0,107,1,163.8,3,2,1,321,Regular Customer,0,0,0.0,Low Risk
18201.0,723,1,447.53,1,2,2,122,Regular Customer,0,0,0.0,Low Risk
18202.0,200,3,1396.99,2,3,4,234,At Risk,1,1,1.0,High Risk
18203.0,158,4,504.42,3,3,2,332,Regular Customer,0,0,0.0,Low Risk
18204.0,72,4,1979.3,3,3,4,334,Regular Customer,0,0,0.0,Low Risk
18205.0,37,2,517.36,4,2,2,422,Recent Customer,0,0,0.0,Low Risk
18206.0,554,1,314.66,1,2,2,122,Regular Customer,0,0,0.0,Low Risk
18207.0,494,3,505.12,1,3,2,132,At Risk,1,1,1.0,High Risk
18208.0,566,1,360.08,1,2,2,122,Regular Customer,0,0,0.0,Low Risk
18209.0,29,1,139.10000000000002,4,2,1,421,Recent Customer,0,0,0.0,Low Risk
18210.0,2,7,2768.83,5,4,4,544,VIP Customer,0,0,0.0,Low Risk
18211.0,26,5,600.07,4,4,3,443,Loyal Customer,0,0,0.0,Low Risk
18212.0,327,2,546.72,2,2,2,222,Regular Customer,0,0,0.0,Low Risk
18213.0,237,1,232.48,2,2,1,221,Regular Customer,0,0,0.0,Low Risk
18214.0,531,5,1480.99,1,4,4,144,At Risk,1,1,1.0,High Risk
18215.0,90,6,2238.99,3,4,4,344,Loyal Customer,0,0,0.0,Low Risk
18216.0,32,1,481.75,4,2,2,422,Recent Customer,0,0,0.0,Low Risk
18217.0,30,6,902.8,4,4,3,443,Loyal Customer,0,0,0.0,Low Risk
18218.0,207,6,1106.3,2,4,3,243,At Risk,1,1,1.0,High Risk
18219.0,3,19,3507.39,5,5,5,555,VIP Customer,0,0,0.0,Low Risk
18220.0,220,11,1771.7,2,5,4,254,At Risk,1,1,1.0,High Risk
18221.0,23,8,1370.34,4,4,4,444,VIP Customer,0,0,0.0,Low Risk
18222.0,93,1,443.0,3,2,2,322,Regular Customer,0,0,0.0,Low Risk
18223.0,2,52,13497.58,5,5,5,555,VIP Customer,0,0,0.0,Low Risk
18224.0,264,1,158.95000000000002,2,2,1,221,Regular Customer,0,0,0.0,Low Risk
18225.0,4,34,12650.91,5,5,5,555,VIP Customer,0,0,0.0,Low Risk
18226.0,39,38,11748.58,4,5,5,455,VIP Customer,0,0,0.0,Low Risk
18227.0,218,3,93.75,2,3,1,231,At Risk,1,1,1.0,High Risk
18228.0,51,3,769.2,4,3,3,433,Regular Customer,0,0,0.0,Low Risk
18229.0,12,28,10803.71,5,5,5,555,VIP Customer,0,0,0.0,Low Risk
18230.0,10,12,4190.71,5,5,5,555,VIP Customer,0,0,0.0,Low Risk
18231.0,193,30,6848.17,2,5,5,255,At Risk,1,1,1.0,High Risk
18232.0,82,5,582.47,3,4,2,342,Loyal Customer,0,0,0.0,Low Risk
18233.0,326,1,440.0,2,2,2,222,Regular Customer,0,0,0.0,Low Risk
18234.0,552,1,179.6,1,2,1,121,Regular Customer,0,0,0.0,Low Risk
18235.0,72,3,1796.48,3,3,4,334,Regular Customer,0,0,0.0,Low Risk
18236.0,30,12,1795.35,4,5,4,454,VIP Customer,0,0,0.0,Low Risk
18237.0,3,5,987.1,5,4,3,543,Loyal Customer,0,0,0.0,Low Risk
18238.0,516,1,270.92,1,2,2,122,Regular Customer,0,0,0.0,Low Risk
18239.0,219,6,2150.36,2,4,4,244,At Risk,1,1,1.0,High Risk
18240.0,47,1,422.58,4,2,2,422,Recent Customer,0,0,0.0,Low Risk
18241.0,10,23,2954.09,5,5,5,555,VIP Customer,0,0,0.0,Low Risk
18242.0,73,8,3605.21,3,4,5,345,Loyal Customer,0,0,0.0,Low Risk
18243.0,415,1,515.78,1,2,2,122,Regular Customer,0,0,0.0,Low Risk
18244.0,431,2,568.64,1,2,2,122,Regular Customer,0,0,0.0,Low Risk
18245.0,8,23,6236.2300000000005,5,5,5,555,VIP Customer,0,0,0.0,Low Risk
18246.0,24,3,758.8199999999999,4,3,3,433,Regular Customer,0,0,0.0,Low Risk
18247.0,410,6,721.43,2,4,3,243,At Risk,1,1,1.0,High Risk
18248.0,114,4,783.02,3,3,3,333,Regular Customer,0,0,0.0,Low Risk
18249.0,18,1,95.34,5,2,1,521,Recent Customer,0,0,0.0,Low Risk
18250.0,302,2,342.92,2,2,2,222,Regular Customer,0,0,0.0,Low Risk
18251.0,88,9,26278.86,3,4,5,345,Loyal Customer,0,0,0.005,Low Risk
18252.0,51,8,1465.59,4,4,4,444,VIP Customer,0,0,0.0,Low Risk
18253.0,643,1,317.88,1,2,2,122,Regular Customer,0,0,0.0,Low Risk
18254.0,582,1,267.9,1,2,2,122,Regular Customer,0,0,0.0,Low Risk
18255.0,90,2,303.15,3,2,2,322,Regular Customer,0,0,0.0,Low Risk
18256.0,355,2,60.6,2,2,1,221,Regular Customer,0,0,0.0,Low Risk
18257.0,40,18,4496.8,4,5,5,455,VIP Customer,0,0,0.0,Low Risk
18258.0,465,8,2040.97,1,4,4,144,At Risk,1,1,1.0,High Risk
18259.0,25,7,4318.200000000001,4,4,5,445,VIP Customer,0,0,0.0,Low Risk
18260.0,173,32,9751.95,3,5,5,355,Loyal Customer,0,0,0.005,Low Risk
18261.0,44,2,324.24,4,2,2,422,Recent Customer,0,0,0.0,Low Risk
18262.0,141,3,577.54,3,3,2,332,Regular Customer,0,0,0.0,Low Risk
18263.0,24,4,1211.08,4,3,4,434,Regular Customer,0,0,0.0,Low Risk
18264.0,499,1,603.25,1,2,3,123,Regular Customer,0,0,0.0,Low Risk
18265.0,73,2,801.51,3,2,3,323,Regular Customer,0,0,0.0,Low Risk
18266.0,435,1,251.1,1,2,1,121,Regular Customer,0,0,0.0,Low Risk
18267.0,660,2,252.87,1,2,1,121,Regular Customer,0,0,0.0,Low Risk
18268.0,135,8,1451.22,3,4,4,344,Loyal Customer,0,0,0.0,Low Risk
18269.0,359,2,307.5,2,2,2,222,Regular Customer,0,0,0.0,Low Risk
18270.0,39,4,400.35,4,3,2,432,Regular Customer,0,0,0.0,Low Risk
18271.0,610,2,680.85,1,2,3,123,Regular Customer,0,0,0.0,Low Risk
18272.0,3,11,4347.33,5,5,5,555,VIP Customer,0,0,0.0,Low Risk
18273.0,3,4,357.0,5,3,2,532,Regular Customer,0,0,0.0,Low Risk
18274.0,18,2,1.7763568394002505e-15,5,2,1,521,Recent Customer,0,0,0.0,Low Risk
18275.0,579,2,741.85,1,2,3,123,Regular Customer,0,0,0.0,Low Risk
18276.0,22,10,1620.67,4,5,4,454,VIP Customer,0,0,0.0,Low Risk
18277.0,59,8,1111.38,4,4,3,443,Loyal Customer,0,0,0.0,Low Risk
18278.0,74,2,414.2000000000001,3,2,2,322,Regular Customer,0,0,0.0,Low Risk
18279.0,520,1,231.34,1,2,1,121,Regular Customer,0,0,0.0,Low Risk
18280.0,278,3,472.4500000000001,2,3,2,232,At Risk,1,1,1.0,High Risk
18281.0,181,2,201.14,3,2,1,321,Regular Customer,0,0,0.0,Low Risk
18282.0,8,3,176.6,5,3,1,531,Regular Customer,0,0,0.0,Low Risk
18283.0,4,22,2736.65,5,5,4,554,VIP Customer,0,0,0.0,Low Risk
18284.0,430,2,436.68,1,2,2,122,Regular Customer,0,0,0.0,Low Risk
18285.0,661,1,427.0,1,2,2,122,Regular Customer,0,0,0.0,Low Risk
18286.0,477,3,1188.43,1,3,4,134,At Risk,1,1,1.0,High Risk
18287.0,43,8,4177.89,4,4,5,445,VIP Customer,0,0,0.0,Low Risk
